database_ordinal,header,units,definition,source_type,sheet,cell,original_formula,notes
1,TIN,text,Exact workbook TIN key; preserve as text. Eight-digit source keys are not silently padded.,headline_or_audit,,,,
2,NPI,text,Exact organization NPI linking workbook TIN to MSSP prospective SAS source.,headline_or_audit,,,,
3,Organization,text,Organization name from workbook TIN selection.,headline_or_audit,,,,
4,Performance year,year,"2027, supplied workbook configuration.",headline_or_audit,,,,
5,BY3 year,year,"2026, supplied workbook configuration.",headline_or_audit,,,,
6,Assignment methodology,text,"Prospective, supplied workbook configuration.",headline_or_audit,,,,
7,MSSP track,text,"ENHANCED, supplied workbook configuration.",headline_or_audit,,,,
8,BY3 aligned beneficiaries - eligibility,beneficiaries,Observed 2026 source total BENES; missing/-11 total uses treated cohort member months / 5. Inclusion >=200.,headline_or_audit,,,,
9,BY3 total treated member months,member-months,Sum of four 2026 cohort member months after user missing-value treatment.,headline_or_audit,,,,
10,Projected beneficiaries,beneficiaries,MSSP Shared Saving Losses!B7.,headline_or_audit,,,,
11,Projected person years,person-years,MSSP Shared Saving Losses!B8.,headline_or_audit,,,,
12,Projected annual expense per person year,USD/person-year,MSSP Shared Saving Losses!B19.,headline_or_audit,,,,
13,Projected annual benchmark per person year,USD/person-year,MSSP Shared Saving Losses!B20.,headline_or_audit,,,,
14,Projected expenditures,USD,MSSP Shared Saving Losses!B21.,headline_or_audit,,,,
15,Projected benchmark,USD,MSSP Shared Saving Losses!B22.,headline_or_audit,,,,
16,Gross margin before sharing,USD,Projected benchmark less projected expenditures.,headline_or_audit,,,,
17,Pre-sharing MLR,decimal fraction,Expenditures / benchmark; blank if benchmark is missing or nonpositive.,headline_or_audit,,,,
18,Shared savings - original model,USD,"MSSP Shared Saving Losses!B39, preserves original uncapped workbook formula.",headline_or_audit,,,,
19,Shared losses signed - original model,USD,"MSSP Shared Saving Losses!B40, negative when losses are payable; preserves original uncapped workbook formula.",headline_or_audit,,,,
20,Net shared result - original model,USD,"Shared savings plus signed shared losses; positive means savings, negative means payable losses.",headline_or_audit,,,,
21,Post-sharing MLR - original model,decimal fraction,Original model B41: 1 - (shared savings + signed shared losses) / benchmark; blank if benchmark missing/nonpositive.,headline_or_audit,,,,
22,MLR validity,text,Defined only when projected benchmark is positive and both pre/post MLR are numeric.,headline_or_audit,,,,
23,Savings exceed listed 20% benchmark cap,boolean,Review flag only: original shared savings >20% of positive benchmark. Does not adjust model output.,headline_or_audit,,,,
24,Losses exceed listed 15% benchmark cap,boolean,Review flag only: absolute original signed shared losses >15% of positive benchmark. Does not adjust model output.,headline_or_audit,,,,
25,Sharing formulas apply listed caps,boolean,False: original B39/B40 do not reference or apply listed track caps.,headline_or_audit,,,,
26,Qualifying TINs sharing this NPI - count,count,Includes this TIN. Summing rows with the same NPI double-counts their underlying source population.,headline_or_audit,,,,
27,Qualifying TINs sharing this NPI - identifiers,text,"All qualifying TIN identifiers for this exact NPI, separated by semicolons.",headline_or_audit,,,,
28,Source years present,text,"Provider SAS source years present; absent years are unavailable, not synthesized.",headline_or_audit,,,,
29,Source years missing,text,Absent provider SAS years between 2019 and 2026.,headline_or_audit,,,,
30,Calculation status,text,Formula evaluation status; input flags and original assumptions remain separate.,headline_or_audit,,,,
31,Unhandled formula error count,count,Evaluation errors not handled by the original model formula.,headline_or_audit,,,,
32,Unavailable source component count,count,Blank source values and absent years across the exported source components.,headline_or_audit,,,,
33,Source issue count,count,Count of intake issue records for this NPI.,headline_or_audit,,,,
34,Source issue codes,text,Counts of issue codes detected during source preparation.,headline_or_audit,,,,
35,County records used,count,Selected NPI 2026 assigned county records.,headline_or_audit,,,,
36,Distinct assigned county keys,count,Exact assigned county keys for this NPI.,headline_or_audit,,,,
37,Unmatched assigned county keys,text,County keys absent from the national SAS county universe; blank means none.,headline_or_audit,,,,
38,Source population key,text,NPI: plus exact NPI source identifier.,headline_or_audit,,,,
39,2026 supplied TIN prevalence rate - cad_benes,decimal fraction,"Supplied 2026 rate copied without recalculation using database TIN = source npi_org, as confirmed by user. Population is not specified or asserted MSSP-specific.",,,,,
40,2026 supplied TIN prevalence rate - hyt_benes,decimal fraction,"Supplied 2026 rate copied without recalculation using database TIN = source npi_org, as confirmed by user. Population is not specified or asserted MSSP-specific.",,,,,
41,2026 supplied TIN prevalence rate - afib_benes,decimal fraction,"Supplied 2026 rate copied without recalculation using database TIN = source npi_org, as confirmed by user. Population is not specified or asserted MSSP-specific.",,,,,
42,2026 supplied TIN prevalence rate - hyperlip_benes,decimal fraction,"Supplied 2026 rate copied without recalculation using database TIN = source npi_org, as confirmed by user. Population is not specified or asserted MSSP-specific.",,,,,
43,2026 supplied TIN prevalence rate - diab_benes,decimal fraction,"Supplied 2026 rate copied without recalculation using database TIN = source npi_org, as confirmed by user. Population is not specified or asserted MSSP-specific.",,,,,
44,2026 supplied TIN prevalence rate - hf_benes,decimal fraction,"Supplied 2026 rate copied without recalculation using database TIN = source npi_org, as confirmed by user. Population is not specified or asserted MSSP-specific.",,,,,
45,2026 supplied TIN prevalence rate - snf_util_benes,decimal fraction,"Supplied 2026 rate copied without recalculation using database TIN = source npi_org, as confirmed by user. Population is not specified or asserted MSSP-specific.",,,,,
46,2026 supplied TIN prevalence rate - ip_util_benes,decimal fraction,"Supplied 2026 rate copied without recalculation using database TIN = source npi_org, as confirmed by user. Population is not specified or asserted MSSP-specific.",,,,,
47,2026 supplied TIN prevalence rate - hha_util_benes,decimal fraction,"Supplied 2026 rate copied without recalculation using database TIN = source npi_org, as confirmed by user. Population is not specified or asserted MSSP-specific.",,,,,
48,2026 supplied TIN prevalence rate - hospice_util_benes,decimal fraction,"Supplied 2026 rate copied without recalculation using database TIN = source npi_org, as confirmed by user. Population is not specified or asserted MSSP-specific.",,,,,
49,2026 supplied TIN prevalence rate - ckd1_benes,decimal fraction,"Supplied 2026 rate copied without recalculation using database TIN = source npi_org, as confirmed by user. Population is not specified or asserted MSSP-specific.",,,,,
50,2026 supplied TIN prevalence rate - ckd2_benes,decimal fraction,"Supplied 2026 rate copied without recalculation using database TIN = source npi_org, as confirmed by user. Population is not specified or asserted MSSP-specific.",,,,,
51,2026 supplied TIN prevalence rate - ckd3a_benes,decimal fraction,"Supplied 2026 rate copied without recalculation using database TIN = source npi_org, as confirmed by user. Population is not specified or asserted MSSP-specific.",,,,,
52,2026 supplied TIN prevalence rate - ckd3b_benes,decimal fraction,"Supplied 2026 rate copied without recalculation using database TIN = source npi_org, as confirmed by user. Population is not specified or asserted MSSP-specific.",,,,,
53,2026 supplied TIN prevalence rate - ckd4_benes,decimal fraction,"Supplied 2026 rate copied without recalculation using database TIN = source npi_org, as confirmed by user. Population is not specified or asserted MSSP-specific.",,,,,
54,2026 supplied TIN prevalence rate - ckd5_benes,decimal fraction,"Supplied 2026 rate copied without recalculation using database TIN = source npi_org, as confirmed by user. Population is not specified or asserted MSSP-specific.",,,,,
55,2026 supplied TIN prevalence source total_benes (normalized total),normalized fraction,Supplied total_benes equals 1; it is not a beneficiary count or an aggregation denominator.,,,,,
56,2026 supplied TIN prevalence matched TIN (source npi_org),TIN identifier,"Exact matched source identifier. No NPI fallback, padding, truncation or suffix removal.",,,,,
57,2026 supplied TIN prevalence join status,text,TIN match status. Unmatched rates remain unavailable.,,,,,
58,2026 supplied TIN prevalence population basis,text,Not specified in supplied prevalence file; not asserted MSSP-specific,,,,,
59,MSSP Parameters — Assignment Methodology [Configuration context] (A3),number,Assignment Methodology; Configuration context,model_cell,MSSP Parameters,A3,,Preserve supplied workbook configuration / placeholder unless explicitly overridden.
60,MSSP Parameters — Assignment methodology [Selected configuration] (C3),text,Assignment methodology; Selected configuration,model_cell,MSSP Parameters,C3,,Preserve supplied workbook configuration / placeholder unless explicitly overridden.
61,MSSP Parameters — Parameter option / validation list U3 [0.005] (U3),ratio,Parameter option / validation list U3; 0.005,model_cell,MSSP Parameters,U3,,Preserve supplied workbook configuration / placeholder unless explicitly overridden.
62,MSSP Parameters — Select BY3 [Configuration context] (A4),year,Select BY3; Configuration context,model_cell,MSSP Parameters,A4,,Preserve supplied workbook configuration / placeholder unless explicitly overridden.
63,MSSP Parameters — BY3 year [Selected configuration] (C4),year,BY3 year; Selected configuration,model_cell,MSSP Parameters,C4,,Preserve supplied workbook configuration / placeholder unless explicitly overridden.
64,MSSP Parameters — Parameter option / validation list Q4 [BY3] (Q4),year,Parameter option / validation list Q4; BY3,model_cell,MSSP Parameters,Q4,,Preserve supplied workbook configuration / placeholder unless explicitly overridden.
65,MSSP Parameters — Parameter option / validation list T4 [BY Weight] (T4),ratio,Parameter option / validation list T4; BY Weight,model_cell,MSSP Parameters,T4,,Preserve supplied workbook configuration / placeholder unless explicitly overridden.
66,MSSP Parameters — Parameter option / validation list U4 [0.005] (U4),ratio,Parameter option / validation list U4; 0.005,model_cell,MSSP Parameters,U4,,Preserve supplied workbook configuration / placeholder unless explicitly overridden.
67,MSSP Parameters — Agreement start year [Selected configuration] (C5),year,Agreement start year; Selected configuration,model_cell,MSSP Parameters,C5,=(C4+1),Recompute formula for each TIN; cached Excel result must not be used.
68,MSSP Parameters — Parameter option / validation list Q5 [BY3] (Q5),year,Parameter option / validation list Q5; BY3,model_cell,MSSP Parameters,Q5,,Preserve supplied workbook configuration / placeholder unless explicitly overridden.
69,MSSP Parameters — Parameter option / validation list T5 [BY Weight] (T5),ratio,Parameter option / validation list T5; BY Weight,model_cell,MSSP Parameters,T5,,Preserve supplied workbook configuration / placeholder unless explicitly overridden.
70,MSSP Parameters — Parameter option / validation list U5 [0.005] (U5),ratio,Parameter option / validation list U5; 0.005,model_cell,MSSP Parameters,U5,,Preserve supplied workbook configuration / placeholder unless explicitly overridden.
71,MSSP Parameters — BY Weight [Configuration context] (A6),number,BY Weight; Configuration context,model_cell,MSSP Parameters,A6,,Preserve supplied workbook configuration / placeholder unless explicitly overridden.
72,MSSP Parameters — Selected BY1 weight [Selected configuration] (C6),ratio,Selected BY1 weight; Selected configuration,model_cell,MSSP Parameters,C6,,Preserve supplied workbook configuration / placeholder unless explicitly overridden.
73,MSSP Parameters — Parameter option / validation list Q6 [BY3] (Q6),year,Parameter option / validation list Q6; BY3,model_cell,MSSP Parameters,Q6,,Preserve supplied workbook configuration / placeholder unless explicitly overridden.
74,MSSP Parameters — Parameter option / validation list U6 [0.005] (U6),ratio,Parameter option / validation list U6; 0.005,model_cell,MSSP Parameters,U6,,Preserve supplied workbook configuration / placeholder unless explicitly overridden.
75,MSSP Parameters — Selected BY2 weight [Selected configuration] (C7),ratio,Selected BY2 weight; Selected configuration,model_cell,MSSP Parameters,C7,"=IF((C6=33.33%),33.33%,30%)",Recompute formula for each TIN; cached Excel result must not be used.
76,MSSP Parameters — Parameter option / validation list Q7 [BY3] (Q7),year,Parameter option / validation list Q7; BY3,model_cell,MSSP Parameters,Q7,,Preserve supplied workbook configuration / placeholder unless explicitly overridden.
77,MSSP Parameters — Selected BY3 weight [Selected configuration] (C8),ratio,Selected BY3 weight; Selected configuration,model_cell,MSSP Parameters,C8,"=IF((C6=33.33%),33.33%,60%)",Recompute formula for each TIN; cached Excel result must not be used.
78,MSSP Parameters — Parameter option / validation list Q8 [BY3] (Q8),year,Parameter option / validation list Q8; BY3,model_cell,MSSP Parameters,Q8,,Preserve supplied workbook configuration / placeholder unless explicitly overridden.
79,MSSP Parameters — ACO Track [Configuration context] (A9),number,ACO Track; Configuration context,model_cell,MSSP Parameters,A9,,Preserve supplied workbook configuration / placeholder unless explicitly overridden.
80,MSSP Parameters — ACO track [Selected configuration] (C9),text,ACO track; Selected configuration,model_cell,MSSP Parameters,C9,,Preserve supplied workbook configuration / placeholder unless explicitly overridden.
81,MSSP Parameters — Parameter option / validation list Q9 [BY3] (Q9),year,Parameter option / validation list Q9; BY3,model_cell,MSSP Parameters,Q9,,Preserve supplied workbook configuration / placeholder unless explicitly overridden.
82,MSSP Parameters — %MSR/(MLR) [Configuration context] (A10),number,%MSR/(MLR); Configuration context,model_cell,MSSP Parameters,A10,,Preserve supplied workbook configuration / placeholder unless explicitly overridden.
83,MSSP Parameters — Selected minimum savings / loss rate [Selected configuration] (C10),ratio,Selected minimum savings / loss rate; Selected configuration,model_cell,MSSP Parameters,C10,,Preserve supplied workbook configuration / placeholder unless explicitly overridden.
84,MSSP Parameters — Trend Type [Configuration context] (A11),number,Trend Type; Configuration context,model_cell,MSSP Parameters,A11,,Preserve supplied workbook configuration / placeholder unless explicitly overridden.
85,MSSP Parameters — Trend selection [Selected configuration] (C11),text,Trend selection; Selected configuration,model_cell,MSSP Parameters,C11,,Preserve supplied workbook configuration / placeholder unless explicitly overridden.
86,MSSP Parameters — Bene Threshold For Base Year [Configuration context] (A12),number,Bene Threshold For Base Year; Configuration context,model_cell,MSSP Parameters,A12,,Preserve supplied workbook configuration / placeholder unless explicitly overridden.
87,MSSP Parameters — Base year beneficiary threshold [Selected configuration] (C12),beneficiaries,Base year beneficiary threshold; Selected configuration,model_cell,MSSP Parameters,C12,,Preserve supplied workbook configuration / placeholder unless explicitly overridden.
88,MSSP Parameters — Weightage of PY2026 Cost [Configuration context] (A13),number,Weightage of PY2026 Cost; Configuration context,model_cell,MSSP Parameters,A13,,Preserve supplied workbook configuration / placeholder unless explicitly overridden.
89,MSSP Parameters — Weight of observed 2026 expense [Selected configuration] (C13),ratio,Weight of observed 2026 expense; Selected configuration,model_cell,MSSP Parameters,C13,,Preserve supplied workbook configuration / placeholder unless explicitly overridden.
90,MSSP Parameters — Financial Guarantee Percent [Configuration context] (A14),number,Financial Guarantee Percent; Configuration context,model_cell,MSSP Parameters,A14,,Preserve supplied workbook configuration / placeholder unless explicitly overridden.
91,MSSP Parameters — Financial guarantee rate [Selected configuration] (C14),ratio,Financial guarantee rate; Selected configuration,model_cell,MSSP Parameters,C14,,Preserve supplied workbook configuration / placeholder unless explicitly overridden.
92,MSSP Parameters — IBNR adjustment factor [Assigned] (C17),factor,IBNR adjustment factor; Assigned,model_cell,MSSP Parameters,C17,,Preserve supplied workbook configuration / placeholder unless explicitly overridden.
93,MSSP Parameters — IBNR adjustment factor [Assignable] (D17),factor,IBNR adjustment factor; Assignable,model_cell,MSSP Parameters,D17,,Preserve supplied workbook configuration / placeholder unless explicitly overridden.
94,MSSP Parameters — Seasonality adjustment factor [Assigned] (C18),factor,Seasonality adjustment factor; Assigned,model_cell,MSSP Parameters,C18,,Preserve supplied workbook configuration / placeholder unless explicitly overridden.
95,MSSP Parameters — Seasonality adjustment factor [Assignable] (D18),factor,Seasonality adjustment factor; Assignable,model_cell,MSSP Parameters,D18,,Preserve supplied workbook configuration / placeholder unless explicitly overridden.
96,MSSP Parameters — Completion Factor adjustment factor [Assigned] (C19),factor,Completion Factor adjustment factor; Assigned,model_cell,MSSP Parameters,C19,,Preserve supplied workbook configuration / placeholder unless explicitly overridden.
97,MSSP Parameters — Completion Factor adjustment factor [Assignable] (D19),factor,Completion Factor adjustment factor; Assignable,model_cell,MSSP Parameters,D19,,Preserve supplied workbook configuration / placeholder unless explicitly overridden.
98,MSSP Parameters — Overall Adjustment adjustment factor [Assigned] (C20),factor,Overall Adjustment adjustment factor; Assigned,model_cell,MSSP Parameters,C20,=PRODUCT(C17:C19),Recompute formula for each TIN; cached Excel result must not be used.
99,MSSP Parameters — Overall Adjustment adjustment factor [Assignable] (D20),factor,Overall Adjustment adjustment factor; Assignable,model_cell,MSSP Parameters,D20,=PRODUCT(D17:D19),Recompute formula for each TIN; cached Excel result must not be used.
100,MSSP Parameters — Parameter context B23 [Configuration context] (B23),text,Parameter context B23; Configuration context,model_cell,MSSP Parameters,B23,=C11,Recompute formula for each TIN; cached Excel result must not be used.
101,MSSP Parameters — Parameter context C23 [Configuration context] (C23),text,Parameter context C23; Configuration context,model_cell,MSSP Parameters,C23,=C3,Recompute formula for each TIN; cached Excel result must not be used.
102,MSSP Parameters — Applied alignment trend — ESRD [2025–2026] (C26),factor,Applied alignment trend — ESRD; 2025–2026,model_cell,MSSP Parameters,C26,"=IF(($C$23=""Prospective""),""-"",IF(($C$11=""Historic""),(((C49*G67)+(C70*H67))),G49))",Recompute formula for each TIN; cached Excel result must not be used.
103,MSSP Parameters — Applied alignment trend — ESRD [2026–2027] (D26),factor,Applied alignment trend — ESRD; 2026–2027,model_cell,MSSP Parameters,D26,"=IF(($C$11=""Historic""),(((D49*G67)+(D70*H67))),H49)",Recompute formula for each TIN; cached Excel result must not be used.
104,MSSP Parameters — Applied alignment trend — Disabled [2025–2026] (C27),factor,Applied alignment trend — Disabled; 2025–2026,model_cell,MSSP Parameters,C27,"=IF(($C$23=""Prospective""),""-"",IF(($C$11=""Historic""),(((C50*G68)+(C71*H68))),G50))",Recompute formula for each TIN; cached Excel result must not be used.
105,MSSP Parameters — Applied alignment trend — Disabled [2026–2027] (D27),factor,Applied alignment trend — Disabled; 2026–2027,model_cell,MSSP Parameters,D27,"=IF(($C$11=""Historic""),(((D50*G68)+(D71*H68))),H50)",Recompute formula for each TIN; cached Excel result must not be used.
106,MSSP Parameters — Applied alignment trend — Aged/dual [2025–2026] (C28),factor,Applied alignment trend — Aged/dual; 2025–2026,model_cell,MSSP Parameters,C28,"=IF(($C$23=""Prospective""),""-"",IF(($C$11=""Historic""),(((C51*G69)+(C72*H69))),G51))",Recompute formula for each TIN; cached Excel result must not be used.
107,MSSP Parameters — Applied alignment trend — Aged/dual [2026–2027] (D28),factor,Applied alignment trend — Aged/dual; 2026–2027,model_cell,MSSP Parameters,D28,"=IF(($C$11=""Historic""),(((D51*G69)+(D72*H69))),H51)",Recompute formula for each TIN; cached Excel result must not be used.
108,MSSP Parameters — Applied alignment trend — Aged/non-dual [2025–2026] (C29),factor,Applied alignment trend — Aged/non-dual; 2025–2026,model_cell,MSSP Parameters,C29,"=IF(($C$23=""Prospective""),""-"",IF(($C$11=""Historic""),(((C52*G70)+(C73*H70))),G52))",Recompute formula for each TIN; cached Excel result must not be used.
109,MSSP Parameters — Applied alignment trend — Aged/non-dual [2026–2027] (D29),factor,Applied alignment trend — Aged/non-dual; 2026–2027,model_cell,MSSP Parameters,D29,"=IF(($C$11=""Historic""),(((D52*G70)+(D73*H70))),H52)",Recompute formula for each TIN; cached Excel result must not be used.
110,MSSP Parameters — Applied expense trend — ESRD [2025–2026] (C31),factor,Applied expense trend — ESRD; 2025–2026,model_cell,MSSP Parameters,C31,"=IF(($C$11=""Historic""),(((C54*G67)+(C75*H67))),G54)",Recompute formula for each TIN; cached Excel result must not be used.
111,MSSP Parameters — Applied expense trend — ESRD [2026–2027] (D31),factor,Applied expense trend — ESRD; 2026–2027,model_cell,MSSP Parameters,D31,"=IF(($C$11=""Historic""),(((D54*G67)+(D75*H67))),H54)",Recompute formula for each TIN; cached Excel result must not be used.
112,MSSP Parameters — Applied expense trend — Disabled [2025–2026] (C32),factor,Applied expense trend — Disabled; 2025–2026,model_cell,MSSP Parameters,C32,"=IF(($C$11=""Historic""),(((C55*G68)+(C76*H68))),G55)",Recompute formula for each TIN; cached Excel result must not be used.
113,MSSP Parameters — Applied expense trend — Disabled [2026–2027] (D32),factor,Applied expense trend — Disabled; 2026–2027,model_cell,MSSP Parameters,D32,"=IF(($C$11=""Historic""),(((D55*G68)+(D76*H68))),H55)",Recompute formula for each TIN; cached Excel result must not be used.
114,MSSP Parameters — Applied expense trend — Aged/dual [2025–2026] (C33),factor,Applied expense trend — Aged/dual; 2025–2026,model_cell,MSSP Parameters,C33,"=IF(($C$11=""Historic""),(((C56*G69)+(C77*H69))),G56)",Recompute formula for each TIN; cached Excel result must not be used.
115,MSSP Parameters — Applied expense trend — Aged/dual [2026–2027] (D33),factor,Applied expense trend — Aged/dual; 2026–2027,model_cell,MSSP Parameters,D33,"=IF(($C$11=""Historic""),(((D56*G69)+(D77*H69))),H56)",Recompute formula for each TIN; cached Excel result must not be used.
116,MSSP Parameters — Applied expense trend — Aged/non-dual [2025–2026] (C34),factor,Applied expense trend — Aged/non-dual; 2025–2026,model_cell,MSSP Parameters,C34,"=IF(($C$11=""Historic""),(((C57*G70)+(C78*H70))),G57)",Recompute formula for each TIN; cached Excel result must not be used.
117,MSSP Parameters — Applied expense trend — Aged/non-dual [2026–2027] (D34),factor,Applied expense trend — Aged/non-dual; 2026–2027,model_cell,MSSP Parameters,D34,"=IF(($C$11=""Historic""),(((D57*G70)+(D78*H70))),H57)",Recompute formula for each TIN; cached Excel result must not be used.
118,MSSP Parameters — Applied risk trend — ESRD [2025–2026] (C36),factor,Applied risk trend — ESRD; 2025–2026,model_cell,MSSP Parameters,C36,"=IF(($C$23=""Prospective""),""-"",IF(($C$11=""Historic""),(((C59*G67)+(C80*H67))),G49))",Recompute formula for each TIN; cached Excel result must not be used.
119,MSSP Parameters — Applied risk trend — ESRD [2026–2027] (D36),factor,Applied risk trend — ESRD; 2026–2027,model_cell,MSSP Parameters,D36,"=IF(($C$11=""Historic""),(((D59*G67)+(D80*H67))),H59)",Recompute formula for each TIN; cached Excel result must not be used.
120,MSSP Parameters — Applied risk trend — Disabled [2025–2026] (C37),factor,Applied risk trend — Disabled; 2025–2026,model_cell,MSSP Parameters,C37,"=IF(($C$23=""Prospective""),""-"",IF(($C$11=""Historic""),(((C60*G68)+(C81*H68))),G50))",Recompute formula for each TIN; cached Excel result must not be used.
121,MSSP Parameters — Applied risk trend — Disabled [2026–2027] (D37),factor,Applied risk trend — Disabled; 2026–2027,model_cell,MSSP Parameters,D37,"=IF(($C$11=""Historic""),(((D60*G68)+(D81*H68))),H60)",Recompute formula for each TIN; cached Excel result must not be used.
122,MSSP Parameters — Applied risk trend — Aged/dual [2025–2026] (C38),factor,Applied risk trend — Aged/dual; 2025–2026,model_cell,MSSP Parameters,C38,"=IF(($C$23=""Prospective""),""-"",IF(($C$11=""Historic""),(((C61*G69)+(C82*H69))),G51))",Recompute formula for each TIN; cached Excel result must not be used.
123,MSSP Parameters — Applied risk trend — Aged/dual [2026–2027] (D38),factor,Applied risk trend — Aged/dual; 2026–2027,model_cell,MSSP Parameters,D38,"=IF(($C$11=""Historic""),(((D61*G69)+(D82*H69))),H61)",Recompute formula for each TIN; cached Excel result must not be used.
124,MSSP Parameters — Applied risk trend — Aged/non-dual [2025–2026] (C39),factor,Applied risk trend — Aged/non-dual; 2025–2026,model_cell,MSSP Parameters,C39,"=IF(($C$23=""Prospective""),""-"",IF(($C$11=""Historic""),(((C62*G70)+(C83*H70))),G52))",Recompute formula for each TIN; cached Excel result must not be used.
125,MSSP Parameters — Applied risk trend — Aged/non-dual [2026–2027] (D39),factor,Applied risk trend — Aged/non-dual; 2026–2027,model_cell,MSSP Parameters,D39,"=IF(($C$11=""Historic""),(((D62*G70)+(D83*H70))),H62)",Recompute formula for each TIN; cached Excel result must not be used.
126,MSSP Parameters — Historic Trend [Configuration context] (C46),text,Historic Trend; Configuration context,model_cell,MSSP Parameters,C46,=C3,Recompute formula for each TIN; cached Excel result must not be used.
127,MSSP Parameters — Historic Trend [Configuration context] (G46),text,Historic Trend; Configuration context,model_cell,MSSP Parameters,G46,=C3,Recompute formula for each TIN; cached Excel result must not be used.
128,MSSP Parameters — Historical alignment trend — ESRD [2025–2026] (C49),factor,Historical alignment trend — ESRD; 2025–2026,model_cell,MSSP Parameters,C49,"=IF(($C$3=""Prospective""),""-"",'MSSP Assumptions'!F42)",Recompute formula for each TIN; cached Excel result must not be used.
129,MSSP Parameters — Historical alignment trend — ESRD [2026–2027] (D49),factor,Historical alignment trend — ESRD; 2026–2027,model_cell,MSSP Parameters,D49,='MSSP Assumptions'!G42,Recompute formula for each TIN; cached Excel result must not be used.
130,MSSP Parameters — Custom alignment trend — ESRD [2025–2026] (G49),factor,Custom alignment trend — ESRD; 2025–2026,model_cell,MSSP Parameters,G49,,Preserve supplied workbook configuration / placeholder unless explicitly overridden.
131,MSSP Parameters — Custom alignment trend — ESRD [2026–2027] (H49),factor,Custom alignment trend — ESRD; 2026–2027,model_cell,MSSP Parameters,H49,,Preserve supplied workbook configuration / placeholder unless explicitly overridden.
132,MSSP Parameters — Historical alignment trend — Disabled [2025–2026] (C50),factor,Historical alignment trend — Disabled; 2025–2026,model_cell,MSSP Parameters,C50,"=IF(($C$3=""Prospective""),""-"",'MSSP Assumptions'!F43)",Recompute formula for each TIN; cached Excel result must not be used.
133,MSSP Parameters — Historical alignment trend — Disabled [2026–2027] (D50),factor,Historical alignment trend — Disabled; 2026–2027,model_cell,MSSP Parameters,D50,='MSSP Assumptions'!G43,Recompute formula for each TIN; cached Excel result must not be used.
134,MSSP Parameters — Custom alignment trend — Disabled [2025–2026] (G50),factor,Custom alignment trend — Disabled; 2025–2026,model_cell,MSSP Parameters,G50,,Preserve supplied workbook configuration / placeholder unless explicitly overridden.
135,MSSP Parameters — Custom alignment trend — Disabled [2026–2027] (H50),factor,Custom alignment trend — Disabled; 2026–2027,model_cell,MSSP Parameters,H50,,Preserve supplied workbook configuration / placeholder unless explicitly overridden.
136,MSSP Parameters — Historical alignment trend — Aged/dual [2025–2026] (C51),factor,Historical alignment trend — Aged/dual; 2025–2026,model_cell,MSSP Parameters,C51,"=IF(($C$3=""Prospective""),""-"",'MSSP Assumptions'!F44)",Recompute formula for each TIN; cached Excel result must not be used.
137,MSSP Parameters — Historical alignment trend — Aged/dual [2026–2027] (D51),factor,Historical alignment trend — Aged/dual; 2026–2027,model_cell,MSSP Parameters,D51,='MSSP Assumptions'!G44,Recompute formula for each TIN; cached Excel result must not be used.
138,MSSP Parameters — Custom alignment trend — Aged/dual [2025–2026] (G51),factor,Custom alignment trend — Aged/dual; 2025–2026,model_cell,MSSP Parameters,G51,,Preserve supplied workbook configuration / placeholder unless explicitly overridden.
139,MSSP Parameters — Custom alignment trend — Aged/dual [2026–2027] (H51),factor,Custom alignment trend — Aged/dual; 2026–2027,model_cell,MSSP Parameters,H51,,Preserve supplied workbook configuration / placeholder unless explicitly overridden.
140,MSSP Parameters — Historical alignment trend — Aged/non-dual [2025–2026] (C52),factor,Historical alignment trend — Aged/non-dual; 2025–2026,model_cell,MSSP Parameters,C52,"=IF(($C$3=""Prospective""),""-"",'MSSP Assumptions'!F45)",Recompute formula for each TIN; cached Excel result must not be used.
141,MSSP Parameters — Historical alignment trend — Aged/non-dual [2026–2027] (D52),factor,Historical alignment trend — Aged/non-dual; 2026–2027,model_cell,MSSP Parameters,D52,='MSSP Assumptions'!G45,Recompute formula for each TIN; cached Excel result must not be used.
142,MSSP Parameters — Custom alignment trend — Aged/non-dual [2025–2026] (G52),factor,Custom alignment trend — Aged/non-dual; 2025–2026,model_cell,MSSP Parameters,G52,,Preserve supplied workbook configuration / placeholder unless explicitly overridden.
143,MSSP Parameters — Custom alignment trend — Aged/non-dual [2026–2027] (H52),factor,Custom alignment trend — Aged/non-dual; 2026–2027,model_cell,MSSP Parameters,H52,,Preserve supplied workbook configuration / placeholder unless explicitly overridden.
144,MSSP Parameters — Historical expense trend — ESRD [2025–2026] (C54),factor,Historical expense trend — ESRD; 2025–2026,model_cell,MSSP Parameters,C54,='MSSP Assumptions'!G50,Recompute formula for each TIN; cached Excel result must not be used.
145,MSSP Parameters — Historical expense trend — ESRD [2026–2027] (D54),factor,Historical expense trend — ESRD; 2026–2027,model_cell,MSSP Parameters,D54,='MSSP Assumptions'!H50,Recompute formula for each TIN; cached Excel result must not be used.
146,MSSP Parameters — Custom expense trend — ESRD [2025–2026] (G54),factor,Custom expense trend — ESRD; 2025–2026,model_cell,MSSP Parameters,G54,,Preserve supplied workbook configuration / placeholder unless explicitly overridden.
147,MSSP Parameters — Custom expense trend — ESRD [2026–2027] (H54),factor,Custom expense trend — ESRD; 2026–2027,model_cell,MSSP Parameters,H54,,Preserve supplied workbook configuration / placeholder unless explicitly overridden.
148,MSSP Parameters — Historical expense trend — Disabled [2025–2026] (C55),factor,Historical expense trend — Disabled; 2025–2026,model_cell,MSSP Parameters,C55,='MSSP Assumptions'!G51,Recompute formula for each TIN; cached Excel result must not be used.
149,MSSP Parameters — Historical expense trend — Disabled [2026–2027] (D55),factor,Historical expense trend — Disabled; 2026–2027,model_cell,MSSP Parameters,D55,='MSSP Assumptions'!H51,Recompute formula for each TIN; cached Excel result must not be used.
150,MSSP Parameters — Custom expense trend — Disabled [2025–2026] (G55),factor,Custom expense trend — Disabled; 2025–2026,model_cell,MSSP Parameters,G55,,Preserve supplied workbook configuration / placeholder unless explicitly overridden.
151,MSSP Parameters — Custom expense trend — Disabled [2026–2027] (H55),factor,Custom expense trend — Disabled; 2026–2027,model_cell,MSSP Parameters,H55,,Preserve supplied workbook configuration / placeholder unless explicitly overridden.
152,MSSP Parameters — Historical expense trend — Aged/dual [2025–2026] (C56),factor,Historical expense trend — Aged/dual; 2025–2026,model_cell,MSSP Parameters,C56,='MSSP Assumptions'!G52,Recompute formula for each TIN; cached Excel result must not be used.
153,MSSP Parameters — Historical expense trend — Aged/dual [2026–2027] (D56),factor,Historical expense trend — Aged/dual; 2026–2027,model_cell,MSSP Parameters,D56,='MSSP Assumptions'!H52,Recompute formula for each TIN; cached Excel result must not be used.
154,MSSP Parameters — Custom expense trend — Aged/dual [2025–2026] (G56),factor,Custom expense trend — Aged/dual; 2025–2026,model_cell,MSSP Parameters,G56,,Preserve supplied workbook configuration / placeholder unless explicitly overridden.
155,MSSP Parameters — Custom expense trend — Aged/dual [2026–2027] (H56),factor,Custom expense trend — Aged/dual; 2026–2027,model_cell,MSSP Parameters,H56,,Preserve supplied workbook configuration / placeholder unless explicitly overridden.
156,MSSP Parameters — Historical expense trend — Aged/non-dual [2025–2026] (C57),factor,Historical expense trend — Aged/non-dual; 2025–2026,model_cell,MSSP Parameters,C57,='MSSP Assumptions'!G53,Recompute formula for each TIN; cached Excel result must not be used.
157,MSSP Parameters — Historical expense trend — Aged/non-dual [2026–2027] (D57),factor,Historical expense trend — Aged/non-dual; 2026–2027,model_cell,MSSP Parameters,D57,='MSSP Assumptions'!H53,Recompute formula for each TIN; cached Excel result must not be used.
158,MSSP Parameters — Custom expense trend — Aged/non-dual [2025–2026] (G57),factor,Custom expense trend — Aged/non-dual; 2025–2026,model_cell,MSSP Parameters,G57,,Preserve supplied workbook configuration / placeholder unless explicitly overridden.
159,MSSP Parameters — Custom expense trend — Aged/non-dual [2026–2027] (H57),factor,Custom expense trend — Aged/non-dual; 2026–2027,model_cell,MSSP Parameters,H57,,Preserve supplied workbook configuration / placeholder unless explicitly overridden.
160,MSSP Parameters — Historical risk trend — ESRD [2025–2026] (C59),factor,Historical risk trend — ESRD; 2025–2026,model_cell,MSSP Parameters,C59,"=IF(($C$3=""Prospective""),""-"",'MSSP Assumptions'!F35)",Recompute formula for each TIN; cached Excel result must not be used.
161,MSSP Parameters — Historical risk trend — ESRD [2026–2027] (D59),factor,Historical risk trend — ESRD; 2026–2027,model_cell,MSSP Parameters,D59,='MSSP Assumptions'!G35,Recompute formula for each TIN; cached Excel result must not be used.
162,MSSP Parameters — Custom risk trend — ESRD [2025–2026] (G59),factor,Custom risk trend — ESRD; 2025–2026,model_cell,MSSP Parameters,G59,,Preserve supplied workbook configuration / placeholder unless explicitly overridden.
163,MSSP Parameters — Custom risk trend — ESRD [2026–2027] (H59),factor,Custom risk trend — ESRD; 2026–2027,model_cell,MSSP Parameters,H59,,Preserve supplied workbook configuration / placeholder unless explicitly overridden.
164,MSSP Parameters — Historical risk trend — Disabled [2025–2026] (C60),factor,Historical risk trend — Disabled; 2025–2026,model_cell,MSSP Parameters,C60,"=IF(($C$3=""Prospective""),""-"",'MSSP Assumptions'!F36)",Recompute formula for each TIN; cached Excel result must not be used.
165,MSSP Parameters — Historical risk trend — Disabled [2026–2027] (D60),factor,Historical risk trend — Disabled; 2026–2027,model_cell,MSSP Parameters,D60,='MSSP Assumptions'!G36,Recompute formula for each TIN; cached Excel result must not be used.
166,MSSP Parameters — Custom risk trend — Disabled [2025–2026] (G60),factor,Custom risk trend — Disabled; 2025–2026,model_cell,MSSP Parameters,G60,,Preserve supplied workbook configuration / placeholder unless explicitly overridden.
167,MSSP Parameters — Custom risk trend — Disabled [2026–2027] (H60),factor,Custom risk trend — Disabled; 2026–2027,model_cell,MSSP Parameters,H60,,Preserve supplied workbook configuration / placeholder unless explicitly overridden.
168,MSSP Parameters — Historical risk trend — Aged/dual [2025–2026] (C61),factor,Historical risk trend — Aged/dual; 2025–2026,model_cell,MSSP Parameters,C61,"=IF(($C$3=""Prospective""),""-"",'MSSP Assumptions'!F37)",Recompute formula for each TIN; cached Excel result must not be used.
169,MSSP Parameters — Historical risk trend — Aged/dual [2026–2027] (D61),factor,Historical risk trend — Aged/dual; 2026–2027,model_cell,MSSP Parameters,D61,='MSSP Assumptions'!G37,Recompute formula for each TIN; cached Excel result must not be used.
170,MSSP Parameters — Custom risk trend — Aged/dual [2025–2026] (G61),factor,Custom risk trend — Aged/dual; 2025–2026,model_cell,MSSP Parameters,G61,,Preserve supplied workbook configuration / placeholder unless explicitly overridden.
171,MSSP Parameters — Custom risk trend — Aged/dual [2026–2027] (H61),factor,Custom risk trend — Aged/dual; 2026–2027,model_cell,MSSP Parameters,H61,,Preserve supplied workbook configuration / placeholder unless explicitly overridden.
172,MSSP Parameters — Historical risk trend — Aged/non-dual [2025–2026] (C62),factor,Historical risk trend — Aged/non-dual; 2025–2026,model_cell,MSSP Parameters,C62,"=IF(($C$3=""Prospective""),""-"",'MSSP Assumptions'!F38)",Recompute formula for each TIN; cached Excel result must not be used.
173,MSSP Parameters — Historical risk trend — Aged/non-dual [2026–2027] (D62),factor,Historical risk trend — Aged/non-dual; 2026–2027,model_cell,MSSP Parameters,D62,='MSSP Assumptions'!G38,Recompute formula for each TIN; cached Excel result must not be used.
174,MSSP Parameters — Custom risk trend — Aged/non-dual [2025–2026] (G62),factor,Custom risk trend — Aged/non-dual; 2025–2026,model_cell,MSSP Parameters,G62,,Preserve supplied workbook configuration / placeholder unless explicitly overridden.
175,MSSP Parameters — Custom risk trend — Aged/non-dual [2026–2027] (H62),factor,Custom risk trend — Aged/non-dual; 2026–2027,model_cell,MSSP Parameters,H62,,Preserve supplied workbook configuration / placeholder unless explicitly overridden.
176,MSSP Parameters — Trend credibility weight [TIN; ESRD] (G67),ratio,Trend credibility weight; TIN; ESRD,model_cell,MSSP Parameters,G67,"=MIN(IFERROR(SQRT((IF(AND(('MSSP Historical Benchmark '!$D$5=2026),($C$3=""Retrospective"")),MIN('MSSP Historical Benchmark '!B10:C10),MIN('MSSP Historical Benchmark '!B10:D10))/200)),0),1)",Recompute formula for each TIN; cached Excel result must not be used.
177,MSSP Parameters — Trend credibility weight [National; ESRD] (H67),ratio,Trend credibility weight; National; ESRD,model_cell,MSSP Parameters,H67,=(1-G67),Recompute formula for each TIN; cached Excel result must not be used.
178,MSSP Parameters — Trend credibility weight [TIN; Disabled] (G68),ratio,Trend credibility weight; TIN; Disabled,model_cell,MSSP Parameters,G68,"=MIN(IFERROR(SQRT((IF(AND(('MSSP Historical Benchmark '!$D$5=2026),($C$3=""Retrospective"")),SUM(MIN('MSSP Historical Benchmark '!$B$11:$C$11),MIN('MSSP Historical Benchmark '!$B$12:$C$12),MIN('MSSP Historical Benchmark '!$B$13:$C$13)),SUM(MIN('MSSP Historical Benchmark '!$B$11:$D$11),MIN('MSSP Historical Benchmark '!$B$12:$D$12),MIN('MSSP Historical Benchmark '!$B$13:$D$13)))/3000)),0),1)",Recompute formula for each TIN; cached Excel result must not be used.
179,MSSP Parameters — Trend credibility weight [National; Disabled] (H68),ratio,Trend credibility weight; National; Disabled,model_cell,MSSP Parameters,H68,=(1-G68),Recompute formula for each TIN; cached Excel result must not be used.
180,MSSP Parameters — Trend credibility weight [TIN; Aged/dual] (G69),ratio,Trend credibility weight; TIN; Aged/dual,model_cell,MSSP Parameters,G69,"=MIN(IFERROR(SQRT((IF(AND(('MSSP Historical Benchmark '!$D$5=2026),($C$3=""Retrospective"")),SUM(MIN('MSSP Historical Benchmark '!$B$11:$C$11),MIN('MSSP Historical Benchmark '!$B$12:$C$12),MIN('MSSP Historical Benchmark '!$B$13:$C$13)),SUM(MIN('MSSP Historical Benchmark '!$B$11:$D$11),MIN('MSSP Historical Benchmark '!$B$12:$D$12),MIN('MSSP Historical Benchmark '!$B$13:$D$13)))/3000)),0),1)",Recompute formula for each TIN; cached Excel result must not be used.
181,MSSP Parameters — Trend credibility weight [National; Aged/dual] (H69),ratio,Trend credibility weight; National; Aged/dual,model_cell,MSSP Parameters,H69,=(1-G69),Recompute formula for each TIN; cached Excel result must not be used.
182,MSSP Parameters — National alignment trend — ESRD [2025–2026] (C70),factor,National alignment trend — ESRD; 2025–2026,model_cell,MSSP Parameters,C70,"=IF(($C$3=""Prospective""),""-"",'MSSP Assumptions'!H59)",Recompute formula for each TIN; cached Excel result must not be used.
183,MSSP Parameters — National alignment trend — ESRD [2026–2027] (D70),factor,National alignment trend — ESRD; 2026–2027,model_cell,MSSP Parameters,D70,='MSSP Assumptions'!I59,Recompute formula for each TIN; cached Excel result must not be used.
184,MSSP Parameters — Trend credibility weight [TIN; Aged/non-dual] (G70),ratio,Trend credibility weight; TIN; Aged/non-dual,model_cell,MSSP Parameters,G70,"=MIN(IFERROR(SQRT((IF(AND(('MSSP Historical Benchmark '!$D$5=2026),($C$3=""Retrospective"")),SUM(MIN('MSSP Historical Benchmark '!$B$11:$C$11),MIN('MSSP Historical Benchmark '!$B$12:$C$12),MIN('MSSP Historical Benchmark '!$B$13:$C$13)),SUM(MIN('MSSP Historical Benchmark '!$B$11:$D$11),MIN('MSSP Historical Benchmark '!$B$12:$D$12),MIN('MSSP Historical Benchmark '!$B$13:$D$13)))/3000)),0),1)",Recompute formula for each TIN; cached Excel result must not be used.
185,MSSP Parameters — Trend credibility weight [National; Aged/non-dual] (H70),ratio,Trend credibility weight; National; Aged/non-dual,model_cell,MSSP Parameters,H70,=(1-G70),Recompute formula for each TIN; cached Excel result must not be used.
186,MSSP Parameters — National alignment trend — Disabled [2025–2026] (C71),factor,National alignment trend — Disabled; 2025–2026,model_cell,MSSP Parameters,C71,"=IF(($C$3=""Prospective""),""-"",'MSSP Assumptions'!H60)",Recompute formula for each TIN; cached Excel result must not be used.
187,MSSP Parameters — National alignment trend — Disabled [2026–2027] (D71),factor,National alignment trend — Disabled; 2026–2027,model_cell,MSSP Parameters,D71,='MSSP Assumptions'!I60,Recompute formula for each TIN; cached Excel result must not be used.
188,MSSP Parameters — National alignment trend — Aged/dual [2025–2026] (C72),factor,National alignment trend — Aged/dual; 2025–2026,model_cell,MSSP Parameters,C72,"=IF(($C$3=""Prospective""),""-"",'MSSP Assumptions'!H61)",Recompute formula for each TIN; cached Excel result must not be used.
189,MSSP Parameters — National alignment trend — Aged/dual [2026–2027] (D72),factor,National alignment trend — Aged/dual; 2026–2027,model_cell,MSSP Parameters,D72,='MSSP Assumptions'!I61,Recompute formula for each TIN; cached Excel result must not be used.
190,MSSP Parameters — National alignment trend — Aged/non-dual [2025–2026] (C73),factor,National alignment trend — Aged/non-dual; 2025–2026,model_cell,MSSP Parameters,C73,"=IF(($C$3=""Prospective""),""-"",'MSSP Assumptions'!H62)",Recompute formula for each TIN; cached Excel result must not be used.
191,MSSP Parameters — National alignment trend — Aged/non-dual [2026–2027] (D73),factor,National alignment trend — Aged/non-dual; 2026–2027,model_cell,MSSP Parameters,D73,='MSSP Assumptions'!I62,Recompute formula for each TIN; cached Excel result must not be used.
192,MSSP Parameters — National expense trend — ESRD [2025–2026] (C75),factor,National expense trend — ESRD; 2025–2026,model_cell,MSSP Parameters,C75,"=IFERROR(('MSSP Assumptions'!I10/'MSSP Assumptions'!H10),0)",Recompute formula for each TIN; cached Excel result must not be used.
193,MSSP Parameters — National expense trend — ESRD [2026–2027] (D75),factor,National expense trend — ESRD; 2026–2027,model_cell,MSSP Parameters,D75,='MSSP Assumptions'!J10,Recompute formula for each TIN; cached Excel result must not be used.
194,MSSP Parameters — National expense trend — Disabled [2025–2026] (C76),factor,National expense trend — Disabled; 2025–2026,model_cell,MSSP Parameters,C76,"=IFERROR(('MSSP Assumptions'!I11/'MSSP Assumptions'!H11),0)",Recompute formula for each TIN; cached Excel result must not be used.
195,MSSP Parameters — National expense trend — Disabled [2026–2027] (D76),factor,National expense trend — Disabled; 2026–2027,model_cell,MSSP Parameters,D76,='MSSP Assumptions'!J11,Recompute formula for each TIN; cached Excel result must not be used.
196,MSSP Parameters — National expense trend — Aged/dual [2025–2026] (C77),factor,National expense trend — Aged/dual; 2025–2026,model_cell,MSSP Parameters,C77,"=IFERROR(('MSSP Assumptions'!I12/'MSSP Assumptions'!H12),0)",Recompute formula for each TIN; cached Excel result must not be used.
197,MSSP Parameters — National expense trend — Aged/dual [2026–2027] (D77),factor,National expense trend — Aged/dual; 2026–2027,model_cell,MSSP Parameters,D77,='MSSP Assumptions'!J12,Recompute formula for each TIN; cached Excel result must not be used.
198,MSSP Parameters — National expense trend — Aged/non-dual [2025–2026] (C78),factor,National expense trend — Aged/non-dual; 2025–2026,model_cell,MSSP Parameters,C78,"=IFERROR(('MSSP Assumptions'!I13/'MSSP Assumptions'!H13),0)",Recompute formula for each TIN; cached Excel result must not be used.
199,MSSP Parameters — National expense trend — Aged/non-dual [2026–2027] (D78),factor,National expense trend — Aged/non-dual; 2026–2027,model_cell,MSSP Parameters,D78,='MSSP Assumptions'!J13,Recompute formula for each TIN; cached Excel result must not be used.
200,MSSP Parameters — National risk trend — ESRD [2025–2026] (C80),factor,National risk trend — ESRD; 2025–2026,model_cell,MSSP Parameters,C80,"=IF(($C$3=""Prospective""),""-"",'MSSP Assumptions'!H66)",Recompute formula for each TIN; cached Excel result must not be used.
201,MSSP Parameters — National risk trend — ESRD [2026–2027] (D80),factor,National risk trend — ESRD; 2026–2027,model_cell,MSSP Parameters,D80,='MSSP Assumptions'!I66,Recompute formula for each TIN; cached Excel result must not be used.
202,MSSP Parameters — National risk trend — Disabled [2025–2026] (C81),factor,National risk trend — Disabled; 2025–2026,model_cell,MSSP Parameters,C81,"=IF(($C$3=""Prospective""),""-"",'MSSP Assumptions'!H67)",Recompute formula for each TIN; cached Excel result must not be used.
203,MSSP Parameters — National risk trend — Disabled [2026–2027] (D81),factor,National risk trend — Disabled; 2026–2027,model_cell,MSSP Parameters,D81,='MSSP Assumptions'!I67,Recompute formula for each TIN; cached Excel result must not be used.
204,MSSP Parameters — National risk trend — Aged/dual [2025–2026] (C82),factor,National risk trend — Aged/dual; 2025–2026,model_cell,MSSP Parameters,C82,"=IF(($C$3=""Prospective""),""-"",'MSSP Assumptions'!H68)",Recompute formula for each TIN; cached Excel result must not be used.
205,MSSP Parameters — National risk trend — Aged/dual [2026–2027] (D82),factor,National risk trend — Aged/dual; 2026–2027,model_cell,MSSP Parameters,D82,='MSSP Assumptions'!I68,Recompute formula for each TIN; cached Excel result must not be used.
206,MSSP Parameters — National risk trend — Aged/non-dual [2025–2026] (C83),factor,National risk trend — Aged/non-dual; 2025–2026,model_cell,MSSP Parameters,C83,"=IF(($C$3=""Prospective""),""-"",'MSSP Assumptions'!H69)",Recompute formula for each TIN; cached Excel result must not be used.
207,MSSP Parameters — National risk trend — Aged/non-dual [2026–2027] (D83),factor,National risk trend — Aged/non-dual; 2026–2027,model_cell,MSSP Parameters,D83,='MSSP Assumptions'!I69,Recompute formula for each TIN; cached Excel result must not be used.
208,MSSP Historical Benchmark — Base-year eligibility indicator [BY1] (B4),indicator,Base-year eligibility indicator; BY1,model_cell,MSSP Historical Benchmark ,B4,"=IF((B8>='MSSP Parameters'!$C$12),1,0)",Recompute formula for each TIN; cached Excel result must not be used.
209,MSSP Historical Benchmark — Base-year eligibility indicator [BY2] (C4),indicator,Base-year eligibility indicator; BY2,model_cell,MSSP Historical Benchmark ,C4,"=IF((C8>='MSSP Parameters'!$C$12),1,0)",Recompute formula for each TIN; cached Excel result must not be used.
210,MSSP Historical Benchmark — Base-year eligibility indicator [BY3] (D4),indicator,Base-year eligibility indicator; BY3,model_cell,MSSP Historical Benchmark ,D4,"=IF((D8>='MSSP Parameters'!$C$12),1,0)",Recompute formula for each TIN; cached Excel result must not be used.
211,MSSP Historical Benchmark — Number of eligible base years [All base years] (E4),count,Number of eligible base years; All base years,model_cell,MSSP Historical Benchmark ,E4,=SUM(B4:D4),Recompute formula for each TIN; cached Excel result must not be used.
212,MSSP Historical Benchmark — Base year [BY1] (B5),year,Base year; BY1,model_cell,MSSP Historical Benchmark ,B5,=(C5-1),Recompute formula for each TIN; cached Excel result must not be used.
213,MSSP Historical Benchmark — Base year [BY2] (C5),year,Base year; BY2,model_cell,MSSP Historical Benchmark ,C5,=(D5-1),Recompute formula for each TIN; cached Excel result must not be used.
214,MSSP Historical Benchmark — Base year [BY3] (D5),year,Base year; BY3,model_cell,MSSP Historical Benchmark ,D5,='MSSP Parameters'!C4,Recompute formula for each TIN; cached Excel result must not be used.
215,MSSP Historical Benchmark — Historical beneficiaries — Assigned Beneficiaries [BY1] (N7),beneficiaries,Historical beneficiaries — Assigned Beneficiaries; BY1,model_cell,MSSP Historical Benchmark ,N7,=SUM(N10:N13),Recompute formula for each TIN; cached Excel result must not be used.
216,MSSP Historical Benchmark — Historical beneficiaries — Assigned Beneficiaries [BY2] (O7),beneficiaries,Historical beneficiaries — Assigned Beneficiaries; BY2,model_cell,MSSP Historical Benchmark ,O7,=SUM(O10:O13),Recompute formula for each TIN; cached Excel result must not be used.
217,MSSP Historical Benchmark — Historical person years — Assigned Beneficiaries [BY1] (P7),person-years,Historical person years — Assigned Beneficiaries; BY1,model_cell,MSSP Historical Benchmark ,P7,=SUM(P10:P13),Recompute formula for each TIN; cached Excel result must not be used.
218,MSSP Historical Benchmark — Historical person years — Assigned Beneficiaries [BY2] (Q7),person-years,Historical person years — Assigned Beneficiaries; BY2,model_cell,MSSP Historical Benchmark ,Q7,=SUM(Q10:Q13),Recompute formula for each TIN; cached Excel result must not be used.
219,MSSP Historical Benchmark — Assigned Beneficiaries [BY1] (B8),beneficiaries,Assigned Beneficiaries; BY1,model_cell,MSSP Historical Benchmark ,B8,"=IFERROR(IF(('MSSP Parameters'!$C$3=""Prospective""),INDEX('MSSP PROSP'!$B$3:$I$3,1,MATCH(B$5,'MSSP PROSP'!$B$1:$I$1,0)),INDEX('MSSP RETRO'!$B$3:$I$3,1,MATCH(B$5,'MSSP RETRO'!$B$1:$I$1,0))),0)",Recompute formula for each TIN; cached Excel result must not be used.
220,MSSP Historical Benchmark — Assigned Beneficiaries [BY2] (C8),beneficiaries,Assigned Beneficiaries; BY2,model_cell,MSSP Historical Benchmark ,C8,"=IFERROR(IF(('MSSP Parameters'!$C$3=""Prospective""),INDEX('MSSP PROSP'!$B$3:$I$3,1,MATCH(C$5,'MSSP PROSP'!$B$1:$I$1,0)),INDEX('MSSP RETRO'!$B$3:$I$3,1,MATCH(C$5,'MSSP RETRO'!$B$1:$I$1,0))),0)",Recompute formula for each TIN; cached Excel result must not be used.
221,MSSP Historical Benchmark — Assigned Beneficiaries [BY3] (D8),beneficiaries,Assigned Beneficiaries; BY3,model_cell,MSSP Historical Benchmark ,D8,"=IFERROR(IF(('MSSP Parameters'!$C$3=""Prospective""),INDEX('MSSP PROSP'!$B$3:$I$3,1,MATCH(D$5,'MSSP PROSP'!$B$1:$I$1,0)),IF(($D$5=2026),'MSSP Assumptions'!E47,INDEX('MSSP RETRO'!$B$3:$I$3,1,MATCH(D$5,'MSSP RETRO'!$B$1:$I$1,0)))),0)",Recompute formula for each TIN; cached Excel result must not be used.
222,MSSP Historical Benchmark — Assigned Beneficiaries [Combined benchmark] (E8),beneficiaries,Assigned Beneficiaries; Combined benchmark,model_cell,MSSP Historical Benchmark ,E8,,Preserve supplied workbook configuration / placeholder unless explicitly overridden.
223,MSSP Historical Benchmark — Person Years [BY1] (B9),person-years,Person Years; BY1,model_cell,MSSP Historical Benchmark ,B9,"=((IFERROR(IF(('MSSP Parameters'!$C$3=""Prospective""),((((INDEX('MSSP PROSP'!$AX$3:$BE$3,1,MATCH(B$5,'MSSP PROSP'!$AX$1:$BE$1,0))+INDEX('MSSP PROSP'!$BF$3:$BM$3,1,MATCH(B$5,'MSSP PROSP'!$BF$1:$BM$1,0)))+INDEX('MSSP PROSP'!$BN$3:$BU$3,1,MATCH(B$5,'MSSP PROSP'!$BN$1:$BU$1,0)))+INDEX('MSSP PROSP'!$BV$3:$CC$3,1,MATCH(B$5,'MSSP PROSP'!$BV$1:$CC$1,0)))),((((INDEX('MSSP RETRO'!$AX$3:$BE$3,1,MATCH(B$5,'MSSP RETRO'!$AX$1:$BE$1,0))+INDEX('MSSP RETRO'!$BF$3:$BM$3,1,MATCH(B$5,'MSSP RETRO'!$BF$1:$BM$1,0)))+INDEX('MSSP RETRO'!$BN$3:$BU$3,1,MATCH(B$5,'MSSP RETRO'!$BN$1:$BU$1,0)))+INDEX('MSSP RETRO'!$BV$3:$CC$3,1,MATCH(B$5,'MSSP RETRO'!$BV$1:$CC$1,0))))),0))/12)",Recompute formula for each TIN; cached Excel result must not be used.
224,MSSP Historical Benchmark — Person Years [BY2] (C9),person-years,Person Years; BY2,model_cell,MSSP Historical Benchmark ,C9,"=((IFERROR(IF(('MSSP Parameters'!$C$3=""Prospective""),((((INDEX('MSSP PROSP'!$AX$3:$BE$3,1,MATCH(C$5,'MSSP PROSP'!$AX$1:$BE$1,0))+INDEX('MSSP PROSP'!$BF$3:$BM$3,1,MATCH(C$5,'MSSP PROSP'!$BF$1:$BM$1,0)))+INDEX('MSSP PROSP'!$BN$3:$BU$3,1,MATCH(C$5,'MSSP PROSP'!$BN$1:$BU$1,0)))+INDEX('MSSP PROSP'!$BV$3:$CC$3,1,MATCH(C$5,'MSSP PROSP'!$BV$1:$CC$1,0)))),((((INDEX('MSSP RETRO'!$AX$3:$BE$3,1,MATCH(C$5,'MSSP RETRO'!$AX$1:$BE$1,0))+INDEX('MSSP RETRO'!$BF$3:$BM$3,1,MATCH(C$5,'MSSP RETRO'!$BF$1:$BM$1,0)))+INDEX('MSSP RETRO'!$BN$3:$BU$3,1,MATCH(C$5,'MSSP RETRO'!$BN$1:$BU$1,0)))+INDEX('MSSP RETRO'!$BV$3:$CC$3,1,MATCH(C$5,'MSSP RETRO'!$BV$1:$CC$1,0))))),0))/12)",Recompute formula for each TIN; cached Excel result must not be used.
225,MSSP Historical Benchmark — Person Years [BY3] (D9),person-years,Person Years; BY3,model_cell,MSSP Historical Benchmark ,D9,"=((IFERROR(IF(('MSSP Parameters'!$C$3=""Prospective""),((((INDEX('MSSP PROSP'!$AX$3:$BE$3,1,MATCH(D$5,'MSSP PROSP'!$AX$1:$BE$1,0))+INDEX('MSSP PROSP'!$BF$3:$BM$3,1,MATCH(D$5,'MSSP PROSP'!$BF$1:$BM$1,0)))+INDEX('MSSP PROSP'!$BN$3:$BU$3,1,MATCH(D$5,'MSSP PROSP'!$BN$1:$BU$1,0)))+INDEX('MSSP PROSP'!$BV$3:$CC$3,1,MATCH(D$5,'MSSP PROSP'!$BV$1:$CC$1,0)))),IF(($D$5=2026),((D8*T13)*3),((((INDEX('MSSP RETRO'!$AX$3:$BE$3,1,MATCH(D$5,'MSSP RETRO'!$AX$1:$BE$1,0))+INDEX('MSSP RETRO'!$BF$3:$BM$3,1,MATCH(D$5,'MSSP RETRO'!$BF$1:$BM$1,0)))+INDEX('MSSP RETRO'!$BN$3:$BU$3,1,MATCH(D$5,'MSSP RETRO'!$BN$1:$BU$1,0)))+INDEX('MSSP RETRO'!$BV$3:$CC$3,1,MATCH(D$5,'MSSP RETRO'!$BV$1:$CC$1,0)))))),0))/IF(($D$5=2026),5,12))",Recompute formula for each TIN; cached Excel result must not be used.
226,MSSP Historical Benchmark — Person Years [Combined benchmark] (E9),person-years,Person Years; Combined benchmark,model_cell,MSSP Historical Benchmark ,E9,,Preserve supplied workbook configuration / placeholder unless explicitly overridden.
227,MSSP Historical Benchmark — Expense blending weight [Historical trend] (J9),ratio,Expense blending weight; Historical trend,model_cell,MSSP Historical Benchmark ,J9,=((1-K9)),Recompute formula for each TIN; cached Excel result must not be used.
228,"MSSP Historical Benchmark — Expense blending weight [Observed 2026, adjusted] (K9)",ratio,"Expense blending weight; Observed 2026, adjusted",model_cell,MSSP Historical Benchmark ,K9,='MSSP Parameters'!C13,Recompute formula for each TIN; cached Excel result must not be used.
229,MSSP Historical Benchmark — Historical exposure year [N9] (N9),year,Historical exposure year; N9,model_cell,MSSP Historical Benchmark ,N9,=B5,Recompute formula for each TIN; cached Excel result must not be used.
230,MSSP Historical Benchmark — Historical exposure year [O9] (O9),year,Historical exposure year; O9,model_cell,MSSP Historical Benchmark ,O9,=C5,Recompute formula for each TIN; cached Excel result must not be used.
231,MSSP Historical Benchmark — Historical exposure year [P9] (P9),year,Historical exposure year; P9,model_cell,MSSP Historical Benchmark ,P9,,Preserve supplied workbook configuration / placeholder unless explicitly overridden.
232,MSSP Historical Benchmark — Historical exposure year [Q9] (Q9),year,Historical exposure year; Q9,model_cell,MSSP Historical Benchmark ,Q9,,Preserve supplied workbook configuration / placeholder unless explicitly overridden.
233,MSSP Historical Benchmark — Person Years — ESRD [BY1] (B10),person-years,Person Years — ESRD; BY1,model_cell,MSSP Historical Benchmark ,B10,"=IFERROR(IF(('MSSP Parameters'!$C$3=""Prospective""),(INDEX('MSSP PROSP'!$AX$3:$BE$3,1,MATCH(B$5,'MSSP PROSP'!$AX$1:$BE$1,0))/12),(INDEX('MSSP RETRO'!$AX$3:$BE$3,1,MATCH(B$5,'MSSP RETRO'!$AX$1:$BE$1,0))/12)),0)",Recompute formula for each TIN; cached Excel result must not be used.
234,MSSP Historical Benchmark — Person Years — ESRD [BY2] (C10),person-years,Person Years — ESRD; BY2,model_cell,MSSP Historical Benchmark ,C10,"=IFERROR(IF(('MSSP Parameters'!$C$3=""Prospective""),(INDEX('MSSP PROSP'!$AX$3:$BE$3,1,MATCH(C$5,'MSSP PROSP'!$AX$1:$BE$1,0))/12),(INDEX('MSSP RETRO'!$AX$3:$BE$3,1,MATCH(C$5,'MSSP RETRO'!$AX$1:$BE$1,0))/12)),0)",Recompute formula for each TIN; cached Excel result must not be used.
235,MSSP Historical Benchmark — Person Years — ESRD [BY3] (D10),person-years,Person Years — ESRD; BY3,model_cell,MSSP Historical Benchmark ,D10,"=(IFERROR(IF(('MSSP Parameters'!$C$3=""Prospective""),INDEX('MSSP PROSP'!$AX$3:$BE$3,1,MATCH(D$5,'MSSP PROSP'!$AX$1:$BE$1,0)),IF(($D$5=2026),(('MSSP Assumptions'!E42*T13)*3),INDEX('MSSP RETRO'!$AX$3:$BE$3,1,MATCH(D$5,'MSSP RETRO'!$AX$1:$BE$1,0)))),0)/IF(($D$5=2026),5,12))",Recompute formula for each TIN; cached Excel result must not be used.
236,MSSP Historical Benchmark — Person Years — ESRD [Combined benchmark] (E10),person-years,Person Years — ESRD; Combined benchmark,model_cell,MSSP Historical Benchmark ,E10,,Preserve supplied workbook configuration / placeholder unless explicitly overridden.
237,MSSP Historical Benchmark — Historical beneficiaries — ESRD [BY1] (N10),beneficiaries,Historical beneficiaries — ESRD; BY1,model_cell,MSSP Historical Benchmark ,N10,"=IF(('MSSP Parameters'!$C$3=""Prospective""),INDEX('MSSP PROSP'!$R$3:$Y$3,1,MATCH(N$9,'MSSP PROSP'!$R$1:$Y$1,0)),INDEX('MSSP RETRO'!$R$3:$Y$3,1,MATCH(N$9,'MSSP RETRO'!$R$1:$Y$1,0)))",Recompute formula for each TIN; cached Excel result must not be used.
238,MSSP Historical Benchmark — Historical beneficiaries — ESRD [BY2] (O10),beneficiaries,Historical beneficiaries — ESRD; BY2,model_cell,MSSP Historical Benchmark ,O10,"=IF(('MSSP Parameters'!$C$3=""Prospective""),INDEX('MSSP PROSP'!$R$3:$Y$3,1,MATCH(O$9,'MSSP PROSP'!$R$1:$Y$1,0)),INDEX('MSSP RETRO'!$R$3:$Y$3,1,MATCH(O$9,'MSSP RETRO'!$R$1:$Y$1,0)))",Recompute formula for each TIN; cached Excel result must not be used.
239,MSSP Historical Benchmark — Historical person years — ESRD [BY1] (P10),person-years,Historical person years — ESRD; BY1,model_cell,MSSP Historical Benchmark ,P10,=B10,Recompute formula for each TIN; cached Excel result must not be used.
240,MSSP Historical Benchmark — Historical person years — ESRD [BY2] (Q10),person-years,Historical person years — ESRD; BY2,model_cell,MSSP Historical Benchmark ,Q10,=C10,Recompute formula for each TIN; cached Excel result must not be used.
241,MSSP Historical Benchmark — Person Years — Disabled [BY1] (B11),person-years,Person Years — Disabled; BY1,model_cell,MSSP Historical Benchmark ,B11,"=IFERROR(IF(('MSSP Parameters'!$C$3=""Prospective""),(INDEX('MSSP PROSP'!$BF$3:$BM$3,1,MATCH(B$5,'MSSP PROSP'!$BF$1:$BM$1,0))/12),(INDEX('MSSP RETRO'!$BF$3:$BM$3,1,MATCH(B$5,'MSSP RETRO'!$BF$1:$BM$1,0))/12)),0)",Recompute formula for each TIN; cached Excel result must not be used.
242,MSSP Historical Benchmark — Person Years — Disabled [BY2] (C11),person-years,Person Years — Disabled; BY2,model_cell,MSSP Historical Benchmark ,C11,"=IFERROR(IF(('MSSP Parameters'!$C$3=""Prospective""),(INDEX('MSSP PROSP'!$BF$3:$BM$3,1,MATCH(C$5,'MSSP PROSP'!$BF$1:$BM$1,0))/12),(INDEX('MSSP RETRO'!$BF$3:$BM$3,1,MATCH(C$5,'MSSP RETRO'!$BF$1:$BM$1,0))/12)),0)",Recompute formula for each TIN; cached Excel result must not be used.
243,MSSP Historical Benchmark — Person Years — Disabled [BY3] (D11),person-years,Person Years — Disabled; BY3,model_cell,MSSP Historical Benchmark ,D11,"=(IFERROR(IF(('MSSP Parameters'!$C$3=""Prospective""),INDEX('MSSP PROSP'!$BF$3:$BM$3,1,MATCH(D$5,'MSSP PROSP'!$BF$1:$BM$1,0)),IF(($D$5=2026),(('MSSP Assumptions'!E43*T13)*3),INDEX('MSSP RETRO'!$BF$3:$BM$3,1,MATCH(D$5,'MSSP RETRO'!$BF$1:$BM$1,0)))),0)/IF(($D$5=2026),5,12))",Recompute formula for each TIN; cached Excel result must not be used.
244,MSSP Historical Benchmark — Person Years — Disabled [Combined benchmark] (E11),person-years,Person Years — Disabled; Combined benchmark,model_cell,MSSP Historical Benchmark ,E11,,Preserve supplied workbook configuration / placeholder unless explicitly overridden.
245,MSSP Historical Benchmark — BY3 blended annualized expense — ESRD [Historical trend] (J11),USD/person-year,BY3 blended annualized expense — ESRD; Historical trend,model_cell,MSSP Historical Benchmark ,J11,='MSSP Assumptions'!F50,Recompute formula for each TIN; cached Excel result must not be used.
246,"MSSP Historical Benchmark — BY3 blended annualized expense — ESRD [Observed 2026, adjusted] (K11)",USD/person-year,"BY3 blended annualized expense — ESRD; Observed 2026, adjusted",model_cell,MSSP Historical Benchmark ,K11,='MSSP Assumptions'!E50,Recompute formula for each TIN; cached Excel result must not be used.
247,MSSP Historical Benchmark — BY3 blended annualized expense — ESRD [Weighted 2026 expense] (L11),USD/person-year,BY3 blended annualized expense — ESRD; Weighted 2026 expense,model_cell,MSSP Historical Benchmark ,L11,"=IF(OR((J11=0),(K11=0)),(J11+K11),SUMPRODUCT($J$9:$K$9,J11:K11))",Recompute formula for each TIN; cached Excel result must not be used.
248,MSSP Historical Benchmark — Historical beneficiaries — Disabled [BY1] (N11),beneficiaries,Historical beneficiaries — Disabled; BY1,model_cell,MSSP Historical Benchmark ,N11,"=IF(('MSSP Parameters'!$C$3=""Prospective""),INDEX('MSSP PROSP'!$Z$3:$AG$3,1,MATCH(N$9,'MSSP PROSP'!$Z$1:$AG$1,0)),INDEX('MSSP RETRO'!$Z$3:$AG$3,1,MATCH(N$9,'MSSP RETRO'!$Z$1:$AG$1,0)))",Recompute formula for each TIN; cached Excel result must not be used.
249,MSSP Historical Benchmark — Historical beneficiaries — Disabled [BY2] (O11),beneficiaries,Historical beneficiaries — Disabled; BY2,model_cell,MSSP Historical Benchmark ,O11,"=IF(('MSSP Parameters'!$C$3=""Prospective""),INDEX('MSSP PROSP'!$Z$3:$AG$3,1,MATCH(O$9,'MSSP PROSP'!$Z$1:$AG$1,0)),INDEX('MSSP RETRO'!$Z$3:$AG$3,1,MATCH(O$9,'MSSP RETRO'!$Z$1:$AG$1,0)))",Recompute formula for each TIN; cached Excel result must not be used.
250,MSSP Historical Benchmark — Historical person years — Disabled [BY1] (P11),person-years,Historical person years — Disabled; BY1,model_cell,MSSP Historical Benchmark ,P11,=B11,Recompute formula for each TIN; cached Excel result must not be used.
251,MSSP Historical Benchmark — Historical person years — Disabled [BY2] (Q11),person-years,Historical person years — Disabled; BY2,model_cell,MSSP Historical Benchmark ,Q11,=C11,Recompute formula for each TIN; cached Excel result must not be used.
252,MSSP Historical Benchmark — Historical churn year [2024] (S11),year,Historical churn year; 2024,model_cell,MSSP Historical Benchmark ,S11,,Preserve supplied workbook configuration / placeholder unless explicitly overridden.
253,MSSP Historical Benchmark — Historical churn ratio [2024] (T11),ratio,Historical churn ratio; 2024,model_cell,MSSP Historical Benchmark ,T11,"=IFERROR((P7/N7),1)",Recompute formula for each TIN; cached Excel result must not be used.
254,MSSP Historical Benchmark — Person Years — Aged/dual [BY1] (B12),person-years,Person Years — Aged/dual; BY1,model_cell,MSSP Historical Benchmark ,B12,"=IFERROR(IF(('MSSP Parameters'!$C$3=""Prospective""),(INDEX('MSSP PROSP'!$BN$3:$BU$3,1,MATCH(B$5,'MSSP PROSP'!$BN$1:$BU$1,0))/12),(INDEX('MSSP RETRO'!$BN$3:$BU$3,1,MATCH(B$5,'MSSP RETRO'!$BN$1:$BU$1,0))/12)),0)",Recompute formula for each TIN; cached Excel result must not be used.
255,MSSP Historical Benchmark — Person Years — Aged/dual [BY2] (C12),person-years,Person Years — Aged/dual; BY2,model_cell,MSSP Historical Benchmark ,C12,"=IFERROR(IF(('MSSP Parameters'!$C$3=""Prospective""),(INDEX('MSSP PROSP'!$BN$3:$BU$3,1,MATCH(C$5,'MSSP PROSP'!$BN$1:$BU$1,0))/12),(INDEX('MSSP RETRO'!$BN$3:$BU$3,1,MATCH(C$5,'MSSP RETRO'!$BN$1:$BU$1,0))/12)),0)",Recompute formula for each TIN; cached Excel result must not be used.
256,MSSP Historical Benchmark — Person Years — Aged/dual [BY3] (D12),person-years,Person Years — Aged/dual; BY3,model_cell,MSSP Historical Benchmark ,D12,"=(IFERROR(IF(('MSSP Parameters'!$C$3=""Prospective""),INDEX('MSSP PROSP'!$BN$3:$BU$3,1,MATCH(D$5,'MSSP PROSP'!$BN$1:$BU$1,0)),IF(($D$5=2026),(('MSSP Assumptions'!E44*T13)*3),INDEX('MSSP RETRO'!$BN$3:$BU$3,1,MATCH(D$5,'MSSP RETRO'!$BN$1:$BU$1,0)))),0)/IF(($D$5=2026),5,12))",Recompute formula for each TIN; cached Excel result must not be used.
257,MSSP Historical Benchmark — Person Years — Aged/dual [Combined benchmark] (E12),person-years,Person Years — Aged/dual; Combined benchmark,model_cell,MSSP Historical Benchmark ,E12,,Preserve supplied workbook configuration / placeholder unless explicitly overridden.
258,MSSP Historical Benchmark — BY3 blended annualized expense — Disabled [Historical trend] (J12),USD/person-year,BY3 blended annualized expense — Disabled; Historical trend,model_cell,MSSP Historical Benchmark ,J12,='MSSP Assumptions'!F51,Recompute formula for each TIN; cached Excel result must not be used.
259,"MSSP Historical Benchmark — BY3 blended annualized expense — Disabled [Observed 2026, adjusted] (K12)",USD/person-year,"BY3 blended annualized expense — Disabled; Observed 2026, adjusted",model_cell,MSSP Historical Benchmark ,K12,='MSSP Assumptions'!E51,Recompute formula for each TIN; cached Excel result must not be used.
260,MSSP Historical Benchmark — BY3 blended annualized expense — Disabled [Weighted 2026 expense] (L12),USD/person-year,BY3 blended annualized expense — Disabled; Weighted 2026 expense,model_cell,MSSP Historical Benchmark ,L12,"=IF(OR((J12=0),(K12=0)),(J12+K12),SUMPRODUCT($J$9:$K$9,J12:K12))",Recompute formula for each TIN; cached Excel result must not be used.
261,MSSP Historical Benchmark — Historical beneficiaries — Aged/dual [BY1] (N12),beneficiaries,Historical beneficiaries — Aged/dual; BY1,model_cell,MSSP Historical Benchmark ,N12,"=IF(('MSSP Parameters'!$C$3=""Prospective""),INDEX('MSSP PROSP'!$AH$3:$AO$3,1,MATCH(N$9,'MSSP PROSP'!$AH$1:$AO$1,0)),INDEX('MSSP RETRO'!$AH$3:$AO$3,1,MATCH(N$9,'MSSP RETRO'!$AH$1:$AO$1,0)))",Recompute formula for each TIN; cached Excel result must not be used.
262,MSSP Historical Benchmark — Historical beneficiaries — Aged/dual [BY2] (O12),beneficiaries,Historical beneficiaries — Aged/dual; BY2,model_cell,MSSP Historical Benchmark ,O12,"=IF(('MSSP Parameters'!$C$3=""Prospective""),INDEX('MSSP PROSP'!$AH$3:$AO$3,1,MATCH(O$9,'MSSP PROSP'!$AH$1:$AO$1,0)),INDEX('MSSP RETRO'!$AH$3:$AO$3,1,MATCH(O$9,'MSSP RETRO'!$AH$1:$AO$1,0)))",Recompute formula for each TIN; cached Excel result must not be used.
263,MSSP Historical Benchmark — Historical person years — Aged/dual [BY1] (P12),person-years,Historical person years — Aged/dual; BY1,model_cell,MSSP Historical Benchmark ,P12,=B12,Recompute formula for each TIN; cached Excel result must not be used.
264,MSSP Historical Benchmark — Historical person years — Aged/dual [BY2] (Q12),person-years,Historical person years — Aged/dual; BY2,model_cell,MSSP Historical Benchmark ,Q12,=C12,Recompute formula for each TIN; cached Excel result must not be used.
265,MSSP Historical Benchmark — Historical churn year [2025] (S12),year,Historical churn year; 2025,model_cell,MSSP Historical Benchmark ,S12,,Preserve supplied workbook configuration / placeholder unless explicitly overridden.
266,MSSP Historical Benchmark — Historical churn ratio [2025] (T12),ratio,Historical churn ratio; 2025,model_cell,MSSP Historical Benchmark ,T12,"=IFERROR((Q7/O7),1)",Recompute formula for each TIN; cached Excel result must not be used.
267,MSSP Historical Benchmark — Person Years — Aged/non-dual [BY1] (B13),person-years,Person Years — Aged/non-dual; BY1,model_cell,MSSP Historical Benchmark ,B13,"=IFERROR(IF(('MSSP Parameters'!$C$3=""Prospective""),(INDEX('MSSP PROSP'!$BV$3:$CC$3,1,MATCH(B$5,'MSSP PROSP'!$BV$1:$CC$1,0))/12),(INDEX('MSSP RETRO'!$BV$3:$CC$3,1,MATCH(B$5,'MSSP RETRO'!$BV$1:$CC$1,0))/12)),0)",Recompute formula for each TIN; cached Excel result must not be used.
268,MSSP Historical Benchmark — Person Years — Aged/non-dual [BY2] (C13),person-years,Person Years — Aged/non-dual; BY2,model_cell,MSSP Historical Benchmark ,C13,"=IFERROR(IF(('MSSP Parameters'!$C$3=""Prospective""),(INDEX('MSSP PROSP'!$BV$3:$CC$3,1,MATCH(C$5,'MSSP PROSP'!$BV$1:$CC$1,0))/12),(INDEX('MSSP RETRO'!$BV$3:$CC$3,1,MATCH(C$5,'MSSP RETRO'!$BV$1:$CC$1,0))/12)),0)",Recompute formula for each TIN; cached Excel result must not be used.
269,MSSP Historical Benchmark — Person Years — Aged/non-dual [BY3] (D13),person-years,Person Years — Aged/non-dual; BY3,model_cell,MSSP Historical Benchmark ,D13,"=(IFERROR(IF(('MSSP Parameters'!$C$3=""Prospective""),INDEX('MSSP PROSP'!$BV$3:$CC$3,1,MATCH(D$5,'MSSP PROSP'!$BV$1:$CC$1,0)),IF(($D$5=2026),(('MSSP Assumptions'!E45*T13)*3),INDEX('MSSP RETRO'!$BV$3:$CC$3,1,MATCH(D$5,'MSSP RETRO'!$BV$1:$CC$1,0)))),0)/IF(($D$5=2026),5,12))",Recompute formula for each TIN; cached Excel result must not be used.
270,MSSP Historical Benchmark — Person Years — Aged/non-dual [Combined benchmark] (E13),person-years,Person Years — Aged/non-dual; Combined benchmark,model_cell,MSSP Historical Benchmark ,E13,,Preserve supplied workbook configuration / placeholder unless explicitly overridden.
271,MSSP Historical Benchmark — BY3 blended annualized expense — Aged/dual [Historical trend] (J13),USD/person-year,BY3 blended annualized expense — Aged/dual; Historical trend,model_cell,MSSP Historical Benchmark ,J13,='MSSP Assumptions'!F52,Recompute formula for each TIN; cached Excel result must not be used.
272,"MSSP Historical Benchmark — BY3 blended annualized expense — Aged/dual [Observed 2026, adjusted] (K13)",USD/person-year,"BY3 blended annualized expense — Aged/dual; Observed 2026, adjusted",model_cell,MSSP Historical Benchmark ,K13,='MSSP Assumptions'!E52,Recompute formula for each TIN; cached Excel result must not be used.
273,MSSP Historical Benchmark — BY3 blended annualized expense — Aged/dual [Weighted 2026 expense] (L13),USD/person-year,BY3 blended annualized expense — Aged/dual; Weighted 2026 expense,model_cell,MSSP Historical Benchmark ,L13,"=IF(OR((J13=0),(K13=0)),(J13+K13),SUMPRODUCT($J$9:$K$9,J13:K13))",Recompute formula for each TIN; cached Excel result must not be used.
274,MSSP Historical Benchmark — Historical beneficiaries — Aged/non-dual [BY1] (N13),beneficiaries,Historical beneficiaries — Aged/non-dual; BY1,model_cell,MSSP Historical Benchmark ,N13,"=IF(('MSSP Parameters'!$C$3=""Prospective""),INDEX('MSSP PROSP'!$AP$3:$AW$3,1,MATCH(N$9,'MSSP PROSP'!$AP$1:$AW$1,0)),INDEX('MSSP RETRO'!$AP$3:$AW$3,1,MATCH(N$9,'MSSP RETRO'!$AP$1:$AW$1,0)))",Recompute formula for each TIN; cached Excel result must not be used.
275,MSSP Historical Benchmark — Historical beneficiaries — Aged/non-dual [BY2] (O13),beneficiaries,Historical beneficiaries — Aged/non-dual; BY2,model_cell,MSSP Historical Benchmark ,O13,"=IF(('MSSP Parameters'!$C$3=""Prospective""),INDEX('MSSP PROSP'!$AP$3:$AW$3,1,MATCH(O$9,'MSSP PROSP'!$AP$1:$AW$1,0)),INDEX('MSSP RETRO'!$AP$3:$AW$3,1,MATCH(O$9,'MSSP RETRO'!$AP$1:$AW$1,0)))",Recompute formula for each TIN; cached Excel result must not be used.
276,MSSP Historical Benchmark — Historical person years — Aged/non-dual [BY1] (P13),person-years,Historical person years — Aged/non-dual; BY1,model_cell,MSSP Historical Benchmark ,P13,=B13,Recompute formula for each TIN; cached Excel result must not be used.
277,MSSP Historical Benchmark — Historical person years — Aged/non-dual [BY2] (Q13),person-years,Historical person years — Aged/non-dual; BY2,model_cell,MSSP Historical Benchmark ,Q13,=C13,Recompute formula for each TIN; cached Excel result must not be used.
278,MSSP Historical Benchmark — Historical churn ratio [Projection used] (T13),ratio,Historical churn ratio; Projection used,model_cell,MSSP Historical Benchmark ,T13,=AVERAGE(T11:T12),Recompute formula for each TIN; cached Excel result must not be used.
279,MSSP Historical Benchmark — BY3 blended annualized expense — Aged/non-dual [Historical trend] (J14),USD/person-year,BY3 blended annualized expense — Aged/non-dual; Historical trend,model_cell,MSSP Historical Benchmark ,J14,='MSSP Assumptions'!F53,Recompute formula for each TIN; cached Excel result must not be used.
280,"MSSP Historical Benchmark — BY3 blended annualized expense — Aged/non-dual [Observed 2026, adjusted] (K14)",USD/person-year,"BY3 blended annualized expense — Aged/non-dual; Observed 2026, adjusted",model_cell,MSSP Historical Benchmark ,K14,='MSSP Assumptions'!E53,Recompute formula for each TIN; cached Excel result must not be used.
281,MSSP Historical Benchmark — BY3 blended annualized expense — Aged/non-dual [Weighted 2026 expense] (L14),USD/person-year,BY3 blended annualized expense — Aged/non-dual; Weighted 2026 expense,model_cell,MSSP Historical Benchmark ,L14,"=IF(OR((J14=0),(K14=0)),(J14+K14),SUMPRODUCT($J$9:$K$9,J14:K14))",Recompute formula for each TIN; cached Excel result must not be used.
282,MSSP Historical Benchmark — Per Capita Expenditures ($) — ESRD [BY1] (B16),USD/person-year,Per Capita Expenditures ($) — ESRD; BY1,model_cell,MSSP Historical Benchmark ,B16,"=IFERROR((IF(('MSSP Parameters'!$C$3=""Prospective""),INDEX('MSSP PROSP'!$CD$3:$CK$3,1,MATCH(B$5,'MSSP PROSP'!$CD$1:$CK$1,0)),INDEX('MSSP RETRO'!$CD$3:$CK$3,1,MATCH(B$5,'MSSP RETRO'!$CD$1:$CK$1,0)))*12),0)",Recompute formula for each TIN; cached Excel result must not be used.
283,MSSP Historical Benchmark — Per Capita Expenditures ($) — ESRD [BY2] (C16),USD/person-year,Per Capita Expenditures ($) — ESRD; BY2,model_cell,MSSP Historical Benchmark ,C16,"=IFERROR((IF(('MSSP Parameters'!$C$3=""Prospective""),INDEX('MSSP PROSP'!$CD$3:$CK$3,1,MATCH(C$5,'MSSP PROSP'!$CD$1:$CK$1,0)),INDEX('MSSP RETRO'!$CD$3:$CK$3,1,MATCH(C$5,'MSSP RETRO'!$CD$1:$CK$1,0)))*12),0)",Recompute formula for each TIN; cached Excel result must not be used.
284,MSSP Historical Benchmark — Per Capita Expenditures ($) — ESRD [BY3] (D16),USD/person-year,Per Capita Expenditures ($) — ESRD; BY3,model_cell,MSSP Historical Benchmark ,D16,"=(IFERROR(IF(($D$5=2026),IF(('MSSP Parameters'!$C$3=""Prospective""),L11,J11),(IF(('MSSP Parameters'!$C$3=""Prospective""),INDEX('MSSP PROSP'!$CD$3:$CK$3,1,MATCH(D$5,'MSSP PROSP'!$CD$1:$CK$1,0)),INDEX('MSSP RETRO'!$CD$3:$CK$3,1,MATCH(D$5,'MSSP RETRO'!$CD$1:$CK$1,0)))*12)),0)*IF((D10=0),0,1))",Recompute formula for each TIN; cached Excel result must not be used.
285,MSSP Historical Benchmark — Per Capita Expenditures ($) — Disabled [BY1] (B17),USD/person-year,Per Capita Expenditures ($) — Disabled; BY1,model_cell,MSSP Historical Benchmark ,B17,"=IFERROR((IF(('MSSP Parameters'!$C$3=""Prospective""),INDEX('MSSP PROSP'!$CL$3:$CS$3,1,MATCH(B$5,'MSSP PROSP'!$CL$1:$CS$1,0)),INDEX('MSSP RETRO'!$CL$3:$CS$3,1,MATCH(B$5,'MSSP RETRO'!$CL$1:$CS$1,0)))*12),0)",Recompute formula for each TIN; cached Excel result must not be used.
286,MSSP Historical Benchmark — Per Capita Expenditures ($) — Disabled [BY2] (C17),USD/person-year,Per Capita Expenditures ($) — Disabled; BY2,model_cell,MSSP Historical Benchmark ,C17,"=IFERROR((IF(('MSSP Parameters'!$C$3=""Prospective""),INDEX('MSSP PROSP'!$CL$3:$CS$3,1,MATCH(C$5,'MSSP PROSP'!$CL$1:$CS$1,0)),INDEX('MSSP RETRO'!$CL$3:$CS$3,1,MATCH(C$5,'MSSP RETRO'!$CL$1:$CS$1,0)))*12),0)",Recompute formula for each TIN; cached Excel result must not be used.
287,MSSP Historical Benchmark — Per Capita Expenditures ($) — Disabled [BY3] (D17),USD/person-year,Per Capita Expenditures ($) — Disabled; BY3,model_cell,MSSP Historical Benchmark ,D17,"=(IFERROR(IF(($D$5=2026),IF(('MSSP Parameters'!$C$3=""Prospective""),L12,J12),(IF(('MSSP Parameters'!$C$3=""Prospective""),INDEX('MSSP PROSP'!$CL$3:$CS$3,1,MATCH(D$5,'MSSP PROSP'!$CL$1:$CS$1,0)),INDEX('MSSP RETRO'!$CL$3:$CS$3,1,MATCH(D$5,'MSSP RETRO'!$CL$1:$CS$1,0)))*12)),0)*IF((D11=0),0,1))",Recompute formula for each TIN; cached Excel result must not be used.
288,MSSP Historical Benchmark — Per Capita Expenditures ($) — Aged/dual [BY1] (B18),USD/person-year,Per Capita Expenditures ($) — Aged/dual; BY1,model_cell,MSSP Historical Benchmark ,B18,"=IFERROR((IF(('MSSP Parameters'!$C$3=""Prospective""),INDEX('MSSP PROSP'!$CT$3:$DA$3,1,MATCH(B$5,'MSSP PROSP'!$CT$1:$DA$1,0)),INDEX('MSSP RETRO'!$CT$3:$DA$3,1,MATCH(B$5,'MSSP RETRO'!$CT$1:$DA$1,0)))*12),0)",Recompute formula for each TIN; cached Excel result must not be used.
289,MSSP Historical Benchmark — Per Capita Expenditures ($) — Aged/dual [BY2] (C18),USD/person-year,Per Capita Expenditures ($) — Aged/dual; BY2,model_cell,MSSP Historical Benchmark ,C18,"=IFERROR((IF(('MSSP Parameters'!$C$3=""Prospective""),INDEX('MSSP PROSP'!$CT$3:$DA$3,1,MATCH(C$5,'MSSP PROSP'!$CT$1:$DA$1,0)),INDEX('MSSP RETRO'!$CT$3:$DA$3,1,MATCH(C$5,'MSSP RETRO'!$CT$1:$DA$1,0)))*12),0)",Recompute formula for each TIN; cached Excel result must not be used.
290,MSSP Historical Benchmark — Per Capita Expenditures ($) — Aged/dual [BY3] (D18),USD/person-year,Per Capita Expenditures ($) — Aged/dual; BY3,model_cell,MSSP Historical Benchmark ,D18,"=(IFERROR(IF(($D$5=2026),IF(('MSSP Parameters'!$C$3=""Prospective""),L13,J13),(IF(('MSSP Parameters'!$C$3=""Prospective""),INDEX('MSSP PROSP'!$CT$3:$DA$3,1,MATCH(D$5,'MSSP PROSP'!$CT$1:$DA$1,0)),INDEX('MSSP RETRO'!$CT$3:$DA$3,1,MATCH(D$5,'MSSP RETRO'!$CT$1:$DA$1,0)))*12)),0)*IF((D12=0),0,1))",Recompute formula for each TIN; cached Excel result must not be used.
291,MSSP Historical Benchmark — Per Capita Expenditures ($) — Aged/non-dual [BY1] (B19),USD/person-year,Per Capita Expenditures ($) — Aged/non-dual; BY1,model_cell,MSSP Historical Benchmark ,B19,"=IFERROR((IF(('MSSP Parameters'!$C$3=""Prospective""),INDEX('MSSP PROSP'!$DB$3:$DI$3,1,MATCH(B$5,'MSSP PROSP'!$DB$1:$DI$1,0)),INDEX('MSSP RETRO'!$DB$3:$DI$3,1,MATCH(B$5,'MSSP RETRO'!$DB$1:$DI$1,0)))*12),0)",Recompute formula for each TIN; cached Excel result must not be used.
292,MSSP Historical Benchmark — Per Capita Expenditures ($) — Aged/non-dual [BY2] (C19),USD/person-year,Per Capita Expenditures ($) — Aged/non-dual; BY2,model_cell,MSSP Historical Benchmark ,C19,"=IFERROR((IF(('MSSP Parameters'!$C$3=""Prospective""),INDEX('MSSP PROSP'!$DB$3:$DI$3,1,MATCH(C$5,'MSSP PROSP'!$DB$1:$DI$1,0)),INDEX('MSSP RETRO'!$DB$3:$DI$3,1,MATCH(C$5,'MSSP RETRO'!$DB$1:$DI$1,0)))*12),0)",Recompute formula for each TIN; cached Excel result must not be used.
293,MSSP Historical Benchmark — Per Capita Expenditures ($) — Aged/non-dual [BY3] (D19),USD/person-year,Per Capita Expenditures ($) — Aged/non-dual; BY3,model_cell,MSSP Historical Benchmark ,D19,"=(IFERROR(IF(($D$5=2026),IF(('MSSP Parameters'!$C$3=""Prospective""),L14,J14),(IF(('MSSP Parameters'!$C$3=""Prospective""),INDEX('MSSP PROSP'!$DB$3:$DI$3,1,MATCH(D$5,'MSSP PROSP'!$DB$1:$DI$1,0)),INDEX('MSSP RETRO'!$DB$3:$DI$3,1,MATCH(D$5,'MSSP RETRO'!$DB$1:$DI$1,0)))*12)),0)*IF((D13=0),0,1))",Recompute formula for each TIN; cached Excel result must not be used.
294,MSSP Historical Benchmark — CMS-HCC Risk Score — ESRD [BY1] (B21),risk score,CMS-HCC Risk Score — ESRD; BY1,model_cell,MSSP Historical Benchmark ,B21,"=(IFERROR(IF(('MSSP Parameters'!$C$3=""Prospective""),INDEX('MSSP PROSP'!$DJ$3:$DQ$3,1,MATCH(B$5,'MSSP PROSP'!$DJ$1:$DQ$1,0)),INDEX('MSSP RETRO'!$DJ$3:$DQ$3,1,MATCH(B$5,'MSSP RETRO'!$DJ$1:$DQ$1,0))),0)/INDEX('MSSP Assumptions'!$B$3:$I$6,1,MATCH(B$5,'MSSP Assumptions'!$B$2:$I$2,0)))",Recompute formula for each TIN; cached Excel result must not be used.
295,MSSP Historical Benchmark — CMS-HCC Risk Score — ESRD [BY2] (C21),risk score,CMS-HCC Risk Score — ESRD; BY2,model_cell,MSSP Historical Benchmark ,C21,"=(IFERROR(IF(('MSSP Parameters'!$C$3=""Prospective""),INDEX('MSSP PROSP'!$DJ$3:$DQ$3,1,MATCH(C$5,'MSSP PROSP'!$DJ$1:$DQ$1,0)),INDEX('MSSP RETRO'!$DJ$3:$DQ$3,1,MATCH(C$5,'MSSP RETRO'!$DJ$1:$DQ$1,0))),0)/INDEX('MSSP Assumptions'!$B$3:$I$6,1,MATCH(C$5,'MSSP Assumptions'!$B$2:$I$2,0)))",Recompute formula for each TIN; cached Excel result must not be used.
296,MSSP Historical Benchmark — CMS-HCC Risk Score — ESRD [BY3] (D21),risk score,CMS-HCC Risk Score — ESRD; BY3,model_cell,MSSP Historical Benchmark ,D21,"=(IFERROR(IF(('MSSP Parameters'!$C$3=""Prospective""),INDEX('MSSP PROSP'!$DJ$3:$DQ$3,1,MATCH(D$5,'MSSP PROSP'!$DJ$1:$DQ$1,0)),IF(($D$5=2026),'MSSP Assumptions'!E35,INDEX('MSSP RETRO'!$DJ$3:$DQ$3,1,MATCH(D$5,'MSSP RETRO'!$DJ$1:$DQ$1,0)))),0)/INDEX('MSSP Assumptions'!$B$3:$I$6,1,MATCH(D$5,'MSSP Assumptions'!$B$2:$I$2,0)))",Recompute formula for each TIN; cached Excel result must not be used.
297,MSSP Historical Benchmark — CMS-HCC Risk Score — ESRD [Combined benchmark] (E21),risk score,CMS-HCC Risk Score — ESRD; Combined benchmark,model_cell,MSSP Historical Benchmark ,E21,,Preserve supplied workbook configuration / placeholder unless explicitly overridden.
298,MSSP Historical Benchmark — CMS-HCC Risk Score — Disabled [BY1] (B22),risk score,CMS-HCC Risk Score — Disabled; BY1,model_cell,MSSP Historical Benchmark ,B22,"=(IFERROR(IF(('MSSP Parameters'!$C$3=""Prospective""),INDEX('MSSP PROSP'!$DR$3:$DY$3,1,MATCH(B$5,'MSSP PROSP'!$DR$1:$DY$1,0)),INDEX('MSSP RETRO'!$DR$3:$DY$3,1,MATCH(B$5,'MSSP RETRO'!$DR$1:$DY$1,0))),0)/INDEX('MSSP Assumptions'!$B$3:$I$6,2,MATCH(B$5,'MSSP Assumptions'!$B$2:$I$2,0)))",Recompute formula for each TIN; cached Excel result must not be used.
299,MSSP Historical Benchmark — CMS-HCC Risk Score — Disabled [BY2] (C22),risk score,CMS-HCC Risk Score — Disabled; BY2,model_cell,MSSP Historical Benchmark ,C22,"=(IFERROR(IF(('MSSP Parameters'!$C$3=""Prospective""),INDEX('MSSP PROSP'!$DR$3:$DY$3,1,MATCH(C$5,'MSSP PROSP'!$DR$1:$DY$1,0)),INDEX('MSSP RETRO'!$DR$3:$DY$3,1,MATCH(C$5,'MSSP RETRO'!$DR$1:$DY$1,0))),0)/INDEX('MSSP Assumptions'!$B$3:$I$6,2,MATCH(C$5,'MSSP Assumptions'!$B$2:$I$2,0)))",Recompute formula for each TIN; cached Excel result must not be used.
300,MSSP Historical Benchmark — CMS-HCC Risk Score — Disabled [BY3] (D22),risk score,CMS-HCC Risk Score — Disabled; BY3,model_cell,MSSP Historical Benchmark ,D22,"=(IFERROR(IF(('MSSP Parameters'!$C$3=""Prospective""),INDEX('MSSP PROSP'!$DR$3:$DY$3,1,MATCH(D$5,'MSSP PROSP'!$DR$1:$DY$1,0)),IF(($D$5=2026),'MSSP Assumptions'!E36,INDEX('MSSP RETRO'!$DR$3:$DY$3,1,MATCH(D$5,'MSSP RETRO'!$DR$1:$DY$1,0)))),0)/INDEX('MSSP Assumptions'!$B$3:$I$6,2,MATCH(D$5,'MSSP Assumptions'!$B$2:$I$2,0)))",Recompute formula for each TIN; cached Excel result must not be used.
301,MSSP Historical Benchmark — CMS-HCC Risk Score — Disabled [Combined benchmark] (E22),risk score,CMS-HCC Risk Score — Disabled; Combined benchmark,model_cell,MSSP Historical Benchmark ,E22,,Preserve supplied workbook configuration / placeholder unless explicitly overridden.
302,MSSP Historical Benchmark — CMS-HCC Risk Score — Aged/dual [BY1] (B23),risk score,CMS-HCC Risk Score — Aged/dual; BY1,model_cell,MSSP Historical Benchmark ,B23,"=(IFERROR(IF(('MSSP Parameters'!$C$3=""Prospective""),INDEX('MSSP PROSP'!$DZ$3:$EG$3,1,MATCH(B$5,'MSSP PROSP'!$DZ$1:$EG$1,0)),INDEX('MSSP RETRO'!$DZ$3:$EG$3,1,MATCH(B$5,'MSSP RETRO'!$DZ$1:$EG$1,0))),0)/INDEX('MSSP Assumptions'!$B$3:$I$6,3,MATCH(B$5,'MSSP Assumptions'!$B$2:$I$2,0)))",Recompute formula for each TIN; cached Excel result must not be used.
303,MSSP Historical Benchmark — CMS-HCC Risk Score — Aged/dual [BY2] (C23),risk score,CMS-HCC Risk Score — Aged/dual; BY2,model_cell,MSSP Historical Benchmark ,C23,"=(IFERROR(IF(('MSSP Parameters'!$C$3=""Prospective""),INDEX('MSSP PROSP'!$DZ$3:$EG$3,1,MATCH(C$5,'MSSP PROSP'!$DZ$1:$EG$1,0)),INDEX('MSSP RETRO'!$DZ$3:$EG$3,1,MATCH(C$5,'MSSP RETRO'!$DZ$1:$EG$1,0))),0)/INDEX('MSSP Assumptions'!$B$3:$I$6,3,MATCH(C$5,'MSSP Assumptions'!$B$2:$I$2,0)))",Recompute formula for each TIN; cached Excel result must not be used.
304,MSSP Historical Benchmark — CMS-HCC Risk Score — Aged/dual [BY3] (D23),risk score,CMS-HCC Risk Score — Aged/dual; BY3,model_cell,MSSP Historical Benchmark ,D23,"=(IFERROR(IF(('MSSP Parameters'!$C$3=""Prospective""),INDEX('MSSP PROSP'!$DZ$3:$EG$3,1,MATCH(D$5,'MSSP PROSP'!$DZ$1:$EG$1,0)),IF(($D$5=2026),'MSSP Assumptions'!E37,INDEX('MSSP RETRO'!$DZ$3:$EG$3,1,MATCH(D$5,'MSSP RETRO'!$DZ$1:$EG$1,0)))),0)/INDEX('MSSP Assumptions'!$B$3:$I$6,3,MATCH(D$5,'MSSP Assumptions'!$B$2:$I$2,0)))",Recompute formula for each TIN; cached Excel result must not be used.
305,MSSP Historical Benchmark — CMS-HCC Risk Score — Aged/dual [Combined benchmark] (E23),risk score,CMS-HCC Risk Score — Aged/dual; Combined benchmark,model_cell,MSSP Historical Benchmark ,E23,,Preserve supplied workbook configuration / placeholder unless explicitly overridden.
306,MSSP Historical Benchmark — CMS-HCC Risk Score — Aged/non-dual [BY1] (B24),risk score,CMS-HCC Risk Score — Aged/non-dual; BY1,model_cell,MSSP Historical Benchmark ,B24,"=(IFERROR(IF(('MSSP Parameters'!$C$3=""Prospective""),INDEX('MSSP PROSP'!$EH$3:$EO$3,1,MATCH(B$5,'MSSP PROSP'!$EH$1:$EO$1,0)),INDEX('MSSP RETRO'!$EH$3:$EO$3,1,MATCH(B$5,'MSSP RETRO'!$EH$1:$EO$1,0))),0)/INDEX('MSSP Assumptions'!$B$3:$I$6,4,MATCH(B$5,'MSSP Assumptions'!$B$2:$I$2,0)))",Recompute formula for each TIN; cached Excel result must not be used.
307,MSSP Historical Benchmark — CMS-HCC Risk Score — Aged/non-dual [BY2] (C24),risk score,CMS-HCC Risk Score — Aged/non-dual; BY2,model_cell,MSSP Historical Benchmark ,C24,"=(IFERROR(IF(('MSSP Parameters'!$C$3=""Prospective""),INDEX('MSSP PROSP'!$EH$3:$EO$3,1,MATCH(C$5,'MSSP PROSP'!$EH$1:$EO$1,0)),INDEX('MSSP RETRO'!$EH$3:$EO$3,1,MATCH(C$5,'MSSP RETRO'!$EH$1:$EO$1,0))),0)/INDEX('MSSP Assumptions'!$B$3:$I$6,4,MATCH(C$5,'MSSP Assumptions'!$B$2:$I$2,0)))",Recompute formula for each TIN; cached Excel result must not be used.
308,MSSP Historical Benchmark — CMS-HCC Risk Score — Aged/non-dual [BY3] (D24),risk score,CMS-HCC Risk Score — Aged/non-dual; BY3,model_cell,MSSP Historical Benchmark ,D24,"=(IFERROR(IF(('MSSP Parameters'!$C$3=""Prospective""),INDEX('MSSP PROSP'!$EH$3:$EO$3,1,MATCH(D$5,'MSSP PROSP'!$EH$1:$EO$1,0)),IF(($D$5=2026),'MSSP Assumptions'!E38,INDEX('MSSP RETRO'!$EH$3:$EO$3,1,MATCH(D$5,'MSSP RETRO'!$EH$1:$EO$1,0)))),0)/INDEX('MSSP Assumptions'!$B$3:$I$6,4,MATCH(D$5,'MSSP Assumptions'!$B$2:$I$2,0)))",Recompute formula for each TIN; cached Excel result must not be used.
309,MSSP Historical Benchmark — CMS-HCC Risk Score — Aged/non-dual [Combined benchmark] (E24),risk score,CMS-HCC Risk Score — Aged/non-dual; Combined benchmark,model_cell,MSSP Historical Benchmark ,E24,,Preserve supplied workbook configuration / placeholder unless explicitly overridden.
310,MSSP Historical Benchmark — CMS-HCC Risk Ratio — ESRD [BY1] (B26),ratio,CMS-HCC Risk Ratio — ESRD; BY1,model_cell,MSSP Historical Benchmark ,B26,"=IFERROR(($D21/B21),0)",Recompute formula for each TIN; cached Excel result must not be used.
311,MSSP Historical Benchmark — CMS-HCC Risk Ratio — ESRD [BY2] (C26),ratio,CMS-HCC Risk Ratio — ESRD; BY2,model_cell,MSSP Historical Benchmark ,C26,"=IFERROR(($D21/C21),0)",Recompute formula for each TIN; cached Excel result must not be used.
312,MSSP Historical Benchmark — CMS-HCC Risk Ratio — ESRD [BY3] (D26),ratio,CMS-HCC Risk Ratio — ESRD; BY3,model_cell,MSSP Historical Benchmark ,D26,"=IFERROR(($D21/D21),0)",Recompute formula for each TIN; cached Excel result must not be used.
313,MSSP Historical Benchmark — CMS-HCC Risk Ratio — ESRD [Combined benchmark] (E26),ratio,CMS-HCC Risk Ratio — ESRD; Combined benchmark,model_cell,MSSP Historical Benchmark ,E26,,Preserve supplied workbook configuration / placeholder unless explicitly overridden.
314,MSSP Historical Benchmark — CMS-HCC Risk Ratio — Disabled [BY1] (B27),ratio,CMS-HCC Risk Ratio — Disabled; BY1,model_cell,MSSP Historical Benchmark ,B27,"=IFERROR(($D22/B22),0)",Recompute formula for each TIN; cached Excel result must not be used.
315,MSSP Historical Benchmark — CMS-HCC Risk Ratio — Disabled [BY2] (C27),ratio,CMS-HCC Risk Ratio — Disabled; BY2,model_cell,MSSP Historical Benchmark ,C27,"=IFERROR(($D22/C22),0)",Recompute formula for each TIN; cached Excel result must not be used.
316,MSSP Historical Benchmark — CMS-HCC Risk Ratio — Disabled [BY3] (D27),ratio,CMS-HCC Risk Ratio — Disabled; BY3,model_cell,MSSP Historical Benchmark ,D27,"=IFERROR(($D22/D22),0)",Recompute formula for each TIN; cached Excel result must not be used.
317,MSSP Historical Benchmark — CMS-HCC Risk Ratio — Disabled [Combined benchmark] (E27),ratio,CMS-HCC Risk Ratio — Disabled; Combined benchmark,model_cell,MSSP Historical Benchmark ,E27,,Preserve supplied workbook configuration / placeholder unless explicitly overridden.
318,MSSP Historical Benchmark — CMS-HCC Risk Ratio — Aged/dual [BY1] (B28),ratio,CMS-HCC Risk Ratio — Aged/dual; BY1,model_cell,MSSP Historical Benchmark ,B28,"=IFERROR(($D23/B23),0)",Recompute formula for each TIN; cached Excel result must not be used.
319,MSSP Historical Benchmark — CMS-HCC Risk Ratio — Aged/dual [BY2] (C28),ratio,CMS-HCC Risk Ratio — Aged/dual; BY2,model_cell,MSSP Historical Benchmark ,C28,"=IFERROR(($D23/C23),0)",Recompute formula for each TIN; cached Excel result must not be used.
320,MSSP Historical Benchmark — CMS-HCC Risk Ratio — Aged/dual [BY3] (D28),ratio,CMS-HCC Risk Ratio — Aged/dual; BY3,model_cell,MSSP Historical Benchmark ,D28,"=IFERROR(($D23/D23),0)",Recompute formula for each TIN; cached Excel result must not be used.
321,MSSP Historical Benchmark — CMS-HCC Risk Ratio — Aged/dual [Combined benchmark] (E28),ratio,CMS-HCC Risk Ratio — Aged/dual; Combined benchmark,model_cell,MSSP Historical Benchmark ,E28,,Preserve supplied workbook configuration / placeholder unless explicitly overridden.
322,MSSP Historical Benchmark — CMS-HCC Risk Ratio — Aged/non-dual [BY1] (B29),ratio,CMS-HCC Risk Ratio — Aged/non-dual; BY1,model_cell,MSSP Historical Benchmark ,B29,"=IFERROR(($D24/B24),0)",Recompute formula for each TIN; cached Excel result must not be used.
323,MSSP Historical Benchmark — CMS-HCC Risk Ratio — Aged/non-dual [BY2] (C29),ratio,CMS-HCC Risk Ratio — Aged/non-dual; BY2,model_cell,MSSP Historical Benchmark ,C29,"=IFERROR(($D24/C24),0)",Recompute formula for each TIN; cached Excel result must not be used.
324,MSSP Historical Benchmark — CMS-HCC Risk Ratio — Aged/non-dual [BY3] (D29),ratio,CMS-HCC Risk Ratio — Aged/non-dual; BY3,model_cell,MSSP Historical Benchmark ,D29,"=IFERROR(($D24/D24),0)",Recompute formula for each TIN; cached Excel result must not be used.
325,MSSP Historical Benchmark — CMS-HCC Risk Ratio — Aged/non-dual [Combined benchmark] (E29),ratio,CMS-HCC Risk Ratio — Aged/non-dual; Combined benchmark,model_cell,MSSP Historical Benchmark ,E29,,Preserve supplied workbook configuration / placeholder unless explicitly overridden.
326,MSSP Historical Benchmark — National-Regional Blended Trend Factor — ESRD [BY1] (B31),ratio,National-Regional Blended Trend Factor — ESRD; BY1,model_cell,MSSP Historical Benchmark ,B31,='MSSP Trend Factor'!B37,Recompute formula for each TIN; cached Excel result must not be used.
327,MSSP Historical Benchmark — National-Regional Blended Trend Factor — ESRD [BY2] (C31),ratio,National-Regional Blended Trend Factor — ESRD; BY2,model_cell,MSSP Historical Benchmark ,C31,='MSSP Trend Factor'!C37,Recompute formula for each TIN; cached Excel result must not be used.
328,MSSP Historical Benchmark — National-Regional Blended Trend Factor — ESRD [BY3] (D31),ratio,National-Regional Blended Trend Factor — ESRD; BY3,model_cell,MSSP Historical Benchmark ,D31,='MSSP Trend Factor'!D37,Recompute formula for each TIN; cached Excel result must not be used.
329,MSSP Historical Benchmark — National-Regional Blended Trend Factor — ESRD [Combined benchmark] (E31),ratio,National-Regional Blended Trend Factor — ESRD; Combined benchmark,model_cell,MSSP Historical Benchmark ,E31,,Preserve supplied workbook configuration / placeholder unless explicitly overridden.
330,MSSP Historical Benchmark — National-Regional Blended Trend Factor — Disabled [BY1] (B32),ratio,National-Regional Blended Trend Factor — Disabled; BY1,model_cell,MSSP Historical Benchmark ,B32,='MSSP Trend Factor'!B38,Recompute formula for each TIN; cached Excel result must not be used.
331,MSSP Historical Benchmark — National-Regional Blended Trend Factor — Disabled [BY2] (C32),ratio,National-Regional Blended Trend Factor — Disabled; BY2,model_cell,MSSP Historical Benchmark ,C32,='MSSP Trend Factor'!C38,Recompute formula for each TIN; cached Excel result must not be used.
332,MSSP Historical Benchmark — National-Regional Blended Trend Factor — Disabled [BY3] (D32),ratio,National-Regional Blended Trend Factor — Disabled; BY3,model_cell,MSSP Historical Benchmark ,D32,='MSSP Trend Factor'!D38,Recompute formula for each TIN; cached Excel result must not be used.
333,MSSP Historical Benchmark — National-Regional Blended Trend Factor — Disabled [Combined benchmark] (E32),ratio,National-Regional Blended Trend Factor — Disabled; Combined benchmark,model_cell,MSSP Historical Benchmark ,E32,,Preserve supplied workbook configuration / placeholder unless explicitly overridden.
334,MSSP Historical Benchmark — National-Regional Blended Trend Factor — Aged/dual [BY1] (B33),ratio,National-Regional Blended Trend Factor — Aged/dual; BY1,model_cell,MSSP Historical Benchmark ,B33,='MSSP Trend Factor'!B39,Recompute formula for each TIN; cached Excel result must not be used.
335,MSSP Historical Benchmark — National-Regional Blended Trend Factor — Aged/dual [BY2] (C33),ratio,National-Regional Blended Trend Factor — Aged/dual; BY2,model_cell,MSSP Historical Benchmark ,C33,='MSSP Trend Factor'!C39,Recompute formula for each TIN; cached Excel result must not be used.
336,MSSP Historical Benchmark — National-Regional Blended Trend Factor — Aged/dual [BY3] (D33),ratio,National-Regional Blended Trend Factor — Aged/dual; BY3,model_cell,MSSP Historical Benchmark ,D33,='MSSP Trend Factor'!D39,Recompute formula for each TIN; cached Excel result must not be used.
337,MSSP Historical Benchmark — National-Regional Blended Trend Factor — Aged/dual [Combined benchmark] (E33),ratio,National-Regional Blended Trend Factor — Aged/dual; Combined benchmark,model_cell,MSSP Historical Benchmark ,E33,,Preserve supplied workbook configuration / placeholder unless explicitly overridden.
338,MSSP Historical Benchmark — National-Regional Blended Trend Factor — Aged/non-dual [BY1] (B34),ratio,National-Regional Blended Trend Factor — Aged/non-dual; BY1,model_cell,MSSP Historical Benchmark ,B34,='MSSP Trend Factor'!B40,Recompute formula for each TIN; cached Excel result must not be used.
339,MSSP Historical Benchmark — National-Regional Blended Trend Factor — Aged/non-dual [BY2] (C34),ratio,National-Regional Blended Trend Factor — Aged/non-dual; BY2,model_cell,MSSP Historical Benchmark ,C34,='MSSP Trend Factor'!C40,Recompute formula for each TIN; cached Excel result must not be used.
340,MSSP Historical Benchmark — National-Regional Blended Trend Factor — Aged/non-dual [BY3] (D34),ratio,National-Regional Blended Trend Factor — Aged/non-dual; BY3,model_cell,MSSP Historical Benchmark ,D34,='MSSP Trend Factor'!D40,Recompute formula for each TIN; cached Excel result must not be used.
341,MSSP Historical Benchmark — National-Regional Blended Trend Factor — Aged/non-dual [Combined benchmark] (E34),ratio,National-Regional Blended Trend Factor — Aged/non-dual; Combined benchmark,model_cell,MSSP Historical Benchmark ,E34,,Preserve supplied workbook configuration / placeholder unless explicitly overridden.
342,MSSP Historical Benchmark — Trended Per Capita Expenditures ($) — ESRD [BY1] (B36),USD/person-year,Trended Per Capita Expenditures ($) — ESRD; BY1,model_cell,MSSP Historical Benchmark ,B36,=((B16*B26)*B31),Recompute formula for each TIN; cached Excel result must not be used.
343,MSSP Historical Benchmark — Trended Per Capita Expenditures ($) — ESRD [BY2] (C36),USD/person-year,Trended Per Capita Expenditures ($) — ESRD; BY2,model_cell,MSSP Historical Benchmark ,C36,=((C16*C26)*C31),Recompute formula for each TIN; cached Excel result must not be used.
344,MSSP Historical Benchmark — Trended Per Capita Expenditures ($) — ESRD [BY3] (D36),USD/person-year,Trended Per Capita Expenditures ($) — ESRD; BY3,model_cell,MSSP Historical Benchmark ,D36,=((D16*D26)*D31),Recompute formula for each TIN; cached Excel result must not be used.
345,MSSP Historical Benchmark — Trended Per Capita Expenditures ($) — ESRD [Combined benchmark] (E36),USD/person-year,Trended Per Capita Expenditures ($) — ESRD; Combined benchmark,model_cell,MSSP Historical Benchmark ,E36,,Preserve supplied workbook configuration / placeholder unless explicitly overridden.
346,MSSP Historical Benchmark — Trended Per Capita Expenditures ($) — Disabled [BY1] (B37),USD/person-year,Trended Per Capita Expenditures ($) — Disabled; BY1,model_cell,MSSP Historical Benchmark ,B37,=((B17*B27)*B32),Recompute formula for each TIN; cached Excel result must not be used.
347,MSSP Historical Benchmark — Trended Per Capita Expenditures ($) — Disabled [BY2] (C37),USD/person-year,Trended Per Capita Expenditures ($) — Disabled; BY2,model_cell,MSSP Historical Benchmark ,C37,=((C17*C27)*C32),Recompute formula for each TIN; cached Excel result must not be used.
348,MSSP Historical Benchmark — Trended Per Capita Expenditures ($) — Disabled [BY3] (D37),USD/person-year,Trended Per Capita Expenditures ($) — Disabled; BY3,model_cell,MSSP Historical Benchmark ,D37,=((D17*D27)*D32),Recompute formula for each TIN; cached Excel result must not be used.
349,MSSP Historical Benchmark — Trended Per Capita Expenditures ($) — Disabled [Combined benchmark] (E37),USD/person-year,Trended Per Capita Expenditures ($) — Disabled; Combined benchmark,model_cell,MSSP Historical Benchmark ,E37,,Preserve supplied workbook configuration / placeholder unless explicitly overridden.
350,MSSP Historical Benchmark — Trended Per Capita Expenditures ($) — Aged/dual [BY1] (B38),USD/person-year,Trended Per Capita Expenditures ($) — Aged/dual; BY1,model_cell,MSSP Historical Benchmark ,B38,=((B18*B28)*B33),Recompute formula for each TIN; cached Excel result must not be used.
351,MSSP Historical Benchmark — Trended Per Capita Expenditures ($) — Aged/dual [BY2] (C38),USD/person-year,Trended Per Capita Expenditures ($) — Aged/dual; BY2,model_cell,MSSP Historical Benchmark ,C38,=((C18*C28)*C33),Recompute formula for each TIN; cached Excel result must not be used.
352,MSSP Historical Benchmark — Trended Per Capita Expenditures ($) — Aged/dual [BY3] (D38),USD/person-year,Trended Per Capita Expenditures ($) — Aged/dual; BY3,model_cell,MSSP Historical Benchmark ,D38,=((D18*D28)*D33),Recompute formula for each TIN; cached Excel result must not be used.
353,MSSP Historical Benchmark — Trended Per Capita Expenditures ($) — Aged/dual [Combined benchmark] (E38),USD/person-year,Trended Per Capita Expenditures ($) — Aged/dual; Combined benchmark,model_cell,MSSP Historical Benchmark ,E38,,Preserve supplied workbook configuration / placeholder unless explicitly overridden.
354,MSSP Historical Benchmark — Trended Per Capita Expenditures ($) — Aged/non-dual [BY1] (B39),USD/person-year,Trended Per Capita Expenditures ($) — Aged/non-dual; BY1,model_cell,MSSP Historical Benchmark ,B39,=((B19*B29)*B34),Recompute formula for each TIN; cached Excel result must not be used.
355,MSSP Historical Benchmark — Trended Per Capita Expenditures ($) — Aged/non-dual [BY2] (C39),USD/person-year,Trended Per Capita Expenditures ($) — Aged/non-dual; BY2,model_cell,MSSP Historical Benchmark ,C39,=((C19*C29)*C34),Recompute formula for each TIN; cached Excel result must not be used.
356,MSSP Historical Benchmark — Trended Per Capita Expenditures ($) — Aged/non-dual [BY3] (D39),USD/person-year,Trended Per Capita Expenditures ($) — Aged/non-dual; BY3,model_cell,MSSP Historical Benchmark ,D39,=((D19*D29)*D34),Recompute formula for each TIN; cached Excel result must not be used.
357,MSSP Historical Benchmark — Trended Per Capita Expenditures ($) — Aged/non-dual [Combined benchmark] (E39),USD/person-year,Trended Per Capita Expenditures ($) — Aged/non-dual; Combined benchmark,model_cell,MSSP Historical Benchmark ,E39,,Preserve supplied workbook configuration / placeholder unless explicitly overridden.
358,MSSP Historical Benchmark — Historical benchmark base-year weight [BY1] (B40),ratio,Historical benchmark base-year weight; BY1,model_cell,MSSP Historical Benchmark ,B40,"=IF(($E$4=3),IF(('MSSP Parameters'!C6=0.3333),(1/3),0.1),IF(($E$4=2),IF(('MSSP Parameters'!C6=0.3333),IF((B4=1),(1/2),0),IF((B4=1),(1/3),0)),IF((B4=1),1,0)))",Recompute formula for each TIN; cached Excel result must not be used.
359,MSSP Historical Benchmark — Historical benchmark base-year weight [BY2] (C40),ratio,Historical benchmark base-year weight; BY2,model_cell,MSSP Historical Benchmark ,C40,"=IF(($E$4=3),IF(('MSSP Parameters'!C6=0.3333),(1/3),0.3),IF(($E$4=2),IF(('MSSP Parameters'!C6=0.3333),IF((C4=1),(1/2),0),IF(AND((C4=1),(B4=1)),(2/3),IF(AND((C4=1),(D4=1)),(1/3),0))),IF((C4=1),1,0)))",Recompute formula for each TIN; cached Excel result must not be used.
360,MSSP Historical Benchmark — Historical benchmark base-year weight [BY3] (D40),ratio,Historical benchmark base-year weight; BY3,model_cell,MSSP Historical Benchmark ,D40,"=IF(($E$4=3),IF(('MSSP Parameters'!C6=0.3333),(1/3),0.6),IF(($E$4=2),IF(('MSSP Parameters'!C6=0.3333),IF((D4=1),(1/2),0),IF((D4=1),(2/3),0)),IF((D4=1),1,0)))",Recompute formula for each TIN; cached Excel result must not be used.
361,"MSSP Historical Benchmark — Historical Benchmark Expenditures Before Regional Adjustment, Prior Savings Adjustment, or Health Equity Benchmark Adjustment ($) — ESRD [BY1] (B41)",USD/person-year,"Historical Benchmark Expenditures Before Regional Adjustment, Prior Savings Adjustment, or Health Equity Benchmark Adjustment ($) — ESRD; BY1",model_cell,MSSP Historical Benchmark ,B41,=($B$40*B36),Recompute formula for each TIN; cached Excel result must not be used.
362,"MSSP Historical Benchmark — Historical Benchmark Expenditures Before Regional Adjustment, Prior Savings Adjustment, or Health Equity Benchmark Adjustment ($) — ESRD [BY2] (C41)",USD/person-year,"Historical Benchmark Expenditures Before Regional Adjustment, Prior Savings Adjustment, or Health Equity Benchmark Adjustment ($) — ESRD; BY2",model_cell,MSSP Historical Benchmark ,C41,=($C$40*C36),Recompute formula for each TIN; cached Excel result must not be used.
363,"MSSP Historical Benchmark — Historical Benchmark Expenditures Before Regional Adjustment, Prior Savings Adjustment, or Health Equity Benchmark Adjustment ($) — ESRD [BY3] (D41)",USD/person-year,"Historical Benchmark Expenditures Before Regional Adjustment, Prior Savings Adjustment, or Health Equity Benchmark Adjustment ($) — ESRD; BY3",model_cell,MSSP Historical Benchmark ,D41,=($D$40*D36),Recompute formula for each TIN; cached Excel result must not be used.
364,"MSSP Historical Benchmark — Historical Benchmark Expenditures Before Regional Adjustment, Prior Savings Adjustment, or Health Equity Benchmark Adjustment ($) — ESRD [Combined benchmark] (E41)",USD/person-year,"Historical Benchmark Expenditures Before Regional Adjustment, Prior Savings Adjustment, or Health Equity Benchmark Adjustment ($) — ESRD; Combined benchmark",model_cell,MSSP Historical Benchmark ,E41,=SUM('MSSP Historical Benchmark '!$B$41:$D$41),Recompute formula for each TIN; cached Excel result must not be used.
365,"MSSP Historical Benchmark — Historical Benchmark Expenditures Before Regional Adjustment, Prior Savings Adjustment, or Health Equity Benchmark Adjustment ($) — Disabled [BY1] (B42)",USD/person-year,"Historical Benchmark Expenditures Before Regional Adjustment, Prior Savings Adjustment, or Health Equity Benchmark Adjustment ($) — Disabled; BY1",model_cell,MSSP Historical Benchmark ,B42,=($B$40*B37),Recompute formula for each TIN; cached Excel result must not be used.
366,"MSSP Historical Benchmark — Historical Benchmark Expenditures Before Regional Adjustment, Prior Savings Adjustment, or Health Equity Benchmark Adjustment ($) — Disabled [BY2] (C42)",USD/person-year,"Historical Benchmark Expenditures Before Regional Adjustment, Prior Savings Adjustment, or Health Equity Benchmark Adjustment ($) — Disabled; BY2",model_cell,MSSP Historical Benchmark ,C42,=($C$40*C37),Recompute formula for each TIN; cached Excel result must not be used.
367,"MSSP Historical Benchmark — Historical Benchmark Expenditures Before Regional Adjustment, Prior Savings Adjustment, or Health Equity Benchmark Adjustment ($) — Disabled [BY3] (D42)",USD/person-year,"Historical Benchmark Expenditures Before Regional Adjustment, Prior Savings Adjustment, or Health Equity Benchmark Adjustment ($) — Disabled; BY3",model_cell,MSSP Historical Benchmark ,D42,=($D$40*D37),Recompute formula for each TIN; cached Excel result must not be used.
368,"MSSP Historical Benchmark — Historical Benchmark Expenditures Before Regional Adjustment, Prior Savings Adjustment, or Health Equity Benchmark Adjustment ($) — Disabled [Combined benchmark] (E42)",USD/person-year,"Historical Benchmark Expenditures Before Regional Adjustment, Prior Savings Adjustment, or Health Equity Benchmark Adjustment ($) — Disabled; Combined benchmark",model_cell,MSSP Historical Benchmark ,E42,=SUM('MSSP Historical Benchmark '!$B$42:$D$42),Recompute formula for each TIN; cached Excel result must not be used.
369,"MSSP Historical Benchmark — Historical Benchmark Expenditures Before Regional Adjustment, Prior Savings Adjustment, or Health Equity Benchmark Adjustment ($) — Aged/dual [BY1] (B43)",USD/person-year,"Historical Benchmark Expenditures Before Regional Adjustment, Prior Savings Adjustment, or Health Equity Benchmark Adjustment ($) — Aged/dual; BY1",model_cell,MSSP Historical Benchmark ,B43,=($B$40*B38),Recompute formula for each TIN; cached Excel result must not be used.
370,"MSSP Historical Benchmark — Historical Benchmark Expenditures Before Regional Adjustment, Prior Savings Adjustment, or Health Equity Benchmark Adjustment ($) — Aged/dual [BY2] (C43)",USD/person-year,"Historical Benchmark Expenditures Before Regional Adjustment, Prior Savings Adjustment, or Health Equity Benchmark Adjustment ($) — Aged/dual; BY2",model_cell,MSSP Historical Benchmark ,C43,=($C$40*C38),Recompute formula for each TIN; cached Excel result must not be used.
371,"MSSP Historical Benchmark — Historical Benchmark Expenditures Before Regional Adjustment, Prior Savings Adjustment, or Health Equity Benchmark Adjustment ($) — Aged/dual [BY3] (D43)",USD/person-year,"Historical Benchmark Expenditures Before Regional Adjustment, Prior Savings Adjustment, or Health Equity Benchmark Adjustment ($) — Aged/dual; BY3",model_cell,MSSP Historical Benchmark ,D43,=($D$40*D38),Recompute formula for each TIN; cached Excel result must not be used.
372,"MSSP Historical Benchmark — Historical Benchmark Expenditures Before Regional Adjustment, Prior Savings Adjustment, or Health Equity Benchmark Adjustment ($) — Aged/dual [Combined benchmark] (E43)",USD/person-year,"Historical Benchmark Expenditures Before Regional Adjustment, Prior Savings Adjustment, or Health Equity Benchmark Adjustment ($) — Aged/dual; Combined benchmark",model_cell,MSSP Historical Benchmark ,E43,=SUM('MSSP Historical Benchmark '!$B$43:$D$43),Recompute formula for each TIN; cached Excel result must not be used.
373,"MSSP Historical Benchmark — Historical Benchmark Expenditures Before Regional Adjustment, Prior Savings Adjustment, or Health Equity Benchmark Adjustment ($) — Aged/non-dual [BY1] (B44)",USD/person-year,"Historical Benchmark Expenditures Before Regional Adjustment, Prior Savings Adjustment, or Health Equity Benchmark Adjustment ($) — Aged/non-dual; BY1",model_cell,MSSP Historical Benchmark ,B44,=($B$40*B39),Recompute formula for each TIN; cached Excel result must not be used.
374,"MSSP Historical Benchmark — Historical Benchmark Expenditures Before Regional Adjustment, Prior Savings Adjustment, or Health Equity Benchmark Adjustment ($) — Aged/non-dual [BY2] (C44)",USD/person-year,"Historical Benchmark Expenditures Before Regional Adjustment, Prior Savings Adjustment, or Health Equity Benchmark Adjustment ($) — Aged/non-dual; BY2",model_cell,MSSP Historical Benchmark ,C44,=($C$40*C39),Recompute formula for each TIN; cached Excel result must not be used.
375,"MSSP Historical Benchmark — Historical Benchmark Expenditures Before Regional Adjustment, Prior Savings Adjustment, or Health Equity Benchmark Adjustment ($) — Aged/non-dual [BY3] (D44)",USD/person-year,"Historical Benchmark Expenditures Before Regional Adjustment, Prior Savings Adjustment, or Health Equity Benchmark Adjustment ($) — Aged/non-dual; BY3",model_cell,MSSP Historical Benchmark ,D44,=($D$40*D39),Recompute formula for each TIN; cached Excel result must not be used.
376,"MSSP Historical Benchmark — Historical Benchmark Expenditures Before Regional Adjustment, Prior Savings Adjustment, or Health Equity Benchmark Adjustment ($) — Aged/non-dual [Combined benchmark] (E44)",USD/person-year,"Historical Benchmark Expenditures Before Regional Adjustment, Prior Savings Adjustment, or Health Equity Benchmark Adjustment ($) — Aged/non-dual; Combined benchmark",model_cell,MSSP Historical Benchmark ,E44,=SUM('MSSP Historical Benchmark '!$B$44:$D$44),Recompute formula for each TIN; cached Excel result must not be used.
377,MSSP Historical Benchmark — Assigned Beneficiary Proportions — ESRD [BY1] (B46),ratio,Assigned Beneficiary Proportions — ESRD; BY1,model_cell,MSSP Historical Benchmark ,B46,,Preserve supplied workbook configuration / placeholder unless explicitly overridden.
378,MSSP Historical Benchmark — Assigned Beneficiary Proportions — ESRD [BY2] (C46),ratio,Assigned Beneficiary Proportions — ESRD; BY2,model_cell,MSSP Historical Benchmark ,C46,,Preserve supplied workbook configuration / placeholder unless explicitly overridden.
379,MSSP Historical Benchmark — Assigned Beneficiary Proportions — ESRD [BY3] (D46),ratio,Assigned Beneficiary Proportions — ESRD; BY3,model_cell,MSSP Historical Benchmark ,D46,"=IFERROR((D10/$D$9),0)",Recompute formula for each TIN; cached Excel result must not be used.
380,MSSP Historical Benchmark — Assigned Beneficiary Proportions — ESRD [Combined benchmark] (E46),ratio,Assigned Beneficiary Proportions — ESRD; Combined benchmark,model_cell,MSSP Historical Benchmark ,E46,,Preserve supplied workbook configuration / placeholder unless explicitly overridden.
381,MSSP Historical Benchmark — Assigned Beneficiary Proportions — Disabled [BY1] (B47),ratio,Assigned Beneficiary Proportions — Disabled; BY1,model_cell,MSSP Historical Benchmark ,B47,,Preserve supplied workbook configuration / placeholder unless explicitly overridden.
382,MSSP Historical Benchmark — Assigned Beneficiary Proportions — Disabled [BY2] (C47),ratio,Assigned Beneficiary Proportions — Disabled; BY2,model_cell,MSSP Historical Benchmark ,C47,,Preserve supplied workbook configuration / placeholder unless explicitly overridden.
383,MSSP Historical Benchmark — Assigned Beneficiary Proportions — Disabled [BY3] (D47),ratio,Assigned Beneficiary Proportions — Disabled; BY3,model_cell,MSSP Historical Benchmark ,D47,"=IFERROR((D11/$D$9),0)",Recompute formula for each TIN; cached Excel result must not be used.
384,MSSP Historical Benchmark — Assigned Beneficiary Proportions — Disabled [Combined benchmark] (E47),ratio,Assigned Beneficiary Proportions — Disabled; Combined benchmark,model_cell,MSSP Historical Benchmark ,E47,,Preserve supplied workbook configuration / placeholder unless explicitly overridden.
385,MSSP Historical Benchmark — Assigned Beneficiary Proportions — Aged/dual [BY1] (B48),ratio,Assigned Beneficiary Proportions — Aged/dual; BY1,model_cell,MSSP Historical Benchmark ,B48,,Preserve supplied workbook configuration / placeholder unless explicitly overridden.
386,MSSP Historical Benchmark — Assigned Beneficiary Proportions — Aged/dual [BY2] (C48),ratio,Assigned Beneficiary Proportions — Aged/dual; BY2,model_cell,MSSP Historical Benchmark ,C48,,Preserve supplied workbook configuration / placeholder unless explicitly overridden.
387,MSSP Historical Benchmark — Assigned Beneficiary Proportions — Aged/dual [BY3] (D48),ratio,Assigned Beneficiary Proportions — Aged/dual; BY3,model_cell,MSSP Historical Benchmark ,D48,"=IFERROR((D12/$D$9),0)",Recompute formula for each TIN; cached Excel result must not be used.
388,MSSP Historical Benchmark — Assigned Beneficiary Proportions — Aged/dual [Combined benchmark] (E48),ratio,Assigned Beneficiary Proportions — Aged/dual; Combined benchmark,model_cell,MSSP Historical Benchmark ,E48,,Preserve supplied workbook configuration / placeholder unless explicitly overridden.
389,MSSP Historical Benchmark — Assigned Beneficiary Proportions — Aged/non-dual [BY1] (B49),ratio,Assigned Beneficiary Proportions — Aged/non-dual; BY1,model_cell,MSSP Historical Benchmark ,B49,,Preserve supplied workbook configuration / placeholder unless explicitly overridden.
390,MSSP Historical Benchmark — Assigned Beneficiary Proportions — Aged/non-dual [BY2] (C49),ratio,Assigned Beneficiary Proportions — Aged/non-dual; BY2,model_cell,MSSP Historical Benchmark ,C49,,Preserve supplied workbook configuration / placeholder unless explicitly overridden.
391,MSSP Historical Benchmark — Assigned Beneficiary Proportions — Aged/non-dual [BY3] (D49),ratio,Assigned Beneficiary Proportions — Aged/non-dual; BY3,model_cell,MSSP Historical Benchmark ,D49,"=IFERROR((D13/$D$9),0)",Recompute formula for each TIN; cached Excel result must not be used.
392,MSSP Historical Benchmark — Assigned Beneficiary Proportions — Aged/non-dual [Combined benchmark] (E49),ratio,Assigned Beneficiary Proportions — Aged/non-dual; Combined benchmark,model_cell,MSSP Historical Benchmark ,E49,,Preserve supplied workbook configuration / placeholder unless explicitly overridden.
393,"MSSP Historical Benchmark — Historical Benchmark Before Regional Adjustment, Prior Savings Adjustment, or Health Equity Benchmark Adjustment ($) [BY1] (B50)",USD/person-year,"Historical Benchmark Before Regional Adjustment, Prior Savings Adjustment, or Health Equity Benchmark Adjustment ($); BY1",model_cell,MSSP Historical Benchmark ,B50,,Preserve supplied workbook configuration / placeholder unless explicitly overridden.
394,"MSSP Historical Benchmark — Historical Benchmark Before Regional Adjustment, Prior Savings Adjustment, or Health Equity Benchmark Adjustment ($) [BY2] (C50)",USD/person-year,"Historical Benchmark Before Regional Adjustment, Prior Savings Adjustment, or Health Equity Benchmark Adjustment ($); BY2",model_cell,MSSP Historical Benchmark ,C50,,Preserve supplied workbook configuration / placeholder unless explicitly overridden.
395,"MSSP Historical Benchmark — Historical Benchmark Before Regional Adjustment, Prior Savings Adjustment, or Health Equity Benchmark Adjustment ($) [BY3] (D50)",USD/person-year,"Historical Benchmark Before Regional Adjustment, Prior Savings Adjustment, or Health Equity Benchmark Adjustment ($); BY3",model_cell,MSSP Historical Benchmark ,D50,,Preserve supplied workbook configuration / placeholder unless explicitly overridden.
396,"MSSP Historical Benchmark — Historical Benchmark Before Regional Adjustment, Prior Savings Adjustment, or Health Equity Benchmark Adjustment ($) [Combined benchmark] (E50)",USD/person-year,"Historical Benchmark Before Regional Adjustment, Prior Savings Adjustment, or Health Equity Benchmark Adjustment ($); Combined benchmark",model_cell,MSSP Historical Benchmark ,E50,"=SUMPRODUCT(D46:D49,E41:E44)",Recompute formula for each TIN; cached Excel result must not be used.
397,MSSP Historical Benchmark — Adjustment Applied to Benchmark ($) [BY1] (B52),USD/person-year,Adjustment Applied to Benchmark ($); BY1,model_cell,MSSP Historical Benchmark ,B52,,Preserve supplied workbook configuration / placeholder unless explicitly overridden.
398,MSSP Historical Benchmark — Adjustment Applied to Benchmark ($) [BY2] (C52),USD/person-year,Adjustment Applied to Benchmark ($); BY2,model_cell,MSSP Historical Benchmark ,C52,,Preserve supplied workbook configuration / placeholder unless explicitly overridden.
399,MSSP Historical Benchmark — Adjustment Applied to Benchmark ($) [BY3] (D52),USD/person-year,Adjustment Applied to Benchmark ($); BY3,model_cell,MSSP Historical Benchmark ,D52,,Preserve supplied workbook configuration / placeholder unless explicitly overridden.
400,MSSP Historical Benchmark — Selected benchmark adjustment [Highest applicable adjustment] (E52),text,Selected benchmark adjustment; Highest applicable adjustment,model_cell,MSSP Historical Benchmark ,E52,"=LET(heba_adj,IF(('MSSP Health Equity Adj'!C8=""Yes""),'MSSP Health Equity Adj'!C11,0),psa_adj,IF(('MSSP Prior Savings Adj'!E10=""Yes""),'MSSP Prior Savings Adj'!E19,0),reg_adj,IF(('MSSP Regional Adjustment'!C55>0),'MSSP Regional Adjustment'!C55,0),IF((MAX(reg_adj,heba_adj,psa_adj)=reg_adj),""Regional Adjustment"",IF((MAX(reg_adj,heba_adj,psa_adj)=heba_adj),""HEBA adjustment"",""Prior Savings Adjustment"")))",Recompute formula for each TIN; cached Excel result must not be used.
401,MSSP Historical Benchmark — Adjustment by Enrollment Type ($) — ESRD [BY1] (B54),USD/person-year,Adjustment by Enrollment Type ($) — ESRD; BY1,model_cell,MSSP Historical Benchmark ,B54,,Preserve supplied workbook configuration / placeholder unless explicitly overridden.
402,MSSP Historical Benchmark — Adjustment by Enrollment Type ($) — ESRD [BY2] (C54),USD/person-year,Adjustment by Enrollment Type ($) — ESRD; BY2,model_cell,MSSP Historical Benchmark ,C54,,Preserve supplied workbook configuration / placeholder unless explicitly overridden.
403,MSSP Historical Benchmark — Adjustment by Enrollment Type ($) — ESRD [BY3] (D54),USD/person-year,Adjustment by Enrollment Type ($) — ESRD; BY3,model_cell,MSSP Historical Benchmark ,D54,,Preserve supplied workbook configuration / placeholder unless explicitly overridden.
404,MSSP Historical Benchmark — Adjustment by Enrollment Type ($) — ESRD [Combined benchmark] (E54),USD/person-year,Adjustment by Enrollment Type ($) — ESRD; Combined benchmark,model_cell,MSSP Historical Benchmark ,E54,"=IF(($E$52=""Prior Savings Adjustment""),'MSSP Prior Savings Adj'!$E$19,IF(($E$52=""Regional Adjustment""),'MSSP Regional Adjustment'!C51,IF(($E$52=""HEBA Adjustment""),'MSSP Health Equity Adj'!$C$11,0)))",Recompute formula for each TIN; cached Excel result must not be used.
405,MSSP Historical Benchmark — Adjustment by Enrollment Type ($) — Disabled [BY1] (B55),USD/person-year,Adjustment by Enrollment Type ($) — Disabled; BY1,model_cell,MSSP Historical Benchmark ,B55,,Preserve supplied workbook configuration / placeholder unless explicitly overridden.
406,MSSP Historical Benchmark — Adjustment by Enrollment Type ($) — Disabled [BY2] (C55),USD/person-year,Adjustment by Enrollment Type ($) — Disabled; BY2,model_cell,MSSP Historical Benchmark ,C55,,Preserve supplied workbook configuration / placeholder unless explicitly overridden.
407,MSSP Historical Benchmark — Adjustment by Enrollment Type ($) — Disabled [BY3] (D55),USD/person-year,Adjustment by Enrollment Type ($) — Disabled; BY3,model_cell,MSSP Historical Benchmark ,D55,,Preserve supplied workbook configuration / placeholder unless explicitly overridden.
408,MSSP Historical Benchmark — Adjustment by Enrollment Type ($) — Disabled [Combined benchmark] (E55),USD/person-year,Adjustment by Enrollment Type ($) — Disabled; Combined benchmark,model_cell,MSSP Historical Benchmark ,E55,"=IF(($E$52=""Prior Savings Adjustment""),'MSSP Prior Savings Adj'!$E$19,IF(($E$52=""Regional Adjustment""),'MSSP Regional Adjustment'!C52,IF(($E$52=""HEBA Adjustment""),'MSSP Health Equity Adj'!$C$11,0)))",Recompute formula for each TIN; cached Excel result must not be used.
409,MSSP Historical Benchmark — Adjustment by Enrollment Type ($) — Aged/dual [BY1] (B56),USD/person-year,Adjustment by Enrollment Type ($) — Aged/dual; BY1,model_cell,MSSP Historical Benchmark ,B56,,Preserve supplied workbook configuration / placeholder unless explicitly overridden.
410,MSSP Historical Benchmark — Adjustment by Enrollment Type ($) — Aged/dual [BY2] (C56),USD/person-year,Adjustment by Enrollment Type ($) — Aged/dual; BY2,model_cell,MSSP Historical Benchmark ,C56,,Preserve supplied workbook configuration / placeholder unless explicitly overridden.
411,MSSP Historical Benchmark — Adjustment by Enrollment Type ($) — Aged/dual [BY3] (D56),USD/person-year,Adjustment by Enrollment Type ($) — Aged/dual; BY3,model_cell,MSSP Historical Benchmark ,D56,,Preserve supplied workbook configuration / placeholder unless explicitly overridden.
412,MSSP Historical Benchmark — Adjustment by Enrollment Type ($) — Aged/dual [Combined benchmark] (E56),USD/person-year,Adjustment by Enrollment Type ($) — Aged/dual; Combined benchmark,model_cell,MSSP Historical Benchmark ,E56,"=IF(($E$52=""Prior Savings Adjustment""),'MSSP Prior Savings Adj'!$E$19,IF(($E$52=""Regional Adjustment""),'MSSP Regional Adjustment'!C53,IF(($E$52=""HEBA Adjustment""),'MSSP Health Equity Adj'!$C$11,0)))",Recompute formula for each TIN; cached Excel result must not be used.
413,MSSP Historical Benchmark — Adjustment by Enrollment Type ($) — Aged/non-dual [BY1] (B57),USD/person-year,Adjustment by Enrollment Type ($) — Aged/non-dual; BY1,model_cell,MSSP Historical Benchmark ,B57,,Preserve supplied workbook configuration / placeholder unless explicitly overridden.
414,MSSP Historical Benchmark — Adjustment by Enrollment Type ($) — Aged/non-dual [BY2] (C57),USD/person-year,Adjustment by Enrollment Type ($) — Aged/non-dual; BY2,model_cell,MSSP Historical Benchmark ,C57,,Preserve supplied workbook configuration / placeholder unless explicitly overridden.
415,MSSP Historical Benchmark — Adjustment by Enrollment Type ($) — Aged/non-dual [BY3] (D57),USD/person-year,Adjustment by Enrollment Type ($) — Aged/non-dual; BY3,model_cell,MSSP Historical Benchmark ,D57,,Preserve supplied workbook configuration / placeholder unless explicitly overridden.
416,MSSP Historical Benchmark — Adjustment by Enrollment Type ($) — Aged/non-dual [Combined benchmark] (E57),USD/person-year,Adjustment by Enrollment Type ($) — Aged/non-dual; Combined benchmark,model_cell,MSSP Historical Benchmark ,E57,"=IF(($E$52=""Prior Savings Adjustment""),'MSSP Prior Savings Adj'!$E$19,IF(($E$52=""Regional Adjustment""),'MSSP Regional Adjustment'!C54,IF(($E$52=""HEBA Adjustment""),'MSSP Health Equity Adj'!$C$11,0)))",Recompute formula for each TIN; cached Excel result must not be used.
417,MSSP Historical Benchmark — Historical Benchmark Expenditures After Applying Adjustment ($) — ESRD [BY1] (B59),USD/person-year,Historical Benchmark Expenditures After Applying Adjustment ($) — ESRD; BY1,model_cell,MSSP Historical Benchmark ,B59,,Preserve supplied workbook configuration / placeholder unless explicitly overridden.
418,MSSP Historical Benchmark — Historical Benchmark Expenditures After Applying Adjustment ($) — ESRD [BY2] (C59),USD/person-year,Historical Benchmark Expenditures After Applying Adjustment ($) — ESRD; BY2,model_cell,MSSP Historical Benchmark ,C59,,Preserve supplied workbook configuration / placeholder unless explicitly overridden.
419,MSSP Historical Benchmark — Historical Benchmark Expenditures After Applying Adjustment ($) — ESRD [BY3] (D59),USD/person-year,Historical Benchmark Expenditures After Applying Adjustment ($) — ESRD; BY3,model_cell,MSSP Historical Benchmark ,D59,,Preserve supplied workbook configuration / placeholder unless explicitly overridden.
420,MSSP Historical Benchmark — Historical Benchmark Expenditures After Applying Adjustment ($) — ESRD [Combined benchmark] (E59),USD/person-year,Historical Benchmark Expenditures After Applying Adjustment ($) — ESRD; Combined benchmark,model_cell,MSSP Historical Benchmark ,E59,=(E41+E54),Recompute formula for each TIN; cached Excel result must not be used.
421,MSSP Historical Benchmark — Historical Benchmark Expenditures After Applying Adjustment ($) — Disabled [BY1] (B60),USD/person-year,Historical Benchmark Expenditures After Applying Adjustment ($) — Disabled; BY1,model_cell,MSSP Historical Benchmark ,B60,,Preserve supplied workbook configuration / placeholder unless explicitly overridden.
422,MSSP Historical Benchmark — Historical Benchmark Expenditures After Applying Adjustment ($) — Disabled [BY2] (C60),USD/person-year,Historical Benchmark Expenditures After Applying Adjustment ($) — Disabled; BY2,model_cell,MSSP Historical Benchmark ,C60,,Preserve supplied workbook configuration / placeholder unless explicitly overridden.
423,MSSP Historical Benchmark — Historical Benchmark Expenditures After Applying Adjustment ($) — Disabled [BY3] (D60),USD/person-year,Historical Benchmark Expenditures After Applying Adjustment ($) — Disabled; BY3,model_cell,MSSP Historical Benchmark ,D60,,Preserve supplied workbook configuration / placeholder unless explicitly overridden.
424,MSSP Historical Benchmark — Historical Benchmark Expenditures After Applying Adjustment ($) — Disabled [Combined benchmark] (E60),USD/person-year,Historical Benchmark Expenditures After Applying Adjustment ($) — Disabled; Combined benchmark,model_cell,MSSP Historical Benchmark ,E60,=(E42+E55),Recompute formula for each TIN; cached Excel result must not be used.
425,MSSP Historical Benchmark — Historical Benchmark Expenditures After Applying Adjustment ($) — Aged/dual [BY1] (B61),USD/person-year,Historical Benchmark Expenditures After Applying Adjustment ($) — Aged/dual; BY1,model_cell,MSSP Historical Benchmark ,B61,,Preserve supplied workbook configuration / placeholder unless explicitly overridden.
426,MSSP Historical Benchmark — Historical Benchmark Expenditures After Applying Adjustment ($) — Aged/dual [BY2] (C61),USD/person-year,Historical Benchmark Expenditures After Applying Adjustment ($) — Aged/dual; BY2,model_cell,MSSP Historical Benchmark ,C61,,Preserve supplied workbook configuration / placeholder unless explicitly overridden.
427,MSSP Historical Benchmark — Historical Benchmark Expenditures After Applying Adjustment ($) — Aged/dual [BY3] (D61),USD/person-year,Historical Benchmark Expenditures After Applying Adjustment ($) — Aged/dual; BY3,model_cell,MSSP Historical Benchmark ,D61,,Preserve supplied workbook configuration / placeholder unless explicitly overridden.
428,MSSP Historical Benchmark — Historical Benchmark Expenditures After Applying Adjustment ($) — Aged/dual [Combined benchmark] (E61),USD/person-year,Historical Benchmark Expenditures After Applying Adjustment ($) — Aged/dual; Combined benchmark,model_cell,MSSP Historical Benchmark ,E61,=(E43+E56),Recompute formula for each TIN; cached Excel result must not be used.
429,MSSP Historical Benchmark — Historical Benchmark Expenditures After Applying Adjustment ($) — Aged/non-dual [BY1] (B62),USD/person-year,Historical Benchmark Expenditures After Applying Adjustment ($) — Aged/non-dual; BY1,model_cell,MSSP Historical Benchmark ,B62,,Preserve supplied workbook configuration / placeholder unless explicitly overridden.
430,MSSP Historical Benchmark — Historical Benchmark Expenditures After Applying Adjustment ($) — Aged/non-dual [BY2] (C62),USD/person-year,Historical Benchmark Expenditures After Applying Adjustment ($) — Aged/non-dual; BY2,model_cell,MSSP Historical Benchmark ,C62,,Preserve supplied workbook configuration / placeholder unless explicitly overridden.
431,MSSP Historical Benchmark — Historical Benchmark Expenditures After Applying Adjustment ($) — Aged/non-dual [BY3] (D62),USD/person-year,Historical Benchmark Expenditures After Applying Adjustment ($) — Aged/non-dual; BY3,model_cell,MSSP Historical Benchmark ,D62,,Preserve supplied workbook configuration / placeholder unless explicitly overridden.
432,MSSP Historical Benchmark — Historical Benchmark Expenditures After Applying Adjustment ($) — Aged/non-dual [Combined benchmark] (E62),USD/person-year,Historical Benchmark Expenditures After Applying Adjustment ($) — Aged/non-dual; Combined benchmark,model_cell,MSSP Historical Benchmark ,E62,=(E44+E57),Recompute formula for each TIN; cached Excel result must not be used.
433,MSSP Historical Benchmark — Historical Benchmark After Applying Applicable Adjustment ($) [BY1] (B63),USD/person-year,Historical Benchmark After Applying Applicable Adjustment ($); BY1,model_cell,MSSP Historical Benchmark ,B63,,Preserve supplied workbook configuration / placeholder unless explicitly overridden.
434,MSSP Historical Benchmark — Historical Benchmark After Applying Applicable Adjustment ($) [BY2] (C63),USD/person-year,Historical Benchmark After Applying Applicable Adjustment ($); BY2,model_cell,MSSP Historical Benchmark ,C63,,Preserve supplied workbook configuration / placeholder unless explicitly overridden.
435,MSSP Historical Benchmark — Historical Benchmark After Applying Applicable Adjustment ($) [BY3] (D63),USD/person-year,Historical Benchmark After Applying Applicable Adjustment ($); BY3,model_cell,MSSP Historical Benchmark ,D63,,Preserve supplied workbook configuration / placeholder unless explicitly overridden.
436,MSSP Historical Benchmark — Historical Benchmark After Applying Applicable Adjustment ($) [Combined benchmark] (E63),USD/person-year,Historical Benchmark After Applying Applicable Adjustment ($); Combined benchmark,model_cell,MSSP Historical Benchmark ,E63,"=SUMPRODUCT(E59:E62,D46:D49)",Recompute formula for each TIN; cached Excel result must not be used.
437,MSSP Updated Benchmark — Benchmark year [Configuration] (B5),year,Benchmark year; Configuration,model_cell,MSSP Updated Benchmark,B5,='MSSP Historical Benchmark '!D5,Recompute formula for each TIN; cached Excel result must not be used.
438,MSSP Updated Benchmark — Performance year [Configuration] (D5),year,Performance year; Configuration,model_cell,MSSP Updated Benchmark,D5,,Preserve supplied workbook configuration / placeholder unless explicitly overridden.
439,MSSP Updated Benchmark — Regionally-Adjusted Historical Benchmark Expenditures — ESRD [BY3] (B9),USD/person-year,Regionally-Adjusted Historical Benchmark Expenditures — ESRD; BY3,model_cell,MSSP Updated Benchmark,B9,='MSSP Historical Benchmark '!E59,Recompute formula for each TIN; cached Excel result must not be used.
440,MSSP Updated Benchmark — Regionally-Adjusted Historical Benchmark Expenditures — ESRD [PY2027] (D9),USD/person-year,Regionally-Adjusted Historical Benchmark Expenditures — ESRD; PY2027,model_cell,MSSP Updated Benchmark,D9,,Preserve supplied workbook configuration / placeholder unless explicitly overridden.
441,MSSP Updated Benchmark — Regionally-Adjusted Historical Benchmark Expenditures — Disabled [BY3] (B10),USD/person-year,Regionally-Adjusted Historical Benchmark Expenditures — Disabled; BY3,model_cell,MSSP Updated Benchmark,B10,='MSSP Historical Benchmark '!E60,Recompute formula for each TIN; cached Excel result must not be used.
442,MSSP Updated Benchmark — Regionally-Adjusted Historical Benchmark Expenditures — Disabled [PY2027] (D10),USD/person-year,Regionally-Adjusted Historical Benchmark Expenditures — Disabled; PY2027,model_cell,MSSP Updated Benchmark,D10,,Preserve supplied workbook configuration / placeholder unless explicitly overridden.
443,MSSP Updated Benchmark — Regionally-Adjusted Historical Benchmark Expenditures — Aged/dual [BY3] (B11),USD/person-year,Regionally-Adjusted Historical Benchmark Expenditures — Aged/dual; BY3,model_cell,MSSP Updated Benchmark,B11,='MSSP Historical Benchmark '!E61,Recompute formula for each TIN; cached Excel result must not be used.
444,MSSP Updated Benchmark — Regionally-Adjusted Historical Benchmark Expenditures — Aged/dual [PY2027] (D11),USD/person-year,Regionally-Adjusted Historical Benchmark Expenditures — Aged/dual; PY2027,model_cell,MSSP Updated Benchmark,D11,,Preserve supplied workbook configuration / placeholder unless explicitly overridden.
445,MSSP Updated Benchmark — Regionally-Adjusted Historical Benchmark Expenditures — Aged/non-dual [BY3] (B12),USD/person-year,Regionally-Adjusted Historical Benchmark Expenditures — Aged/non-dual; BY3,model_cell,MSSP Updated Benchmark,B12,='MSSP Historical Benchmark '!E62,Recompute formula for each TIN; cached Excel result must not be used.
446,MSSP Updated Benchmark — Regionally-Adjusted Historical Benchmark Expenditures — Aged/non-dual [PY2027] (D12),USD/person-year,Regionally-Adjusted Historical Benchmark Expenditures — Aged/non-dual; PY2027,model_cell,MSSP Updated Benchmark,D12,,Preserve supplied workbook configuration / placeholder unless explicitly overridden.
447,MSSP Updated Benchmark — Regionally-Adjusted Historical Benchmark Expenditures — Regionally-Adjusted Historical Benchmark [BY3] (B13),USD/person-year,Regionally-Adjusted Historical Benchmark Expenditures — Regionally-Adjusted Historical Benchmark; BY3,model_cell,MSSP Updated Benchmark,B13,='MSSP Historical Benchmark '!E63,Recompute formula for each TIN; cached Excel result must not be used.
448,MSSP Updated Benchmark — Regionally-Adjusted Historical Benchmark Expenditures — Regionally-Adjusted Historical Benchmark [PY2027] (D13),USD/person-year,Regionally-Adjusted Historical Benchmark Expenditures — Regionally-Adjusted Historical Benchmark; PY2027,model_cell,MSSP Updated Benchmark,D13,,Preserve supplied workbook configuration / placeholder unless explicitly overridden.
449,MSSP Updated Benchmark — ACO CMS-HCC Risk Score — ESRD [BY3] (B15),risk score,ACO CMS-HCC Risk Score — ESRD; BY3,model_cell,MSSP Updated Benchmark,B15,='MSSP Historical Benchmark '!D21,Recompute formula for each TIN; cached Excel result must not be used.
450,MSSP Updated Benchmark — ACO CMS-HCC Risk Score — ESRD [PY2027] (D15),risk score,ACO CMS-HCC Risk Score — ESRD; PY2027,model_cell,MSSP Updated Benchmark,D15,='MSSP PY Risk'!C6,Recompute formula for each TIN; cached Excel result must not be used.
451,MSSP Updated Benchmark — ACO CMS-HCC Risk Score — Disabled [BY3] (B16),risk score,ACO CMS-HCC Risk Score — Disabled; BY3,model_cell,MSSP Updated Benchmark,B16,='MSSP Historical Benchmark '!D22,Recompute formula for each TIN; cached Excel result must not be used.
452,MSSP Updated Benchmark — ACO CMS-HCC Risk Score — Disabled [PY2027] (D16),risk score,ACO CMS-HCC Risk Score — Disabled; PY2027,model_cell,MSSP Updated Benchmark,D16,='MSSP PY Risk'!C7,Recompute formula for each TIN; cached Excel result must not be used.
453,MSSP Updated Benchmark — ACO CMS-HCC Risk Score — Aged/dual [BY3] (B17),risk score,ACO CMS-HCC Risk Score — Aged/dual; BY3,model_cell,MSSP Updated Benchmark,B17,='MSSP Historical Benchmark '!D23,Recompute formula for each TIN; cached Excel result must not be used.
454,MSSP Updated Benchmark — ACO CMS-HCC Risk Score — Aged/dual [PY2027] (D17),risk score,ACO CMS-HCC Risk Score — Aged/dual; PY2027,model_cell,MSSP Updated Benchmark,D17,='MSSP PY Risk'!C8,Recompute formula for each TIN; cached Excel result must not be used.
455,MSSP Updated Benchmark — ACO CMS-HCC Risk Score — Aged/non-dual [BY3] (B18),risk score,ACO CMS-HCC Risk Score — Aged/non-dual; BY3,model_cell,MSSP Updated Benchmark,B18,='MSSP Historical Benchmark '!D24,Recompute formula for each TIN; cached Excel result must not be used.
456,MSSP Updated Benchmark — ACO CMS-HCC Risk Score — Aged/non-dual [PY2027] (D18),risk score,ACO CMS-HCC Risk Score — Aged/non-dual; PY2027,model_cell,MSSP Updated Benchmark,D18,='MSSP PY Risk'!C9,Recompute formula for each TIN; cached Excel result must not be used.
457,MSSP Updated Benchmark — ACO CMS-HCC Risk Ratio (Capped) — ESRD [BY3] (B20),ratio,ACO CMS-HCC Risk Ratio (Capped) — ESRD; BY3,model_cell,MSSP Updated Benchmark,B20,,Preserve supplied workbook configuration / placeholder unless explicitly overridden.
458,MSSP Updated Benchmark — ACO CMS-HCC Risk Ratio (Capped) — ESRD [PY2027] (D20),ratio,ACO CMS-HCC Risk Ratio (Capped) — ESRD; PY2027,model_cell,MSSP Updated Benchmark,D20,='MSSP PY Risk'!F6,Recompute formula for each TIN; cached Excel result must not be used.
459,MSSP Updated Benchmark — ACO CMS-HCC Risk Ratio (Capped) — Disabled [BY3] (B21),ratio,ACO CMS-HCC Risk Ratio (Capped) — Disabled; BY3,model_cell,MSSP Updated Benchmark,B21,,Preserve supplied workbook configuration / placeholder unless explicitly overridden.
460,MSSP Updated Benchmark — ACO CMS-HCC Risk Ratio (Capped) — Disabled [PY2027] (D21),ratio,ACO CMS-HCC Risk Ratio (Capped) — Disabled; PY2027,model_cell,MSSP Updated Benchmark,D21,='MSSP PY Risk'!F7,Recompute formula for each TIN; cached Excel result must not be used.
461,MSSP Updated Benchmark — ACO CMS-HCC Risk Ratio (Capped) — Aged/dual [BY3] (B22),ratio,ACO CMS-HCC Risk Ratio (Capped) — Aged/dual; BY3,model_cell,MSSP Updated Benchmark,B22,,Preserve supplied workbook configuration / placeholder unless explicitly overridden.
462,MSSP Updated Benchmark — ACO CMS-HCC Risk Ratio (Capped) — Aged/dual [PY2027] (D22),ratio,ACO CMS-HCC Risk Ratio (Capped) — Aged/dual; PY2027,model_cell,MSSP Updated Benchmark,D22,='MSSP PY Risk'!F8,Recompute formula for each TIN; cached Excel result must not be used.
463,MSSP Updated Benchmark — ACO CMS-HCC Risk Ratio (Capped) — Aged/non-dual [BY3] (B23),ratio,ACO CMS-HCC Risk Ratio (Capped) — Aged/non-dual; BY3,model_cell,MSSP Updated Benchmark,B23,,Preserve supplied workbook configuration / placeholder unless explicitly overridden.
464,MSSP Updated Benchmark — ACO CMS-HCC Risk Ratio (Capped) — Aged/non-dual [PY2027] (D23),ratio,ACO CMS-HCC Risk Ratio (Capped) — Aged/non-dual; PY2027,model_cell,MSSP Updated Benchmark,D23,='MSSP PY Risk'!F9,Recompute formula for each TIN; cached Excel result must not be used.
465,MSSP Updated Benchmark — Risk-Adjusted Historical Benchmark ($) — ESRD [BY3] (B25),USD/person-year,Risk-Adjusted Historical Benchmark ($) — ESRD; BY3,model_cell,MSSP Updated Benchmark,B25,,Preserve supplied workbook configuration / placeholder unless explicitly overridden.
466,MSSP Updated Benchmark — Risk-Adjusted Historical Benchmark ($) — ESRD [PY2027] (D25),USD/person-year,Risk-Adjusted Historical Benchmark ($) — ESRD; PY2027,model_cell,MSSP Updated Benchmark,D25,=(B9*D20),Recompute formula for each TIN; cached Excel result must not be used.
467,MSSP Updated Benchmark — Risk-Adjusted Historical Benchmark ($) — Disabled [BY3] (B26),USD/person-year,Risk-Adjusted Historical Benchmark ($) — Disabled; BY3,model_cell,MSSP Updated Benchmark,B26,,Preserve supplied workbook configuration / placeholder unless explicitly overridden.
468,MSSP Updated Benchmark — Risk-Adjusted Historical Benchmark ($) — Disabled [PY2027] (D26),USD/person-year,Risk-Adjusted Historical Benchmark ($) — Disabled; PY2027,model_cell,MSSP Updated Benchmark,D26,=(B10*D21),Recompute formula for each TIN; cached Excel result must not be used.
469,MSSP Updated Benchmark — Risk-Adjusted Historical Benchmark ($) — Aged/dual [BY3] (B27),USD/person-year,Risk-Adjusted Historical Benchmark ($) — Aged/dual; BY3,model_cell,MSSP Updated Benchmark,B27,,Preserve supplied workbook configuration / placeholder unless explicitly overridden.
470,MSSP Updated Benchmark — Risk-Adjusted Historical Benchmark ($) — Aged/dual [PY2027] (D27),USD/person-year,Risk-Adjusted Historical Benchmark ($) — Aged/dual; PY2027,model_cell,MSSP Updated Benchmark,D27,=(B11*D22),Recompute formula for each TIN; cached Excel result must not be used.
471,MSSP Updated Benchmark — Risk-Adjusted Historical Benchmark ($) — Aged/non-dual [BY3] (B28),USD/person-year,Risk-Adjusted Historical Benchmark ($) — Aged/non-dual; BY3,model_cell,MSSP Updated Benchmark,B28,,Preserve supplied workbook configuration / placeholder unless explicitly overridden.
472,MSSP Updated Benchmark — Risk-Adjusted Historical Benchmark ($) — Aged/non-dual [PY2027] (D28),USD/person-year,Risk-Adjusted Historical Benchmark ($) — Aged/non-dual; PY2027,model_cell,MSSP Updated Benchmark,D28,=(B12*D23),Recompute formula for each TIN; cached Excel result must not be used.
473,MSSP Updated Benchmark — National-Regional Blended Update Factor — ESRD [BY3] (B30),ratio,National-Regional Blended Update Factor — ESRD; BY3,model_cell,MSSP Updated Benchmark,B30,,Preserve supplied workbook configuration / placeholder unless explicitly overridden.
474,MSSP Updated Benchmark — National-Regional Blended Update Factor — ESRD [PY2027] (D30),ratio,National-Regional Blended Update Factor — ESRD; PY2027,model_cell,MSSP Updated Benchmark,D30,"=IF(('MSSP Parameters'!$C$5>=2024),(((INDEX('MSSP ACPT'!C29:G29,MATCH($D$5,'MSSP ACPT'!$C$4:$G$4,0))/3)+(('MSSP Trend Factor'!F37*2)/3))),'MSSP Trend Factor'!F37)",Recompute formula for each TIN; cached Excel result must not be used.
475,MSSP Updated Benchmark — National-Regional Blended Update Factor — Disabled [BY3] (B31),ratio,National-Regional Blended Update Factor — Disabled; BY3,model_cell,MSSP Updated Benchmark,B31,,Preserve supplied workbook configuration / placeholder unless explicitly overridden.
476,MSSP Updated Benchmark — National-Regional Blended Update Factor — Disabled [PY2027] (D31),ratio,National-Regional Blended Update Factor — Disabled; PY2027,model_cell,MSSP Updated Benchmark,D31,"=IF(('MSSP Parameters'!$C$5>=2024),(((INDEX('MSSP ACPT'!C30:G30,MATCH($D$5,'MSSP ACPT'!$C$4:$G$4,0))/3)+(('MSSP Trend Factor'!F38*2)/3))),'MSSP Trend Factor'!F38)",Recompute formula for each TIN; cached Excel result must not be used.
477,MSSP Updated Benchmark — National-Regional Blended Update Factor — Aged/dual [BY3] (B32),ratio,National-Regional Blended Update Factor — Aged/dual; BY3,model_cell,MSSP Updated Benchmark,B32,,Preserve supplied workbook configuration / placeholder unless explicitly overridden.
478,MSSP Updated Benchmark — National-Regional Blended Update Factor — Aged/dual [PY2027] (D32),ratio,National-Regional Blended Update Factor — Aged/dual; PY2027,model_cell,MSSP Updated Benchmark,D32,"=IF(('MSSP Parameters'!$C$5>=2024),(((INDEX('MSSP ACPT'!C31:G31,MATCH($D$5,'MSSP ACPT'!$C$4:$G$4,0))/3)+(('MSSP Trend Factor'!F39*2)/3))),'MSSP Trend Factor'!F39)",Recompute formula for each TIN; cached Excel result must not be used.
479,MSSP Updated Benchmark — National-Regional Blended Update Factor — Aged/non-dual [BY3] (B33),ratio,National-Regional Blended Update Factor — Aged/non-dual; BY3,model_cell,MSSP Updated Benchmark,B33,,Preserve supplied workbook configuration / placeholder unless explicitly overridden.
480,MSSP Updated Benchmark — National-Regional Blended Update Factor — Aged/non-dual [PY2027] (D33),ratio,National-Regional Blended Update Factor — Aged/non-dual; PY2027,model_cell,MSSP Updated Benchmark,D33,"=IF(('MSSP Parameters'!$C$5>=2024),(((INDEX('MSSP ACPT'!C32:G32,MATCH($D$5,'MSSP ACPT'!$C$4:$G$4,0))/3)+(('MSSP Trend Factor'!F40*2)/3))),'MSSP Trend Factor'!F40)",Recompute formula for each TIN; cached Excel result must not be used.
481,MSSP Updated Benchmark — Updated Benchmark Expenditures ($) — ESRD [BY3] (B35),USD/person-year,Updated Benchmark Expenditures ($) — ESRD; BY3,model_cell,MSSP Updated Benchmark,B35,,Preserve supplied workbook configuration / placeholder unless explicitly overridden.
482,MSSP Updated Benchmark — Updated Benchmark Expenditures ($) — ESRD [PY2027] (D35),USD/person-year,Updated Benchmark Expenditures ($) — ESRD; PY2027,model_cell,MSSP Updated Benchmark,D35,=(D25*D30),Recompute formula for each TIN; cached Excel result must not be used.
483,MSSP Updated Benchmark — Updated Benchmark Expenditures ($) — Disabled [BY3] (B36),USD/person-year,Updated Benchmark Expenditures ($) — Disabled; BY3,model_cell,MSSP Updated Benchmark,B36,,Preserve supplied workbook configuration / placeholder unless explicitly overridden.
484,MSSP Updated Benchmark — Updated Benchmark Expenditures ($) — Disabled [PY2027] (D36),USD/person-year,Updated Benchmark Expenditures ($) — Disabled; PY2027,model_cell,MSSP Updated Benchmark,D36,=(D26*D31),Recompute formula for each TIN; cached Excel result must not be used.
485,MSSP Updated Benchmark — Updated Benchmark Expenditures ($) — Aged/dual [BY3] (B37),USD/person-year,Updated Benchmark Expenditures ($) — Aged/dual; BY3,model_cell,MSSP Updated Benchmark,B37,,Preserve supplied workbook configuration / placeholder unless explicitly overridden.
486,MSSP Updated Benchmark — Updated Benchmark Expenditures ($) — Aged/dual [PY2027] (D37),USD/person-year,Updated Benchmark Expenditures ($) — Aged/dual; PY2027,model_cell,MSSP Updated Benchmark,D37,=(D27*D32),Recompute formula for each TIN; cached Excel result must not be used.
487,MSSP Updated Benchmark — Updated Benchmark Expenditures ($) — Aged/non-dual [BY3] (B38),USD/person-year,Updated Benchmark Expenditures ($) — Aged/non-dual; BY3,model_cell,MSSP Updated Benchmark,B38,,Preserve supplied workbook configuration / placeholder unless explicitly overridden.
488,MSSP Updated Benchmark — Updated Benchmark Expenditures ($) — Aged/non-dual [PY2027] (D38),USD/person-year,Updated Benchmark Expenditures ($) — Aged/non-dual; PY2027,model_cell,MSSP Updated Benchmark,D38,=(D28*D33),Recompute formula for each TIN; cached Excel result must not be used.
489,MSSP Updated Benchmark — Assigned Beneficiary Proportions — ESRD [BY3] (B40),ratio,Assigned Beneficiary Proportions — ESRD; BY3,model_cell,MSSP Updated Benchmark,B40,,Preserve supplied workbook configuration / placeholder unless explicitly overridden.
490,MSSP Updated Benchmark — Assigned Beneficiary Proportions — ESRD [PY2027] (D40),ratio,Assigned Beneficiary Proportions — ESRD; PY2027,model_cell,MSSP Updated Benchmark,D40,='MSSP Shared Saving Losses'!B15,Recompute formula for each TIN; cached Excel result must not be used.
491,MSSP Updated Benchmark — Assigned Beneficiary Proportions — Disabled [BY3] (B41),ratio,Assigned Beneficiary Proportions — Disabled; BY3,model_cell,MSSP Updated Benchmark,B41,,Preserve supplied workbook configuration / placeholder unless explicitly overridden.
492,MSSP Updated Benchmark — Assigned Beneficiary Proportions — Disabled [PY2027] (D41),ratio,Assigned Beneficiary Proportions — Disabled; PY2027,model_cell,MSSP Updated Benchmark,D41,='MSSP Shared Saving Losses'!B16,Recompute formula for each TIN; cached Excel result must not be used.
493,MSSP Updated Benchmark — Assigned Beneficiary Proportions — Aged/dual [BY3] (B42),ratio,Assigned Beneficiary Proportions — Aged/dual; BY3,model_cell,MSSP Updated Benchmark,B42,,Preserve supplied workbook configuration / placeholder unless explicitly overridden.
494,MSSP Updated Benchmark — Assigned Beneficiary Proportions — Aged/dual [PY2027] (D42),ratio,Assigned Beneficiary Proportions — Aged/dual; PY2027,model_cell,MSSP Updated Benchmark,D42,='MSSP Shared Saving Losses'!B17,Recompute formula for each TIN; cached Excel result must not be used.
495,MSSP Updated Benchmark — Assigned Beneficiary Proportions — Aged/non-dual [BY3] (B43),ratio,Assigned Beneficiary Proportions — Aged/non-dual; BY3,model_cell,MSSP Updated Benchmark,B43,,Preserve supplied workbook configuration / placeholder unless explicitly overridden.
496,MSSP Updated Benchmark — Assigned Beneficiary Proportions — Aged/non-dual [PY2027] (D43),ratio,Assigned Beneficiary Proportions — Aged/non-dual; PY2027,model_cell,MSSP Updated Benchmark,D43,='MSSP Shared Saving Losses'!B18,Recompute formula for each TIN; cached Excel result must not be used.
497,MSSP Updated Benchmark — Updated Benchmark ($) [BY3] (B44),USD/person-year,Updated Benchmark ($); BY3,model_cell,MSSP Updated Benchmark,B44,,Preserve supplied workbook configuration / placeholder unless explicitly overridden.
498,MSSP Updated Benchmark — Updated Benchmark ($) [PY2027] (D44),USD/person-year,Updated Benchmark ($); PY2027,model_cell,MSSP Updated Benchmark,D44,"=SUMPRODUCT(D40:D43,D35:D38)",Recompute formula for each TIN; cached Excel result must not be used.
499,MSSP Shared Saving Losses — Performance year (B5),year,Performance year,model_cell,MSSP Shared Saving Losses,B5,,Preserve supplied workbook configuration / placeholder unless explicitly overridden.
500,MSSP Shared Saving Losses — Projected assigned beneficiaries (B7),beneficiaries,Projected assigned beneficiaries,model_cell,MSSP Shared Saving Losses,B7,='MSSP Assumptions'!J47,Recompute formula for each TIN; cached Excel result must not be used.
501,MSSP Shared Saving Losses — Projected person years (B8),person-years,Projected person years,model_cell,MSSP Shared Saving Losses,B8,=(B7*'MSSP Historical Benchmark '!$T$13),Recompute formula for each TIN; cached Excel result must not be used.
502,MSSP Shared Saving Losses — Projected expense — ESRD [PY2027] (B10),USD/person-year,Projected expense — ESRD; PY2027,model_cell,MSSP Shared Saving Losses,B10,"=('MSSP Assumptions'!L50*IF((C15=0),0,1))",Recompute formula for each TIN; cached Excel result must not be used.
503,MSSP Shared Saving Losses — Projected expense — Disabled [PY2027] (B11),USD/person-year,Projected expense — Disabled; PY2027,model_cell,MSSP Shared Saving Losses,B11,"=('MSSP Assumptions'!L51*IF((C16=0),0,1))",Recompute formula for each TIN; cached Excel result must not be used.
504,MSSP Shared Saving Losses — Projected expense — Aged/dual [PY2027] (B12),USD/person-year,Projected expense — Aged/dual; PY2027,model_cell,MSSP Shared Saving Losses,B12,"=('MSSP Assumptions'!L52*IF((C17=0),0,1))",Recompute formula for each TIN; cached Excel result must not be used.
505,MSSP Shared Saving Losses — Projected expense — Aged/non-dual [PY2027] (B13),USD/person-year,Projected expense — Aged/non-dual; PY2027,model_cell,MSSP Shared Saving Losses,B13,"=('MSSP Assumptions'!L53*IF((C18=0),0,1))",Recompute formula for each TIN; cached Excel result must not be used.
506,MSSP Shared Saving Losses — Projected cohort proportion — ESRD [PY2027] (B15),ratio,Projected cohort proportion — ESRD; PY2027,model_cell,MSSP Shared Saving Losses,B15,"=IFERROR((C15/SUM($C$15:$C$18)),0)",Recompute formula for each TIN; cached Excel result must not be used.
507,MSSP Shared Saving Losses — Projected cohort person years — ESRD [PY2027] (C15),person-years,Projected cohort person years — ESRD; PY2027,model_cell,MSSP Shared Saving Losses,C15,=('MSSP Assumptions'!J42*'MSSP Historical Benchmark '!$T$13),Recompute formula for each TIN; cached Excel result must not be used.
508,MSSP Shared Saving Losses — Projected cohort proportion — Disabled [PY2027] (B16),ratio,Projected cohort proportion — Disabled; PY2027,model_cell,MSSP Shared Saving Losses,B16,"=IFERROR((C16/SUM($C$15:$C$18)),0)",Recompute formula for each TIN; cached Excel result must not be used.
509,MSSP Shared Saving Losses — Projected cohort person years — Disabled [PY2027] (C16),person-years,Projected cohort person years — Disabled; PY2027,model_cell,MSSP Shared Saving Losses,C16,=('MSSP Assumptions'!J43*'MSSP Historical Benchmark '!$T$13),Recompute formula for each TIN; cached Excel result must not be used.
510,MSSP Shared Saving Losses — Projected cohort proportion — Aged/dual [PY2027] (B17),ratio,Projected cohort proportion — Aged/dual; PY2027,model_cell,MSSP Shared Saving Losses,B17,"=IFERROR((C17/SUM($C$15:$C$18)),0)",Recompute formula for each TIN; cached Excel result must not be used.
511,MSSP Shared Saving Losses — Projected cohort person years — Aged/dual [PY2027] (C17),person-years,Projected cohort person years — Aged/dual; PY2027,model_cell,MSSP Shared Saving Losses,C17,=('MSSP Assumptions'!J44*'MSSP Historical Benchmark '!$T$13),Recompute formula for each TIN; cached Excel result must not be used.
512,MSSP Shared Saving Losses — Projected cohort proportion — Aged/non-dual [PY2027] (B18),ratio,Projected cohort proportion — Aged/non-dual; PY2027,model_cell,MSSP Shared Saving Losses,B18,"=IFERROR((C18/SUM($C$15:$C$18)),0)",Recompute formula for each TIN; cached Excel result must not be used.
513,MSSP Shared Saving Losses — Projected cohort person years — Aged/non-dual [PY2027] (C18),person-years,Projected cohort person years — Aged/non-dual; PY2027,model_cell,MSSP Shared Saving Losses,C18,=('MSSP Assumptions'!J45*'MSSP Historical Benchmark '!$T$13),Recompute formula for each TIN; cached Excel result must not be used.
514,MSSP Shared Saving Losses — Projected expense per person year (B19),USD/person-year,Projected expense per person year,model_cell,MSSP Shared Saving Losses,B19,"=SUMPRODUCT(B15:B18,B10:B13)",Recompute formula for each TIN; cached Excel result must not be used.
515,MSSP Shared Saving Losses — Projected benchmark per person year (B20),USD/person-year,Projected benchmark per person year,model_cell,MSSP Shared Saving Losses,B20,='MSSP Updated Benchmark'!D44,Recompute formula for each TIN; cached Excel result must not be used.
516,MSSP Shared Saving Losses — Projected expense (B21),USD,Projected expense,model_cell,MSSP Shared Saving Losses,B21,=(B8*B19),Recompute formula for each TIN; cached Excel result must not be used.
517,MSSP Shared Saving Losses — Projected benchmark (B22),USD,Projected benchmark,model_cell,MSSP Shared Saving Losses,B22,=(B20*B8),Recompute formula for each TIN; cached Excel result must not be used.
518,MSSP Shared Saving Losses — MLR before sharing (C22),ratio,MLR before sharing,model_cell,MSSP Shared Saving Losses,C22,"=IFERROR((B21/B22),0)",Recompute formula for each TIN; cached Excel result must not be used.
519,MSSP Shared Saving Losses — Gross margin before sharing (B23),USD,Gross margin before sharing,model_cell,MSSP Shared Saving Losses,B23,=(B22-B21),Recompute formula for each TIN; cached Excel result must not be used.
520,MSSP Shared Saving Losses — Gross savings before sharing (B24),USD,Gross savings before sharing,model_cell,MSSP Shared Saving Losses,B24,"=IF((B23>0),B23,0)",Recompute formula for each TIN; cached Excel result must not be used.
521,MSSP Shared Saving Losses — Gross losses before sharing (B25),USD,Gross losses before sharing,model_cell,MSSP Shared Saving Losses,B25,"=IF((B23<0),B23,0)",Recompute formula for each TIN; cached Excel result must not be used.
522,MSSP Shared Saving Losses — Minimum Savings Rate (%) [PY2027] (B26),ratio,Minimum Savings Rate (%); PY2027,model_cell,MSSP Shared Saving Losses,B26,"=IF(OR(('MSSP Parameters'!C9=""BASIC A""),('MSSP Parameters'!C9=""BASIC B"")),'MSSP Parameters'!C10,('MSSP Parameters'!C10/2))",Recompute formula for each TIN; cached Excel result must not be used.
523,MSSP Shared Saving Losses — Minimum Loss Rate (%) [PY2027] (B27),ratio,Minimum Loss Rate (%); PY2027,model_cell,MSSP Shared Saving Losses,B27,"=-IF(OR(('MSSP Parameters'!C9=""BASIC A""),('MSSP Parameters'!C9=""BASIC B"")),0,('MSSP Parameters'!C10/2))",Recompute formula for each TIN; cached Excel result must not be used.
524,MSSP Shared Saving Losses — Minimum Savings Rate ($) [PY2027] (B28),USD,Minimum Savings Rate ($); PY2027,model_cell,MSSP Shared Saving Losses,B28,=(B26*B22),Recompute formula for each TIN; cached Excel result must not be used.
525,MSSP Shared Saving Losses — Minimum Loss Rate ($) [PY2027] (B29),USD,Minimum Loss Rate ($); PY2027,model_cell,MSSP Shared Saving Losses,B29,=(B27*B22),Recompute formula for each TIN; cached Excel result must not be used.
526,MSSP Shared Saving Losses — Savings or Losses Realized [PY2027] (B30),text,Savings or Losses Realized; PY2027,model_cell,MSSP Shared Saving Losses,B30,"=IF((B23>=B28),""Saving"",IF((B23<=B29),""Losses"",""No Shared Savings""))",Recompute formula for each TIN; cached Excel result must not be used.
527,MSSP Shared Saving Losses — Maximum Sharing Rate (%) [PY2027] (B32),ratio,Maximum Sharing Rate (%); PY2027,model_cell,MSSP Shared Saving Losses,B32,"=IFS(('MSSP Parameters'!C9=""BASIC A""),'MSSP Inputs by Track'!B6,('MSSP Parameters'!C9=""BASIC B""),'MSSP Inputs by Track'!C6,('MSSP Parameters'!C9=""BASIC C""),'MSSP Inputs by Track'!D6,('MSSP Parameters'!C9=""BASIC D""),'MSSP Inputs by Track'!E6,('MSSP Parameters'!C9=""BASIC E""),'MSSP Inputs by Track'!F6,('MSSP Parameters'!C9=""ENHANCED""),'MSSP Inputs by Track'!G6)",Recompute formula for each TIN; cached Excel result must not be used.
528,MSSP Shared Saving Losses — ACO Quality Score (%) [PY2027] (B33),ratio,ACO Quality Score (%); PY2027,model_cell,MSSP Shared Saving Losses,B33,,Preserve supplied workbook configuration / placeholder unless explicitly overridden.
529,MSSP Shared Saving Losses — Met Quality Performance Standard (Y/N) [PY2027] (B34),text,Met Quality Performance Standard (Y/N); PY2027,model_cell,MSSP Shared Saving Losses,B34,,Preserve supplied workbook configuration / placeholder unless explicitly overridden.
530,MSSP Shared Saving Losses — Met Alternative Quality Performance Standard (Y/N/NA) [PY2027] (B35),text,Met Alternative Quality Performance Standard (Y/N/NA); PY2027,model_cell,MSSP Shared Saving Losses,B35,,Preserve supplied workbook configuration / placeholder unless explicitly overridden.
531,MSSP Shared Saving Losses — Final Sharing Rate (%) [PY2027] (B36),ratio,Final Sharing Rate (%); PY2027,model_cell,MSSP Shared Saving Losses,B36,"=IF((B34=""Yes""),B32,IF((B35=""Yes""),(B32*B33),0))",Recompute formula for each TIN; cached Excel result must not be used.
532,MSSP Shared Saving Losses — Shared Loss Rate (%) [PY2027] (B37),ratio,Shared Loss Rate (%); PY2027,model_cell,MSSP Shared Saving Losses,B37,"=IFS(('MSSP Parameters'!C9=""BASIC A""),0,('MSSP Parameters'!C9=""BASIC B""),0,('MSSP Parameters'!C9=""BASIC C""),'MSSP Inputs by Track'!D7,('MSSP Parameters'!C9=""BASIC D""),'MSSP Inputs by Track'!E7,('MSSP Parameters'!C9=""BASIC E""),'MSSP Inputs by Track'!F7,('MSSP Parameters'!C9=""ENHANCED""),0.4)",Recompute formula for each TIN; cached Excel result must not be used.
533,MSSP Shared Saving Losses — Shared savings (B39),USD,Shared savings,model_cell,MSSP Shared Saving Losses,B39,"=IF((B30=""Saving""),(B36*B24),0)",Recompute formula for each TIN; cached Excel result must not be used.
534,MSSP Shared Saving Losses — Shared losses (B40),USD,Shared losses,model_cell,MSSP Shared Saving Losses,B40,"=IF((B30=""Losses""),(B37*B25),0)",Recompute formula for each TIN; cached Excel result must not be used.
535,MSSP Shared Saving Losses — MLR after sharing (B41),ratio,MLR after sharing,model_cell,MSSP Shared Saving Losses,B41,"=IFERROR((1-(IF((B30=""Saving""),B39,B40)/B22)),0)",Recompute formula for each TIN; cached Excel result must not be used.
536,MSSP Shared Saving Losses — BY3 Cost [PY2027] (B45),USD,BY3 Cost; PY2027,model_cell,MSSP Shared Saving Losses,B45,"=SUMPRODUCT('MSSP Historical Benchmark '!D10:D13,'MSSP Historical Benchmark '!D16:D19)",Recompute formula for each TIN; cached Excel result must not be used.
537,MSSP Shared Saving Losses — Financial Guarantee Percent [PY2027] (B46),ratio,Financial Guarantee Percent; PY2027,model_cell,MSSP Shared Saving Losses,B46,='MSSP Parameters'!C14,Recompute formula for each TIN; cached Excel result must not be used.
538,MSSP Shared Saving Losses — Financial guarantee (B47),USD,Financial guarantee,model_cell,MSSP Shared Saving Losses,B47,=(B45*B46),Recompute formula for each TIN; cached Excel result must not be used.
539,MSSP Assumptions — Year / trend-period header B2 [Model context] (B2),year / period,Year / trend-period header B2; Model context,model_cell,MSSP Assumptions,B2,,Preserve supplied workbook configuration / placeholder unless explicitly overridden.
540,MSSP Assumptions — Year / trend-period header C2 [Model context] (C2),year / period,Year / trend-period header C2; Model context,model_cell,MSSP Assumptions,C2,,Preserve supplied workbook configuration / placeholder unless explicitly overridden.
541,MSSP Assumptions — Year / trend-period header D2 [Model context] (D2),year / period,Year / trend-period header D2; Model context,model_cell,MSSP Assumptions,D2,,Preserve supplied workbook configuration / placeholder unless explicitly overridden.
542,MSSP Assumptions — Year / trend-period header E2 [Model context] (E2),year / period,Year / trend-period header E2; Model context,model_cell,MSSP Assumptions,E2,,Preserve supplied workbook configuration / placeholder unless explicitly overridden.
543,MSSP Assumptions — Year / trend-period header F2 [Model context] (F2),year / period,Year / trend-period header F2; Model context,model_cell,MSSP Assumptions,F2,,Preserve supplied workbook configuration / placeholder unless explicitly overridden.
544,MSSP Assumptions — Year / trend-period header G2 [Model context] (G2),year / period,Year / trend-period header G2; Model context,model_cell,MSSP Assumptions,G2,,Preserve supplied workbook configuration / placeholder unless explicitly overridden.
545,MSSP Assumptions — Year / trend-period header H2 [Model context] (H2),year / period,Year / trend-period header H2; Model context,model_cell,MSSP Assumptions,H2,,Preserve supplied workbook configuration / placeholder unless explicitly overridden.
546,MSSP Assumptions — Year / trend-period header I2 [Model context] (I2),year / period,Year / trend-period header I2; Model context,model_cell,MSSP Assumptions,I2,,Preserve supplied workbook configuration / placeholder unless explicitly overridden.
547,MSSP Assumptions — Year / trend-period header J2 [Model context] (J2),year / period,Year / trend-period header J2; Model context,model_cell,MSSP Assumptions,J2,,Preserve supplied workbook configuration / placeholder unless explicitly overridden.
548,MSSP Assumptions — Year / trend-period header O2 [Model context] (O2),year / period,Year / trend-period header O2; Model context,model_cell,MSSP Assumptions,O2,,Preserve supplied workbook configuration / placeholder unless explicitly overridden.
549,MSSP Assumptions — Year / trend-period header P2 [Model context] (P2),year / period,Year / trend-period header P2; Model context,model_cell,MSSP Assumptions,P2,,Preserve supplied workbook configuration / placeholder unless explicitly overridden.
550,MSSP Assumptions — Year / trend-period header Q2 [Model context] (Q2),year / period,Year / trend-period header Q2; Model context,model_cell,MSSP Assumptions,Q2,,Preserve supplied workbook configuration / placeholder unless explicitly overridden.
551,MSSP Assumptions — Year / trend-period header R2 [Model context] (R2),year / period,Year / trend-period header R2; Model context,model_cell,MSSP Assumptions,R2,,Preserve supplied workbook configuration / placeholder unless explicitly overridden.
552,MSSP Assumptions — Year / trend-period header S2 [Model context] (S2),year / period,Year / trend-period header S2; Model context,model_cell,MSSP Assumptions,S2,,Preserve supplied workbook configuration / placeholder unless explicitly overridden.
553,MSSP Assumptions — Year / trend-period header T2 [Model context] (T2),year / period,Year / trend-period header T2; Model context,model_cell,MSSP Assumptions,T2,,Preserve supplied workbook configuration / placeholder unless explicitly overridden.
554,MSSP Assumptions — Year / trend-period header U2 [Model context] (U2),year / period,Year / trend-period header U2; Model context,model_cell,MSSP Assumptions,U2,,Preserve supplied workbook configuration / placeholder unless explicitly overridden.
555,MSSP Assumptions — Year / trend-period header V2 [Model context] (V2),year / period,Year / trend-period header V2; Model context,model_cell,MSSP Assumptions,V2,,Preserve supplied workbook configuration / placeholder unless explicitly overridden.
556,MSSP Assumptions — Year / trend-period header W2 [Model context] (W2),year / period,Year / trend-period header W2; Model context,model_cell,MSSP Assumptions,W2,,Preserve supplied workbook configuration / placeholder unless explicitly overridden.
557,MSSP Assumptions — Year / trend-period header X2 [Model context] (X2),year / period,Year / trend-period header X2; Model context,model_cell,MSSP Assumptions,X2,,Preserve supplied workbook configuration / placeholder unless explicitly overridden.
558,MSSP Assumptions — Year / trend-period header Y2 [Model context] (Y2),year / period,Year / trend-period header Y2; Model context,model_cell,MSSP Assumptions,Y2,,Preserve supplied workbook configuration / placeholder unless explicitly overridden.
559,MSSP Assumptions — Year / trend-period header Z2 [Model context] (Z2),year / period,Year / trend-period header Z2; Model context,model_cell,MSSP Assumptions,Z2,,Preserve supplied workbook configuration / placeholder unless explicitly overridden.
560,MSSP Assumptions — Year / trend-period header AA2 [Model context] (AA2),year / period,Year / trend-period header AA2; Model context,model_cell,MSSP Assumptions,AA2,,Preserve supplied workbook configuration / placeholder unless explicitly overridden.
561,MSSP Assumptions — Year / trend-period header AB2 [Model context] (AB2),year / period,Year / trend-period header AB2; Model context,model_cell,MSSP Assumptions,AB2,,Preserve supplied workbook configuration / placeholder unless explicitly overridden.
562,MSSP Assumptions — Year / trend-period header AC2 [Model context] (AC2),year / period,Year / trend-period header AC2; Model context,model_cell,MSSP Assumptions,AC2,,Preserve supplied workbook configuration / placeholder unless explicitly overridden.
563,MSSP Assumptions — Year / trend-period header AD2 [Model context] (AD2),year / period,Year / trend-period header AD2; Model context,model_cell,MSSP Assumptions,AD2,,Preserve supplied workbook configuration / placeholder unless explicitly overridden.
564,MSSP Assumptions — Year / trend-period header AE2 [Model context] (AE2),year / period,Year / trend-period header AE2; Model context,model_cell,MSSP Assumptions,AE2,,Preserve supplied workbook configuration / placeholder unless explicitly overridden.
565,MSSP Assumptions — Year / trend-period header AF2 [Model context] (AF2),year / period,Year / trend-period header AF2; Model context,model_cell,MSSP Assumptions,AF2,,Preserve supplied workbook configuration / placeholder unless explicitly overridden.
566,MSSP Assumptions — Year / trend-period header AG2 [Model context] (AG2),year / period,Year / trend-period header AG2; Model context,model_cell,MSSP Assumptions,AG2,,Preserve supplied workbook configuration / placeholder unless explicitly overridden.
567,MSSP Assumptions — Year / trend-period header AH2 [Model context] (AH2),year / period,Year / trend-period header AH2; Model context,model_cell,MSSP Assumptions,AH2,,Preserve supplied workbook configuration / placeholder unless explicitly overridden.
568,MSSP Assumptions — Year / trend-period header AI2 [Model context] (AI2),year / period,Year / trend-period header AI2; Model context,model_cell,MSSP Assumptions,AI2,,Preserve supplied workbook configuration / placeholder unless explicitly overridden.
569,MSSP Assumptions — Year / trend-period header AJ2 [Model context] (AJ2),year / period,Year / trend-period header AJ2; Model context,model_cell,MSSP Assumptions,AJ2,,Preserve supplied workbook configuration / placeholder unless explicitly overridden.
570,MSSP Assumptions — Year / trend-period header AK2 [Model context] (AK2),year / period,Year / trend-period header AK2; Model context,model_cell,MSSP Assumptions,AK2,,Preserve supplied workbook configuration / placeholder unless explicitly overridden.
571,MSSP Assumptions — Year / trend-period header AL2 [Model context] (AL2),year / period,Year / trend-period header AL2; Model context,model_cell,MSSP Assumptions,AL2,,Preserve supplied workbook configuration / placeholder unless explicitly overridden.
572,MSSP Assumptions — Year / trend-period header AM2 [Model context] (AM2),year / period,Year / trend-period header AM2; Model context,model_cell,MSSP Assumptions,AM2,,Preserve supplied workbook configuration / placeholder unless explicitly overridden.
573,MSSP Assumptions — Year / trend-period header AN2 [Model context] (AN2),year / period,Year / trend-period header AN2; Model context,model_cell,MSSP Assumptions,AN2,,Preserve supplied workbook configuration / placeholder unless explicitly overridden.
574,MSSP Assumptions — Year / trend-period header AO2 [Model context] (AO2),year / period,Year / trend-period header AO2; Model context,model_cell,MSSP Assumptions,AO2,,Preserve supplied workbook configuration / placeholder unless explicitly overridden.
575,MSSP Assumptions — Year / trend-period header AP2 [Model context] (AP2),year / period,Year / trend-period header AP2; Model context,model_cell,MSSP Assumptions,AP2,,Preserve supplied workbook configuration / placeholder unless explicitly overridden.
576,MSSP Assumptions — Year / trend-period header AQ2 [Model context] (AQ2),year / period,Year / trend-period header AQ2; Model context,model_cell,MSSP Assumptions,AQ2,,Preserve supplied workbook configuration / placeholder unless explicitly overridden.
577,MSSP Assumptions — Year / trend-period header AR2 [Model context] (AR2),year / period,Year / trend-period header AR2; Model context,model_cell,MSSP Assumptions,AR2,,Preserve supplied workbook configuration / placeholder unless explicitly overridden.
578,MSSP Assumptions — Year / trend-period header AS2 [Model context] (AS2),year / period,Year / trend-period header AS2; Model context,model_cell,MSSP Assumptions,AS2,,Preserve supplied workbook configuration / placeholder unless explicitly overridden.
579,MSSP Assumptions — Year / trend-period header AT2 [Model context] (AT2),year / period,Year / trend-period header AT2; Model context,model_cell,MSSP Assumptions,AT2,,Preserve supplied workbook configuration / placeholder unless explicitly overridden.
580,MSSP Assumptions — National risk renormalization — ESRD [2019] (B3),risk score,National risk renormalization — ESRD; 2019,model_cell,MSSP Assumptions,B3,,Preserve supplied workbook configuration / placeholder unless explicitly overridden.
581,MSSP Assumptions — National risk renormalization — ESRD [2020] (C3),risk score,National risk renormalization — ESRD; 2020,model_cell,MSSP Assumptions,C3,,Preserve supplied workbook configuration / placeholder unless explicitly overridden.
582,MSSP Assumptions — National risk renormalization — ESRD [2021] (D3),risk score,National risk renormalization — ESRD; 2021,model_cell,MSSP Assumptions,D3,,Preserve supplied workbook configuration / placeholder unless explicitly overridden.
583,MSSP Assumptions — National risk renormalization — ESRD [2022] (E3),risk score,National risk renormalization — ESRD; 2022,model_cell,MSSP Assumptions,E3,,Preserve supplied workbook configuration / placeholder unless explicitly overridden.
584,MSSP Assumptions — National risk renormalization — ESRD [2023] (F3),risk score,National risk renormalization — ESRD; 2023,model_cell,MSSP Assumptions,F3,,Preserve supplied workbook configuration / placeholder unless explicitly overridden.
585,MSSP Assumptions — National risk renormalization — ESRD [2024] (G3),risk score,National risk renormalization — ESRD; 2024,model_cell,MSSP Assumptions,G3,,Preserve supplied workbook configuration / placeholder unless explicitly overridden.
586,MSSP Assumptions — National risk renormalization — ESRD [2025] (H3),risk score,National risk renormalization — ESRD; 2025,model_cell,MSSP Assumptions,H3,,Preserve supplied workbook configuration / placeholder unless explicitly overridden.
587,MSSP Assumptions — National risk renormalization — ESRD [2026] (I3),risk score,National risk renormalization — ESRD; 2026,model_cell,MSSP Assumptions,I3,"=TREND(F3:H3,$F$2:$H$2,$I$2)",Recompute formula for each TIN; cached Excel result must not be used.
588,MSSP Assumptions — National risk renormalization — ESRD [2027] (J3),risk score,National risk renormalization — ESRD; 2027,model_cell,MSSP Assumptions,J3,"=TREND(F3:I3,$F$2:$I$2,$J$2)",Recompute formula for each TIN; cached Excel result must not be used.
589,MSSP Assumptions — Reference risk renormalization — ESRD [2019] (O3),risk score,Reference risk renormalization — ESRD; 2019,model_cell,MSSP Assumptions,O3,,Preserve supplied workbook configuration / placeholder unless explicitly overridden.
590,MSSP Assumptions — Reference risk renormalization — ESRD [2020] (P3),risk score,Reference risk renormalization — ESRD; 2020,model_cell,MSSP Assumptions,P3,,Preserve supplied workbook configuration / placeholder unless explicitly overridden.
591,MSSP Assumptions — Reference risk renormalization — ESRD [2021] (Q3),risk score,Reference risk renormalization — ESRD; 2021,model_cell,MSSP Assumptions,Q3,,Preserve supplied workbook configuration / placeholder unless explicitly overridden.
592,MSSP Assumptions — Reference risk renormalization — ESRD [2022] (R3),risk score,Reference risk renormalization — ESRD; 2022,model_cell,MSSP Assumptions,R3,,Preserve supplied workbook configuration / placeholder unless explicitly overridden.
593,MSSP Assumptions — Reference risk renormalization — ESRD [2023] (S3),risk score,Reference risk renormalization — ESRD; 2023,model_cell,MSSP Assumptions,S3,,Preserve supplied workbook configuration / placeholder unless explicitly overridden.
594,MSSP Assumptions — Reference risk renormalization — ESRD [2024] (T3),risk score,Reference risk renormalization — ESRD; 2024,model_cell,MSSP Assumptions,T3,,Preserve supplied workbook configuration / placeholder unless explicitly overridden.
595,MSSP Assumptions — Reference risk renormalization — ESRD [2025] (U3),risk score,Reference risk renormalization — ESRD; 2025,model_cell,MSSP Assumptions,U3,,Preserve supplied workbook configuration / placeholder unless explicitly overridden.
596,MSSP Assumptions — Reference risk renormalization — ESRD [2026] (V3),risk score,Reference risk renormalization — ESRD; 2026,model_cell,MSSP Assumptions,V3,,Preserve supplied workbook configuration / placeholder unless explicitly overridden.
597,MSSP Assumptions — Reference risk renormalization — Disabled [2019] (W3),risk score,Reference risk renormalization — Disabled; 2019,model_cell,MSSP Assumptions,W3,,Preserve supplied workbook configuration / placeholder unless explicitly overridden.
598,MSSP Assumptions — Reference risk renormalization — Disabled [2020] (X3),risk score,Reference risk renormalization — Disabled; 2020,model_cell,MSSP Assumptions,X3,,Preserve supplied workbook configuration / placeholder unless explicitly overridden.
599,MSSP Assumptions — Reference risk renormalization — Disabled [2021] (Y3),risk score,Reference risk renormalization — Disabled; 2021,model_cell,MSSP Assumptions,Y3,,Preserve supplied workbook configuration / placeholder unless explicitly overridden.
600,MSSP Assumptions — Reference risk renormalization — Disabled [2022] (Z3),risk score,Reference risk renormalization — Disabled; 2022,model_cell,MSSP Assumptions,Z3,,Preserve supplied workbook configuration / placeholder unless explicitly overridden.
601,MSSP Assumptions — Reference risk renormalization — Disabled [2023] (AA3),risk score,Reference risk renormalization — Disabled; 2023,model_cell,MSSP Assumptions,AA3,,Preserve supplied workbook configuration / placeholder unless explicitly overridden.
602,MSSP Assumptions — Reference risk renormalization — Disabled [2024] (AB3),risk score,Reference risk renormalization — Disabled; 2024,model_cell,MSSP Assumptions,AB3,,Preserve supplied workbook configuration / placeholder unless explicitly overridden.
603,MSSP Assumptions — Reference risk renormalization — Disabled [2025] (AC3),risk score,Reference risk renormalization — Disabled; 2025,model_cell,MSSP Assumptions,AC3,,Preserve supplied workbook configuration / placeholder unless explicitly overridden.
604,MSSP Assumptions — Reference risk renormalization — Disabled [2026] (AD3),risk score,Reference risk renormalization — Disabled; 2026,model_cell,MSSP Assumptions,AD3,,Preserve supplied workbook configuration / placeholder unless explicitly overridden.
605,MSSP Assumptions — Reference risk renormalization — Aged dual [2019] (AE3),risk score,Reference risk renormalization — Aged dual; 2019,model_cell,MSSP Assumptions,AE3,,Preserve supplied workbook configuration / placeholder unless explicitly overridden.
606,MSSP Assumptions — Reference risk renormalization — Aged dual [2020] (AF3),risk score,Reference risk renormalization — Aged dual; 2020,model_cell,MSSP Assumptions,AF3,,Preserve supplied workbook configuration / placeholder unless explicitly overridden.
607,MSSP Assumptions — Reference risk renormalization — Aged dual [2021] (AG3),risk score,Reference risk renormalization — Aged dual; 2021,model_cell,MSSP Assumptions,AG3,,Preserve supplied workbook configuration / placeholder unless explicitly overridden.
608,MSSP Assumptions — Reference risk renormalization — Aged dual [2022] (AH3),risk score,Reference risk renormalization — Aged dual; 2022,model_cell,MSSP Assumptions,AH3,,Preserve supplied workbook configuration / placeholder unless explicitly overridden.
609,MSSP Assumptions — Reference risk renormalization — Aged dual [2023] (AI3),risk score,Reference risk renormalization — Aged dual; 2023,model_cell,MSSP Assumptions,AI3,,Preserve supplied workbook configuration / placeholder unless explicitly overridden.
610,MSSP Assumptions — Reference risk renormalization — Aged dual [2024] (AJ3),risk score,Reference risk renormalization — Aged dual; 2024,model_cell,MSSP Assumptions,AJ3,,Preserve supplied workbook configuration / placeholder unless explicitly overridden.
611,MSSP Assumptions — Reference risk renormalization — Aged dual [2025] (AK3),risk score,Reference risk renormalization — Aged dual; 2025,model_cell,MSSP Assumptions,AK3,,Preserve supplied workbook configuration / placeholder unless explicitly overridden.
612,MSSP Assumptions — Reference risk renormalization — Aged dual [2026] (AL3),risk score,Reference risk renormalization — Aged dual; 2026,model_cell,MSSP Assumptions,AL3,,Preserve supplied workbook configuration / placeholder unless explicitly overridden.
613,MSSP Assumptions — Reference risk renormalization — Aged nondual [2019] (AM3),risk score,Reference risk renormalization — Aged nondual; 2019,model_cell,MSSP Assumptions,AM3,,Preserve supplied workbook configuration / placeholder unless explicitly overridden.
614,MSSP Assumptions — Reference risk renormalization — Aged nondual [2020] (AN3),risk score,Reference risk renormalization — Aged nondual; 2020,model_cell,MSSP Assumptions,AN3,,Preserve supplied workbook configuration / placeholder unless explicitly overridden.
615,MSSP Assumptions — Reference risk renormalization — Aged nondual [2021] (AO3),risk score,Reference risk renormalization — Aged nondual; 2021,model_cell,MSSP Assumptions,AO3,,Preserve supplied workbook configuration / placeholder unless explicitly overridden.
616,MSSP Assumptions — Reference risk renormalization — Aged nondual [2022] (AP3),risk score,Reference risk renormalization — Aged nondual; 2022,model_cell,MSSP Assumptions,AP3,,Preserve supplied workbook configuration / placeholder unless explicitly overridden.
617,MSSP Assumptions — Reference risk renormalization — Aged nondual [2023] (AQ3),risk score,Reference risk renormalization — Aged nondual; 2023,model_cell,MSSP Assumptions,AQ3,,Preserve supplied workbook configuration / placeholder unless explicitly overridden.
618,MSSP Assumptions — Reference risk renormalization — Aged nondual [2024] (AR3),risk score,Reference risk renormalization — Aged nondual; 2024,model_cell,MSSP Assumptions,AR3,,Preserve supplied workbook configuration / placeholder unless explicitly overridden.
619,MSSP Assumptions — Reference risk renormalization — Aged nondual [2025] (AS3),risk score,Reference risk renormalization — Aged nondual; 2025,model_cell,MSSP Assumptions,AS3,,Preserve supplied workbook configuration / placeholder unless explicitly overridden.
620,MSSP Assumptions — Reference risk renormalization — Aged nondual [2026] (AT3),risk score,Reference risk renormalization — Aged nondual; 2026,model_cell,MSSP Assumptions,AT3,,Preserve supplied workbook configuration / placeholder unless explicitly overridden.
621,MSSP Assumptions — National risk renormalization — Disabled [2019] (B4),risk score,National risk renormalization — Disabled; 2019,model_cell,MSSP Assumptions,B4,,Preserve supplied workbook configuration / placeholder unless explicitly overridden.
622,MSSP Assumptions — National risk renormalization — Disabled [2020] (C4),risk score,National risk renormalization — Disabled; 2020,model_cell,MSSP Assumptions,C4,,Preserve supplied workbook configuration / placeholder unless explicitly overridden.
623,MSSP Assumptions — National risk renormalization — Disabled [2021] (D4),risk score,National risk renormalization — Disabled; 2021,model_cell,MSSP Assumptions,D4,,Preserve supplied workbook configuration / placeholder unless explicitly overridden.
624,MSSP Assumptions — National risk renormalization — Disabled [2022] (E4),risk score,National risk renormalization — Disabled; 2022,model_cell,MSSP Assumptions,E4,,Preserve supplied workbook configuration / placeholder unless explicitly overridden.
625,MSSP Assumptions — National risk renormalization — Disabled [2023] (F4),risk score,National risk renormalization — Disabled; 2023,model_cell,MSSP Assumptions,F4,,Preserve supplied workbook configuration / placeholder unless explicitly overridden.
626,MSSP Assumptions — National risk renormalization — Disabled [2024] (G4),risk score,National risk renormalization — Disabled; 2024,model_cell,MSSP Assumptions,G4,,Preserve supplied workbook configuration / placeholder unless explicitly overridden.
627,MSSP Assumptions — National risk renormalization — Disabled [2025] (H4),risk score,National risk renormalization — Disabled; 2025,model_cell,MSSP Assumptions,H4,,Preserve supplied workbook configuration / placeholder unless explicitly overridden.
628,MSSP Assumptions — National risk renormalization — Disabled [2026] (I4),risk score,National risk renormalization — Disabled; 2026,model_cell,MSSP Assumptions,I4,"=TREND(F4:H4,$F$2:$H$2,$I$2)",Recompute formula for each TIN; cached Excel result must not be used.
629,MSSP Assumptions — National risk renormalization — Disabled [2027] (J4),risk score,National risk renormalization — Disabled; 2027,model_cell,MSSP Assumptions,J4,"=TREND(F4:I4,$F$2:$I$2,$J$2)",Recompute formula for each TIN; cached Excel result must not be used.
630,MSSP Assumptions — National risk renormalization — Aged/dual [2019] (B5),risk score,National risk renormalization — Aged/dual; 2019,model_cell,MSSP Assumptions,B5,,Preserve supplied workbook configuration / placeholder unless explicitly overridden.
631,MSSP Assumptions — National risk renormalization — Aged/dual [2020] (C5),risk score,National risk renormalization — Aged/dual; 2020,model_cell,MSSP Assumptions,C5,,Preserve supplied workbook configuration / placeholder unless explicitly overridden.
632,MSSP Assumptions — National risk renormalization — Aged/dual [2021] (D5),risk score,National risk renormalization — Aged/dual; 2021,model_cell,MSSP Assumptions,D5,,Preserve supplied workbook configuration / placeholder unless explicitly overridden.
633,MSSP Assumptions — National risk renormalization — Aged/dual [2022] (E5),risk score,National risk renormalization — Aged/dual; 2022,model_cell,MSSP Assumptions,E5,,Preserve supplied workbook configuration / placeholder unless explicitly overridden.
634,MSSP Assumptions — National risk renormalization — Aged/dual [2023] (F5),risk score,National risk renormalization — Aged/dual; 2023,model_cell,MSSP Assumptions,F5,,Preserve supplied workbook configuration / placeholder unless explicitly overridden.
635,MSSP Assumptions — National risk renormalization — Aged/dual [2024] (G5),risk score,National risk renormalization — Aged/dual; 2024,model_cell,MSSP Assumptions,G5,,Preserve supplied workbook configuration / placeholder unless explicitly overridden.
636,MSSP Assumptions — National risk renormalization — Aged/dual [2025] (H5),risk score,National risk renormalization — Aged/dual; 2025,model_cell,MSSP Assumptions,H5,,Preserve supplied workbook configuration / placeholder unless explicitly overridden.
637,MSSP Assumptions — National risk renormalization — Aged/dual [2026] (I5),risk score,National risk renormalization — Aged/dual; 2026,model_cell,MSSP Assumptions,I5,"=TREND(F5:H5,$F$2:$H$2,$I$2)",Recompute formula for each TIN; cached Excel result must not be used.
638,MSSP Assumptions — National risk renormalization — Aged/dual [2027] (J5),risk score,National risk renormalization — Aged/dual; 2027,model_cell,MSSP Assumptions,J5,"=TREND(F5:I5,$F$2:$I$2,$J$2)",Recompute formula for each TIN; cached Excel result must not be used.
639,MSSP Assumptions — National risk renormalization — Aged/non-dual [2019] (B6),risk score,National risk renormalization — Aged/non-dual; 2019,model_cell,MSSP Assumptions,B6,,Preserve supplied workbook configuration / placeholder unless explicitly overridden.
640,MSSP Assumptions — National risk renormalization — Aged/non-dual [2020] (C6),risk score,National risk renormalization — Aged/non-dual; 2020,model_cell,MSSP Assumptions,C6,,Preserve supplied workbook configuration / placeholder unless explicitly overridden.
641,MSSP Assumptions — National risk renormalization — Aged/non-dual [2021] (D6),risk score,National risk renormalization — Aged/non-dual; 2021,model_cell,MSSP Assumptions,D6,,Preserve supplied workbook configuration / placeholder unless explicitly overridden.
642,MSSP Assumptions — National risk renormalization — Aged/non-dual [2022] (E6),risk score,National risk renormalization — Aged/non-dual; 2022,model_cell,MSSP Assumptions,E6,,Preserve supplied workbook configuration / placeholder unless explicitly overridden.
643,MSSP Assumptions — National risk renormalization — Aged/non-dual [2023] (F6),risk score,National risk renormalization — Aged/non-dual; 2023,model_cell,MSSP Assumptions,F6,,Preserve supplied workbook configuration / placeholder unless explicitly overridden.
644,MSSP Assumptions — National risk renormalization — Aged/non-dual [2024] (G6),risk score,National risk renormalization — Aged/non-dual; 2024,model_cell,MSSP Assumptions,G6,,Preserve supplied workbook configuration / placeholder unless explicitly overridden.
645,MSSP Assumptions — National risk renormalization — Aged/non-dual [2025] (H6),risk score,National risk renormalization — Aged/non-dual; 2025,model_cell,MSSP Assumptions,H6,,Preserve supplied workbook configuration / placeholder unless explicitly overridden.
646,MSSP Assumptions — National risk renormalization — Aged/non-dual [2026] (I6),risk score,National risk renormalization — Aged/non-dual; 2026,model_cell,MSSP Assumptions,I6,"=TREND(F6:H6,$F$2:$H$2,$I$2)",Recompute formula for each TIN; cached Excel result must not be used.
647,MSSP Assumptions — National risk renormalization — Aged/non-dual [2027] (J6),risk score,National risk renormalization — Aged/non-dual; 2027,model_cell,MSSP Assumptions,J6,"=TREND(F6:I6,$F$2:$I$2,$J$2)",Recompute formula for each TIN; cached Excel result must not be used.
648,MSSP Assumptions — Year / trend-period header B9 [Model context] (B9),year / period,Year / trend-period header B9; Model context,model_cell,MSSP Assumptions,B9,,Preserve supplied workbook configuration / placeholder unless explicitly overridden.
649,MSSP Assumptions — Year / trend-period header C9 [Model context] (C9),year / period,Year / trend-period header C9; Model context,model_cell,MSSP Assumptions,C9,,Preserve supplied workbook configuration / placeholder unless explicitly overridden.
650,MSSP Assumptions — Year / trend-period header D9 [Model context] (D9),year / period,Year / trend-period header D9; Model context,model_cell,MSSP Assumptions,D9,,Preserve supplied workbook configuration / placeholder unless explicitly overridden.
651,MSSP Assumptions — Year / trend-period header E9 [Model context] (E9),year / period,Year / trend-period header E9; Model context,model_cell,MSSP Assumptions,E9,,Preserve supplied workbook configuration / placeholder unless explicitly overridden.
652,MSSP Assumptions — Year / trend-period header F9 [Model context] (F9),year / period,Year / trend-period header F9; Model context,model_cell,MSSP Assumptions,F9,,Preserve supplied workbook configuration / placeholder unless explicitly overridden.
653,MSSP Assumptions — Year / trend-period header G9 [Model context] (G9),year / period,Year / trend-period header G9; Model context,model_cell,MSSP Assumptions,G9,,Preserve supplied workbook configuration / placeholder unless explicitly overridden.
654,MSSP Assumptions — Year / trend-period header H9 [Model context] (H9),year / period,Year / trend-period header H9; Model context,model_cell,MSSP Assumptions,H9,,Preserve supplied workbook configuration / placeholder unless explicitly overridden.
655,MSSP Assumptions — Year / trend-period header I9 [Model context] (I9),year / period,Year / trend-period header I9; Model context,model_cell,MSSP Assumptions,I9,,Preserve supplied workbook configuration / placeholder unless explicitly overridden.
656,MSSP Assumptions — National annualized expense — ESRD [2019] (B10),USD/person-year,National annualized expense — ESRD; 2019,model_cell,MSSP Assumptions,B10,='MSSP Assignable'!FV3,Recompute formula for each TIN; cached Excel result must not be used.
657,MSSP Assumptions — National annualized expense — ESRD [2020] (C10),USD/person-year,National annualized expense — ESRD; 2020,model_cell,MSSP Assumptions,C10,='MSSP Assignable'!FW3,Recompute formula for each TIN; cached Excel result must not be used.
658,MSSP Assumptions — National annualized expense — ESRD [2021] (D10),USD/person-year,National annualized expense — ESRD; 2021,model_cell,MSSP Assumptions,D10,='MSSP Assignable'!FX3,Recompute formula for each TIN; cached Excel result must not be used.
659,MSSP Assumptions — National annualized expense — ESRD [2022] (E10),USD/person-year,National annualized expense — ESRD; 2022,model_cell,MSSP Assumptions,E10,='MSSP Assignable'!FY3,Recompute formula for each TIN; cached Excel result must not be used.
660,MSSP Assumptions — National annualized expense — ESRD [2023] (F10),USD/person-year,National annualized expense — ESRD; 2023,model_cell,MSSP Assumptions,F10,='MSSP Assignable'!FZ3,Recompute formula for each TIN; cached Excel result must not be used.
661,MSSP Assumptions — National annualized expense — ESRD [2024] (G10),USD/person-year,National annualized expense — ESRD; 2024,model_cell,MSSP Assumptions,G10,='MSSP Assignable'!GA3,Recompute formula for each TIN; cached Excel result must not be used.
662,MSSP Assumptions — National annualized expense — ESRD [2025] (H10),USD/person-year,National annualized expense — ESRD; 2025,model_cell,MSSP Assumptions,H10,='MSSP Assignable'!GB3,Recompute formula for each TIN; cached Excel result must not be used.
663,MSSP Assumptions — National annualized expense — ESRD [2026] (I10),USD/person-year,National annualized expense — ESRD; 2026,model_cell,MSSP Assumptions,I10,='MSSP Assignable'!GC3,Recompute formula for each TIN; cached Excel result must not be used.
664,MSSP Assumptions — National annualized expense — ESRD [2026-2027] (J10),factor,National annualized expense — ESRD; 2026-2027,model_cell,MSSP Assumptions,J10,"=AVERAGE(IFERROR((G10/F10),0),IFERROR((H10/G10),0),IFERROR((I10/H10),0))",Recompute formula for each TIN; cached Excel result must not be used.
665,MSSP Assumptions — National annualized expense — Disabled [2019] (B11),USD/person-year,National annualized expense — Disabled; 2019,model_cell,MSSP Assumptions,B11,='MSSP Assignable'!GD3,Recompute formula for each TIN; cached Excel result must not be used.
666,MSSP Assumptions — National annualized expense — Disabled [2020] (C11),USD/person-year,National annualized expense — Disabled; 2020,model_cell,MSSP Assumptions,C11,='MSSP Assignable'!GE3,Recompute formula for each TIN; cached Excel result must not be used.
667,MSSP Assumptions — National annualized expense — Disabled [2021] (D11),USD/person-year,National annualized expense — Disabled; 2021,model_cell,MSSP Assumptions,D11,='MSSP Assignable'!GF3,Recompute formula for each TIN; cached Excel result must not be used.
668,MSSP Assumptions — National annualized expense — Disabled [2022] (E11),USD/person-year,National annualized expense — Disabled; 2022,model_cell,MSSP Assumptions,E11,='MSSP Assignable'!GG3,Recompute formula for each TIN; cached Excel result must not be used.
669,MSSP Assumptions — National annualized expense — Disabled [2023] (F11),USD/person-year,National annualized expense — Disabled; 2023,model_cell,MSSP Assumptions,F11,='MSSP Assignable'!GH3,Recompute formula for each TIN; cached Excel result must not be used.
670,MSSP Assumptions — National annualized expense — Disabled [2024] (G11),USD/person-year,National annualized expense — Disabled; 2024,model_cell,MSSP Assumptions,G11,='MSSP Assignable'!GI3,Recompute formula for each TIN; cached Excel result must not be used.
671,MSSP Assumptions — National annualized expense — Disabled [2025] (H11),USD/person-year,National annualized expense — Disabled; 2025,model_cell,MSSP Assumptions,H11,='MSSP Assignable'!GJ3,Recompute formula for each TIN; cached Excel result must not be used.
672,MSSP Assumptions — National annualized expense — Disabled [2026] (I11),USD/person-year,National annualized expense — Disabled; 2026,model_cell,MSSP Assumptions,I11,='MSSP Assignable'!GK3,Recompute formula for each TIN; cached Excel result must not be used.
673,MSSP Assumptions — National annualized expense — Disabled [2026-2027] (J11),factor,National annualized expense — Disabled; 2026-2027,model_cell,MSSP Assumptions,J11,"=AVERAGE(IFERROR((G11/F11),0),IFERROR((H11/G11),0),IFERROR((I11/H11),0))",Recompute formula for each TIN; cached Excel result must not be used.
674,MSSP Assumptions — National annualized expense — Aged/dual [2019] (B12),USD/person-year,National annualized expense — Aged/dual; 2019,model_cell,MSSP Assumptions,B12,='MSSP Assignable'!GL3,Recompute formula for each TIN; cached Excel result must not be used.
675,MSSP Assumptions — National annualized expense — Aged/dual [2020] (C12),USD/person-year,National annualized expense — Aged/dual; 2020,model_cell,MSSP Assumptions,C12,='MSSP Assignable'!GM3,Recompute formula for each TIN; cached Excel result must not be used.
676,MSSP Assumptions — National annualized expense — Aged/dual [2021] (D12),USD/person-year,National annualized expense — Aged/dual; 2021,model_cell,MSSP Assumptions,D12,='MSSP Assignable'!GN3,Recompute formula for each TIN; cached Excel result must not be used.
677,MSSP Assumptions — National annualized expense — Aged/dual [2022] (E12),USD/person-year,National annualized expense — Aged/dual; 2022,model_cell,MSSP Assumptions,E12,='MSSP Assignable'!GO3,Recompute formula for each TIN; cached Excel result must not be used.
678,MSSP Assumptions — National annualized expense — Aged/dual [2023] (F12),USD/person-year,National annualized expense — Aged/dual; 2023,model_cell,MSSP Assumptions,F12,='MSSP Assignable'!GP3,Recompute formula for each TIN; cached Excel result must not be used.
679,MSSP Assumptions — National annualized expense — Aged/dual [2024] (G12),USD/person-year,National annualized expense — Aged/dual; 2024,model_cell,MSSP Assumptions,G12,='MSSP Assignable'!GQ3,Recompute formula for each TIN; cached Excel result must not be used.
680,MSSP Assumptions — National annualized expense — Aged/dual [2025] (H12),USD/person-year,National annualized expense — Aged/dual; 2025,model_cell,MSSP Assumptions,H12,='MSSP Assignable'!GR3,Recompute formula for each TIN; cached Excel result must not be used.
681,MSSP Assumptions — National annualized expense — Aged/dual [2026] (I12),USD/person-year,National annualized expense — Aged/dual; 2026,model_cell,MSSP Assumptions,I12,='MSSP Assignable'!GS3,Recompute formula for each TIN; cached Excel result must not be used.
682,MSSP Assumptions — National annualized expense — Aged/dual [2026-2027] (J12),factor,National annualized expense — Aged/dual; 2026-2027,model_cell,MSSP Assumptions,J12,"=AVERAGE(IFERROR((G12/F12),0),IFERROR((H12/G12),0),IFERROR((I12/H12),0))",Recompute formula for each TIN; cached Excel result must not be used.
683,MSSP Assumptions — National annualized expense — Aged/non-dual [2019] (B13),USD/person-year,National annualized expense — Aged/non-dual; 2019,model_cell,MSSP Assumptions,B13,='MSSP Assignable'!GT3,Recompute formula for each TIN; cached Excel result must not be used.
684,MSSP Assumptions — National annualized expense — Aged/non-dual [2020] (C13),USD/person-year,National annualized expense — Aged/non-dual; 2020,model_cell,MSSP Assumptions,C13,='MSSP Assignable'!GU3,Recompute formula for each TIN; cached Excel result must not be used.
685,MSSP Assumptions — National annualized expense — Aged/non-dual [2021] (D13),USD/person-year,National annualized expense — Aged/non-dual; 2021,model_cell,MSSP Assumptions,D13,='MSSP Assignable'!GV3,Recompute formula for each TIN; cached Excel result must not be used.
686,MSSP Assumptions — National annualized expense — Aged/non-dual [2022] (E13),USD/person-year,National annualized expense — Aged/non-dual; 2022,model_cell,MSSP Assumptions,E13,='MSSP Assignable'!GW3,Recompute formula for each TIN; cached Excel result must not be used.
687,MSSP Assumptions — National annualized expense — Aged/non-dual [2023] (F13),USD/person-year,National annualized expense — Aged/non-dual; 2023,model_cell,MSSP Assumptions,F13,='MSSP Assignable'!GX3,Recompute formula for each TIN; cached Excel result must not be used.
688,MSSP Assumptions — National annualized expense — Aged/non-dual [2024] (G13),USD/person-year,National annualized expense — Aged/non-dual; 2024,model_cell,MSSP Assumptions,G13,='MSSP Assignable'!GY3,Recompute formula for each TIN; cached Excel result must not be used.
689,MSSP Assumptions — National annualized expense — Aged/non-dual [2025] (H13),USD/person-year,National annualized expense — Aged/non-dual; 2025,model_cell,MSSP Assumptions,H13,='MSSP Assignable'!GZ3,Recompute formula for each TIN; cached Excel result must not be used.
690,MSSP Assumptions — National annualized expense — Aged/non-dual [2026] (I13),USD/person-year,National annualized expense — Aged/non-dual; 2026,model_cell,MSSP Assumptions,I13,='MSSP Assignable'!HA3,Recompute formula for each TIN; cached Excel result must not be used.
691,MSSP Assumptions — National annualized expense — Aged/non-dual [2026-2027] (J13),factor,National annualized expense — Aged/non-dual; 2026-2027,model_cell,MSSP Assumptions,J13,"=AVERAGE(IFERROR((G13/F13),0),IFERROR((H13/G13),0),IFERROR((I13/H13),0))",Recompute formula for each TIN; cached Excel result must not be used.
692,MSSP Assumptions — Regional adjustment reference weight [Agreement 1; Index] (A18),agreement period,Regional adjustment reference weight; Agreement 1; Index,model_cell,MSSP Assumptions,A18,,Preserve supplied workbook configuration / placeholder unless explicitly overridden.
693,MSSP Assumptions — Regional adjustment reference weight [Agreement 1; Lower spending] (B18),ratio,Regional adjustment reference weight; Agreement 1; Lower spending,model_cell,MSSP Assumptions,B18,,Preserve supplied workbook configuration / placeholder unless explicitly overridden.
694,MSSP Assumptions — Regional adjustment reference weight [Agreement 1; Higher spending] (C18),ratio,Regional adjustment reference weight; Agreement 1; Higher spending,model_cell,MSSP Assumptions,C18,,Preserve supplied workbook configuration / placeholder unless explicitly overridden.
695,MSSP Assumptions — Regional adjustment reference weight [Agreement 2; Index] (A19),agreement period,Regional adjustment reference weight; Agreement 2; Index,model_cell,MSSP Assumptions,A19,,Preserve supplied workbook configuration / placeholder unless explicitly overridden.
696,MSSP Assumptions — Regional adjustment reference weight [Agreement 2; Lower spending] (B19),ratio,Regional adjustment reference weight; Agreement 2; Lower spending,model_cell,MSSP Assumptions,B19,,Preserve supplied workbook configuration / placeholder unless explicitly overridden.
697,MSSP Assumptions — Regional adjustment reference weight [Agreement 2; Higher spending] (C19),ratio,Regional adjustment reference weight; Agreement 2; Higher spending,model_cell,MSSP Assumptions,C19,,Preserve supplied workbook configuration / placeholder unless explicitly overridden.
698,MSSP Assumptions — Regional adjustment reference weight [Agreement 3; Index] (A20),agreement period,Regional adjustment reference weight; Agreement 3; Index,model_cell,MSSP Assumptions,A20,,Preserve supplied workbook configuration / placeholder unless explicitly overridden.
699,MSSP Assumptions — Regional adjustment reference weight [Agreement 3; Lower spending] (B20),ratio,Regional adjustment reference weight; Agreement 3; Lower spending,model_cell,MSSP Assumptions,B20,,Preserve supplied workbook configuration / placeholder unless explicitly overridden.
700,MSSP Assumptions — Regional adjustment reference weight [Agreement 3; Higher spending] (C20),ratio,Regional adjustment reference weight; Agreement 3; Higher spending,model_cell,MSSP Assumptions,C20,,Preserve supplied workbook configuration / placeholder unless explicitly overridden.
701,MSSP Assumptions — Regional adjustment reference weight [Agreement 4; Index] (A21),agreement period,Regional adjustment reference weight; Agreement 4; Index,model_cell,MSSP Assumptions,A21,,Preserve supplied workbook configuration / placeholder unless explicitly overridden.
702,MSSP Assumptions — Regional adjustment reference weight [Agreement 4; Lower spending] (B21),ratio,Regional adjustment reference weight; Agreement 4; Lower spending,model_cell,MSSP Assumptions,B21,,Preserve supplied workbook configuration / placeholder unless explicitly overridden.
703,MSSP Assumptions — Regional adjustment reference weight [Agreement 4; Higher spending] (C21),ratio,Regional adjustment reference weight; Agreement 4; Higher spending,model_cell,MSSP Assumptions,C21,,Preserve supplied workbook configuration / placeholder unless explicitly overridden.
704,MSSP Assumptions — Selected regional adjustment weight [Lower spending] (B22),ratio,Selected regional adjustment weight; Lower spending,model_cell,MSSP Assumptions,B22,"=VLOOKUP((((2027-MAX('MSSP Parameters'!C5,2024))+1)),$A$18:$C$21,2,FALSE)",Recompute formula for each TIN; cached Excel result must not be used.
705,MSSP Assumptions — Selected regional adjustment weight [Higher spending] (C22),ratio,Selected regional adjustment weight; Higher spending,model_cell,MSSP Assumptions,C22,"=VLOOKUP((((2027-MAX('MSSP Parameters'!C5,2024))+1)),$A$18:$C$21,3,FALSE)",Recompute formula for each TIN; cached Excel result must not be used.
706,MSSP Assumptions — Year / trend-period header B26 [Model context] (B26),year / period,Year / trend-period header B26; Model context,model_cell,MSSP Assumptions,B26,,Preserve supplied workbook configuration / placeholder unless explicitly overridden.
707,MSSP Assumptions — Year / trend-period header C26 [Model context] (C26),year / period,Year / trend-period header C26; Model context,model_cell,MSSP Assumptions,C26,,Preserve supplied workbook configuration / placeholder unless explicitly overridden.
708,MSSP Assumptions — Year / trend-period header D26 [Model context] (D26),year / period,Year / trend-period header D26; Model context,model_cell,MSSP Assumptions,D26,,Preserve supplied workbook configuration / placeholder unless explicitly overridden.
709,MSSP Assumptions — Year / trend-period header E26 [Model context] (E26),year / period,Year / trend-period header E26; Model context,model_cell,MSSP Assumptions,E26,,Preserve supplied workbook configuration / placeholder unless explicitly overridden.
710,MSSP Assumptions — Year / trend-period header F26 [Model context] (F26),year / period,Year / trend-period header F26; Model context,model_cell,MSSP Assumptions,F26,,Preserve supplied workbook configuration / placeholder unless explicitly overridden.
711,MSSP Assumptions — Year / trend-period header G26 [Model context] (G26),year / period,Year / trend-period header G26; Model context,model_cell,MSSP Assumptions,G26,,Preserve supplied workbook configuration / placeholder unless explicitly overridden.
712,MSSP Assumptions — Year / trend-period header H26 [Model context] (H26),year / period,Year / trend-period header H26; Model context,model_cell,MSSP Assumptions,H26,,Preserve supplied workbook configuration / placeholder unless explicitly overridden.
713,MSSP Assumptions — Year / trend-period header I26 [Model context] (I26),year / period,Year / trend-period header I26; Model context,model_cell,MSSP Assumptions,I26,,Preserve supplied workbook configuration / placeholder unless explicitly overridden.
714,MSSP Assumptions — Truncated national annualized expense — ESRD [2021] (D27),USD/person-year,Truncated national annualized expense — ESRD; 2021,model_cell,MSSP Assumptions,D27,,Preserve supplied workbook configuration / placeholder unless explicitly overridden.
715,MSSP Assumptions — Truncated national annualized expense — ESRD [2023] (F27),USD/person-year,Truncated national annualized expense — ESRD; 2023,model_cell,MSSP Assumptions,F27,,Preserve supplied workbook configuration / placeholder unless explicitly overridden.
716,MSSP Assumptions — Truncated national annualized expense — ESRD [2024] (G27),USD/person-year,Truncated national annualized expense — ESRD; 2024,model_cell,MSSP Assumptions,G27,,Preserve supplied workbook configuration / placeholder unless explicitly overridden.
717,MSSP Assumptions — Truncated national annualized expense — ESRD [2025] (H27),USD/person-year,Truncated national annualized expense — ESRD; 2025,model_cell,MSSP Assumptions,H27,,Preserve supplied workbook configuration / placeholder unless explicitly overridden.
718,MSSP Assumptions — Truncated national annualized expense — ESRD [2026] (I27),USD/person-year,Truncated national annualized expense — ESRD; 2026,model_cell,MSSP Assumptions,I27,"=TREND(F27:H27,$F$26:$H$26,$I$26)",Recompute formula for each TIN; cached Excel result must not be used.
719,MSSP Assumptions — Truncated national annualized expense — Disabled [2021] (D28),USD/person-year,Truncated national annualized expense — Disabled; 2021,model_cell,MSSP Assumptions,D28,,Preserve supplied workbook configuration / placeholder unless explicitly overridden.
720,MSSP Assumptions — Truncated national annualized expense — Disabled [2023] (F28),USD/person-year,Truncated national annualized expense — Disabled; 2023,model_cell,MSSP Assumptions,F28,,Preserve supplied workbook configuration / placeholder unless explicitly overridden.
721,MSSP Assumptions — Truncated national annualized expense — Disabled [2024] (G28),USD/person-year,Truncated national annualized expense — Disabled; 2024,model_cell,MSSP Assumptions,G28,,Preserve supplied workbook configuration / placeholder unless explicitly overridden.
722,MSSP Assumptions — Truncated national annualized expense — Disabled [2025] (H28),USD/person-year,Truncated national annualized expense — Disabled; 2025,model_cell,MSSP Assumptions,H28,,Preserve supplied workbook configuration / placeholder unless explicitly overridden.
723,MSSP Assumptions — Truncated national annualized expense — Disabled [2026] (I28),USD/person-year,Truncated national annualized expense — Disabled; 2026,model_cell,MSSP Assumptions,I28,"=TREND(F28:H28,$F$26:$H$26,$I$26)",Recompute formula for each TIN; cached Excel result must not be used.
724,MSSP Assumptions — Truncated national annualized expense — Aged/dual [2021] (D29),USD/person-year,Truncated national annualized expense — Aged/dual; 2021,model_cell,MSSP Assumptions,D29,,Preserve supplied workbook configuration / placeholder unless explicitly overridden.
725,MSSP Assumptions — Truncated national annualized expense — Aged/dual [2023] (F29),USD/person-year,Truncated national annualized expense — Aged/dual; 2023,model_cell,MSSP Assumptions,F29,,Preserve supplied workbook configuration / placeholder unless explicitly overridden.
726,MSSP Assumptions — Truncated national annualized expense — Aged/dual [2024] (G29),USD/person-year,Truncated national annualized expense — Aged/dual; 2024,model_cell,MSSP Assumptions,G29,,Preserve supplied workbook configuration / placeholder unless explicitly overridden.
727,MSSP Assumptions — Truncated national annualized expense — Aged/dual [2025] (H29),USD/person-year,Truncated national annualized expense — Aged/dual; 2025,model_cell,MSSP Assumptions,H29,,Preserve supplied workbook configuration / placeholder unless explicitly overridden.
728,MSSP Assumptions — Truncated national annualized expense — Aged/dual [2026] (I29),USD/person-year,Truncated national annualized expense — Aged/dual; 2026,model_cell,MSSP Assumptions,I29,"=TREND(F29:H29,$F$26:$H$26,$I$26)",Recompute formula for each TIN; cached Excel result must not be used.
729,MSSP Assumptions — Truncated national annualized expense — Aged/non-dual [2021] (D30),USD/person-year,Truncated national annualized expense — Aged/non-dual; 2021,model_cell,MSSP Assumptions,D30,,Preserve supplied workbook configuration / placeholder unless explicitly overridden.
730,MSSP Assumptions — Truncated national annualized expense — Aged/non-dual [2023] (F30),USD/person-year,Truncated national annualized expense — Aged/non-dual; 2023,model_cell,MSSP Assumptions,F30,,Preserve supplied workbook configuration / placeholder unless explicitly overridden.
731,MSSP Assumptions — Truncated national annualized expense — Aged/non-dual [2024] (G30),USD/person-year,Truncated national annualized expense — Aged/non-dual; 2024,model_cell,MSSP Assumptions,G30,,Preserve supplied workbook configuration / placeholder unless explicitly overridden.
732,MSSP Assumptions — Truncated national annualized expense — Aged/non-dual [2025] (H30),USD/person-year,Truncated national annualized expense — Aged/non-dual; 2025,model_cell,MSSP Assumptions,H30,,Preserve supplied workbook configuration / placeholder unless explicitly overridden.
733,MSSP Assumptions — Truncated national annualized expense — Aged/non-dual [2026] (I30),USD/person-year,Truncated national annualized expense — Aged/non-dual; 2026,model_cell,MSSP Assumptions,I30,"=TREND(F30:H30,$F$26:$H$26,$I$26)",Recompute formula for each TIN; cached Excel result must not be used.
734,MSSP Assumptions — Year / trend-period header B34 [Model context] (B34),year / period,Year / trend-period header B34; Model context,model_cell,MSSP Assumptions,B34,,Preserve supplied workbook configuration / placeholder unless explicitly overridden.
735,MSSP Assumptions — Year / trend-period header C34 [Model context] (C34),year / period,Year / trend-period header C34; Model context,model_cell,MSSP Assumptions,C34,,Preserve supplied workbook configuration / placeholder unless explicitly overridden.
736,MSSP Assumptions — Year / trend-period header D34 [Model context] (D34),year / period,Year / trend-period header D34; Model context,model_cell,MSSP Assumptions,D34,,Preserve supplied workbook configuration / placeholder unless explicitly overridden.
737,MSSP Assumptions — Year / trend-period header E34 [Model context] (E34),year / period,Year / trend-period header E34; Model context,model_cell,MSSP Assumptions,E34,,Preserve supplied workbook configuration / placeholder unless explicitly overridden.
738,MSSP Assumptions — TIN risk and trend — ESRD [2023] (B35),risk score,TIN risk and trend — ESRD; 2023,model_cell,MSSP Assumptions,B35,"=IF(('MSSP Parameters'!$C$3=""Prospective""),'MSSP PROSP'!DN3,'MSSP RETRO'!DN3)",Recompute formula for each TIN; cached Excel result must not be used.
739,MSSP Assumptions — TIN risk and trend — ESRD [2024] (C35),risk score,TIN risk and trend — ESRD; 2024,model_cell,MSSP Assumptions,C35,"=IF(('MSSP Parameters'!$C$3=""Prospective""),'MSSP PROSP'!DO3,'MSSP RETRO'!DO3)",Recompute formula for each TIN; cached Excel result must not be used.
740,MSSP Assumptions — TIN risk and trend — ESRD [2025] (D35),risk score,TIN risk and trend — ESRD; 2025,model_cell,MSSP Assumptions,D35,"=IF(('MSSP Parameters'!$C$3=""Prospective""),'MSSP PROSP'!DP3,'MSSP RETRO'!DP3)",Recompute formula for each TIN; cached Excel result must not be used.
741,MSSP Assumptions — TIN risk and trend — ESRD [2026] (E35),risk score,TIN risk and trend — ESRD; 2026,model_cell,MSSP Assumptions,E35,"=IF(('MSSP Parameters'!$C$3=""Prospective""),'MSSP PROSP'!DQ3,(D35*H35))",Recompute formula for each TIN; cached Excel result must not be used.
742,MSSP Assumptions — TIN risk and trend — ESRD [2025-2026; Historic] (F35),factor,TIN risk and trend — ESRD; 2025-2026; Historic,model_cell,MSSP Assumptions,F35,"=IF((AVERAGE(IFERROR((C35/B35),F66),IFERROR((D35/C35),G66))>1.2),1.2,IF((AVERAGE(IFERROR((C35/B35),F66),IFERROR((D35/C35),G66))<0.8),0.8,AVERAGE(IFERROR((C35/B35),F66),IFERROR((D35/C35),G66))))",Recompute formula for each TIN; cached Excel result must not be used.
743,MSSP Assumptions — TIN risk and trend — ESRD [2026-2027; Historic] (G35),factor,TIN risk and trend — ESRD; 2026-2027; Historic,model_cell,MSSP Assumptions,G35,"=IF((AVERAGE(IFERROR((C35/B35),0),IFERROR((D35/C35),0),IFERROR((E35/D35),0))>1.2),1.2,IF((AVERAGE(IFERROR((C35/B35),0),IFERROR((D35/C35),0),IFERROR((E35/D35),0))<0.8),0.8,AVERAGE(IFERROR((C35/B35),0),IFERROR((D35/C35),0),IFERROR((E35/D35),0))))",Recompute formula for each TIN; cached Excel result must not be used.
744,MSSP Assumptions — TIN risk and trend — ESRD [2025-2026; Trend Used] (H35),factor,TIN risk and trend — ESRD; 2025-2026; Trend Used,model_cell,MSSP Assumptions,H35,='MSSP Parameters'!C36,Recompute formula for each TIN; cached Excel result must not be used.
745,MSSP Assumptions — TIN risk and trend — ESRD [2026-2027; Trend Used] (I35),factor,TIN risk and trend — ESRD; 2026-2027; Trend Used,model_cell,MSSP Assumptions,I35,='MSSP Parameters'!D36,Recompute formula for each TIN; cached Excel result must not be used.
746,MSSP Assumptions — TIN risk and trend — ESRD [2027 Risk] (J35),risk score,TIN risk and trend — ESRD; 2027 Risk,model_cell,MSSP Assumptions,J35,=(E35*I35),Recompute formula for each TIN; cached Excel result must not be used.
747,MSSP Assumptions — TIN risk and trend — Disabled [2023] (B36),risk score,TIN risk and trend — Disabled; 2023,model_cell,MSSP Assumptions,B36,"=IF(('MSSP Parameters'!$C$3=""Prospective""),'MSSP PROSP'!DV3,'MSSP RETRO'!DV3)",Recompute formula for each TIN; cached Excel result must not be used.
748,MSSP Assumptions — TIN risk and trend — Disabled [2024] (C36),risk score,TIN risk and trend — Disabled; 2024,model_cell,MSSP Assumptions,C36,"=IF(('MSSP Parameters'!$C$3=""Prospective""),'MSSP PROSP'!DW3,'MSSP RETRO'!DW3)",Recompute formula for each TIN; cached Excel result must not be used.
749,MSSP Assumptions — TIN risk and trend — Disabled [2025] (D36),risk score,TIN risk and trend — Disabled; 2025,model_cell,MSSP Assumptions,D36,"=IF(('MSSP Parameters'!$C$3=""Prospective""),'MSSP PROSP'!DX3,'MSSP RETRO'!DX3)",Recompute formula for each TIN; cached Excel result must not be used.
750,MSSP Assumptions — TIN risk and trend — Disabled [2026] (E36),risk score,TIN risk and trend — Disabled; 2026,model_cell,MSSP Assumptions,E36,"=IF(('MSSP Parameters'!$C$3=""Prospective""),'MSSP PROSP'!DY3,(D36*H36))",Recompute formula for each TIN; cached Excel result must not be used.
751,MSSP Assumptions — TIN risk and trend — Disabled [2025-2026; Historic] (F36),factor,TIN risk and trend — Disabled; 2025-2026; Historic,model_cell,MSSP Assumptions,F36,"=IF((AVERAGE(IFERROR((C36/B36),F67),IFERROR((D36/C36),G67))>1.2),1.2,IF((AVERAGE(IFERROR((C36/B36),F67),IFERROR((D36/C36),G67))<0.8),0.8,AVERAGE(IFERROR((C36/B36),F67),IFERROR((D36/C36),G67))))",Recompute formula for each TIN; cached Excel result must not be used.
752,MSSP Assumptions — TIN risk and trend — Disabled [2026-2027; Historic] (G36),factor,TIN risk and trend — Disabled; 2026-2027; Historic,model_cell,MSSP Assumptions,G36,"=IF((AVERAGE(IFERROR((C36/B36),0),IFERROR((D36/C36),0),IFERROR((E36/D36),0))>1.2),1.2,IF((AVERAGE(IFERROR((C36/B36),0),IFERROR((D36/C36),0),IFERROR((E36/D36),0))<0.8),0.8,AVERAGE(IFERROR((C36/B36),0),IFERROR((D36/C36),0),IFERROR((E36/D36),0))))",Recompute formula for each TIN; cached Excel result must not be used.
753,MSSP Assumptions — TIN risk and trend — Disabled [2025-2026; Trend Used] (H36),factor,TIN risk and trend — Disabled; 2025-2026; Trend Used,model_cell,MSSP Assumptions,H36,='MSSP Parameters'!C37,Recompute formula for each TIN; cached Excel result must not be used.
754,MSSP Assumptions — TIN risk and trend — Disabled [2026-2027; Trend Used] (I36),factor,TIN risk and trend — Disabled; 2026-2027; Trend Used,model_cell,MSSP Assumptions,I36,='MSSP Parameters'!D37,Recompute formula for each TIN; cached Excel result must not be used.
755,MSSP Assumptions — TIN risk and trend — Disabled [2027 Risk] (J36),risk score,TIN risk and trend — Disabled; 2027 Risk,model_cell,MSSP Assumptions,J36,=(E36*I36),Recompute formula for each TIN; cached Excel result must not be used.
756,MSSP Assumptions — TIN risk and trend — Aged/dual [2023] (B37),risk score,TIN risk and trend — Aged/dual; 2023,model_cell,MSSP Assumptions,B37,"=IF(('MSSP Parameters'!$C$3=""Prospective""),'MSSP PROSP'!ED3,'MSSP RETRO'!ED3)",Recompute formula for each TIN; cached Excel result must not be used.
757,MSSP Assumptions — TIN risk and trend — Aged/dual [2024] (C37),risk score,TIN risk and trend — Aged/dual; 2024,model_cell,MSSP Assumptions,C37,"=IF(('MSSP Parameters'!$C$3=""Prospective""),'MSSP PROSP'!EE3,'MSSP RETRO'!EE3)",Recompute formula for each TIN; cached Excel result must not be used.
758,MSSP Assumptions — TIN risk and trend — Aged/dual [2025] (D37),risk score,TIN risk and trend — Aged/dual; 2025,model_cell,MSSP Assumptions,D37,"=IF(('MSSP Parameters'!$C$3=""Prospective""),'MSSP PROSP'!EF3,'MSSP RETRO'!EF3)",Recompute formula for each TIN; cached Excel result must not be used.
759,MSSP Assumptions — TIN risk and trend — Aged/dual [2026] (E37),risk score,TIN risk and trend — Aged/dual; 2026,model_cell,MSSP Assumptions,E37,"=IF(('MSSP Parameters'!$C$3=""Prospective""),'MSSP PROSP'!EG3,(D37*H37))",Recompute formula for each TIN; cached Excel result must not be used.
760,MSSP Assumptions — TIN risk and trend — Aged/dual [2025-2026; Historic] (F37),factor,TIN risk and trend — Aged/dual; 2025-2026; Historic,model_cell,MSSP Assumptions,F37,"=IF((AVERAGE(IFERROR((C37/B37),F68),IFERROR((D37/C37),G68))>1.2),1.2,IF((AVERAGE(IFERROR((C37/B37),F68),IFERROR((D37/C37),G68))<0.8),0.8,AVERAGE(IFERROR((C37/B37),F68),IFERROR((D37/C37),G68))))",Recompute formula for each TIN; cached Excel result must not be used.
761,MSSP Assumptions — TIN risk and trend — Aged/dual [2026-2027; Historic] (G37),factor,TIN risk and trend — Aged/dual; 2026-2027; Historic,model_cell,MSSP Assumptions,G37,"=IF((AVERAGE(IFERROR((C37/B37),0),IFERROR((D37/C37),0),IFERROR((E37/D37),0))>1.2),1.2,IF((AVERAGE(IFERROR((C37/B37),0),IFERROR((D37/C37),0),IFERROR((E37/D37),0))<0.8),0.8,AVERAGE(IFERROR((C37/B37),0),IFERROR((D37/C37),0),IFERROR((E37/D37),0))))",Recompute formula for each TIN; cached Excel result must not be used.
762,MSSP Assumptions — TIN risk and trend — Aged/dual [2025-2026; Trend Used] (H37),factor,TIN risk and trend — Aged/dual; 2025-2026; Trend Used,model_cell,MSSP Assumptions,H37,='MSSP Parameters'!C38,Recompute formula for each TIN; cached Excel result must not be used.
763,MSSP Assumptions — TIN risk and trend — Aged/dual [2026-2027; Trend Used] (I37),factor,TIN risk and trend — Aged/dual; 2026-2027; Trend Used,model_cell,MSSP Assumptions,I37,='MSSP Parameters'!D38,Recompute formula for each TIN; cached Excel result must not be used.
764,MSSP Assumptions — TIN risk and trend — Aged/dual [2027 Risk] (J37),risk score,TIN risk and trend — Aged/dual; 2027 Risk,model_cell,MSSP Assumptions,J37,=(E37*I37),Recompute formula for each TIN; cached Excel result must not be used.
765,MSSP Assumptions — TIN risk and trend — Aged/non-dual [2023] (B38),risk score,TIN risk and trend — Aged/non-dual; 2023,model_cell,MSSP Assumptions,B38,"=IF(('MSSP Parameters'!$C$3=""Prospective""),'MSSP PROSP'!EL3,'MSSP RETRO'!EL3)",Recompute formula for each TIN; cached Excel result must not be used.
766,MSSP Assumptions — TIN risk and trend — Aged/non-dual [2024] (C38),risk score,TIN risk and trend — Aged/non-dual; 2024,model_cell,MSSP Assumptions,C38,"=IF(('MSSP Parameters'!$C$3=""Prospective""),'MSSP PROSP'!EM3,'MSSP RETRO'!EM3)",Recompute formula for each TIN; cached Excel result must not be used.
767,MSSP Assumptions — TIN risk and trend — Aged/non-dual [2025] (D38),risk score,TIN risk and trend — Aged/non-dual; 2025,model_cell,MSSP Assumptions,D38,"=IF(('MSSP Parameters'!$C$3=""Prospective""),'MSSP PROSP'!EN3,'MSSP RETRO'!EN3)",Recompute formula for each TIN; cached Excel result must not be used.
768,MSSP Assumptions — TIN risk and trend — Aged/non-dual [2026] (E38),risk score,TIN risk and trend — Aged/non-dual; 2026,model_cell,MSSP Assumptions,E38,"=IF(('MSSP Parameters'!$C$3=""Prospective""),'MSSP PROSP'!EO3,(D38*H38))",Recompute formula for each TIN; cached Excel result must not be used.
769,MSSP Assumptions — TIN risk and trend — Aged/non-dual [2025-2026; Historic] (F38),factor,TIN risk and trend — Aged/non-dual; 2025-2026; Historic,model_cell,MSSP Assumptions,F38,"=IF((AVERAGE(IFERROR((C38/B38),F69),IFERROR((D38/C38),G69))>1.2),1.2,IF((AVERAGE(IFERROR((C38/B38),F69),IFERROR((D38/C38),G69))<0.8),0.8,AVERAGE(IFERROR((C38/B38),F69),IFERROR((D38/C38),G69))))",Recompute formula for each TIN; cached Excel result must not be used.
770,MSSP Assumptions — TIN risk and trend — Aged/non-dual [2026-2027; Historic] (G38),factor,TIN risk and trend — Aged/non-dual; 2026-2027; Historic,model_cell,MSSP Assumptions,G38,"=IF((AVERAGE(IFERROR((C38/B38),0),IFERROR((D38/C38),0),IFERROR((E38/D38),0))>1.2),1.2,IF((AVERAGE(IFERROR((C38/B38),0),IFERROR((D38/C38),0),IFERROR((E38/D38),0))<0.8),0.8,AVERAGE(IFERROR((C38/B38),0),IFERROR((D38/C38),0),IFERROR((E38/D38),0))))",Recompute formula for each TIN; cached Excel result must not be used.
771,MSSP Assumptions — TIN risk and trend — Aged/non-dual [2025-2026; Trend Used] (H38),factor,TIN risk and trend — Aged/non-dual; 2025-2026; Trend Used,model_cell,MSSP Assumptions,H38,='MSSP Parameters'!C39,Recompute formula for each TIN; cached Excel result must not be used.
772,MSSP Assumptions — TIN risk and trend — Aged/non-dual [2026-2027; Trend Used] (I38),factor,TIN risk and trend — Aged/non-dual; 2026-2027; Trend Used,model_cell,MSSP Assumptions,I38,='MSSP Parameters'!D39,Recompute formula for each TIN; cached Excel result must not be used.
773,MSSP Assumptions — TIN risk and trend — Aged/non-dual [2027 Risk] (J38),risk score,TIN risk and trend — Aged/non-dual; 2027 Risk,model_cell,MSSP Assumptions,J38,=(E38*I38),Recompute formula for each TIN; cached Excel result must not be used.
774,MSSP Assumptions — Year / trend-period header B41 [Model context] (B41),year / period,Year / trend-period header B41; Model context,model_cell,MSSP Assumptions,B41,,Preserve supplied workbook configuration / placeholder unless explicitly overridden.
775,MSSP Assumptions — Year / trend-period header C41 [Model context] (C41),year / period,Year / trend-period header C41; Model context,model_cell,MSSP Assumptions,C41,,Preserve supplied workbook configuration / placeholder unless explicitly overridden.
776,MSSP Assumptions — Year / trend-period header D41 [Model context] (D41),year / period,Year / trend-period header D41; Model context,model_cell,MSSP Assumptions,D41,,Preserve supplied workbook configuration / placeholder unless explicitly overridden.
777,MSSP Assumptions — Year / trend-period header E41 [Model context] (E41),year / period,Year / trend-period header E41; Model context,model_cell,MSSP Assumptions,E41,,Preserve supplied workbook configuration / placeholder unless explicitly overridden.
778,MSSP Assumptions — TIN assigned beneficiaries and trend — ESRD [2023] (B42),beneficiaries,TIN assigned beneficiaries and trend — ESRD; 2023,model_cell,MSSP Assumptions,B42,"=IF(('MSSP Parameters'!$C$3=""Prospective""),'MSSP PROSP'!V3,'MSSP RETRO'!V3)",Recompute formula for each TIN; cached Excel result must not be used.
779,MSSP Assumptions — TIN assigned beneficiaries and trend — ESRD [2024] (C42),beneficiaries,TIN assigned beneficiaries and trend — ESRD; 2024,model_cell,MSSP Assumptions,C42,"=IF(('MSSP Parameters'!$C$3=""Prospective""),'MSSP PROSP'!W3,'MSSP RETRO'!W3)",Recompute formula for each TIN; cached Excel result must not be used.
780,MSSP Assumptions — TIN assigned beneficiaries and trend — ESRD [2025] (D42),beneficiaries,TIN assigned beneficiaries and trend — ESRD; 2025,model_cell,MSSP Assumptions,D42,"=IF(('MSSP Parameters'!$C$3=""Prospective""),'MSSP PROSP'!X3,'MSSP RETRO'!X3)",Recompute formula for each TIN; cached Excel result must not be used.
781,MSSP Assumptions — TIN assigned beneficiaries and trend — ESRD [2026] (E42),beneficiaries,TIN assigned beneficiaries and trend — ESRD; 2026,model_cell,MSSP Assumptions,E42,"=IF(('MSSP Parameters'!$C$3=""Prospective""),'MSSP PROSP'!Y3,(D42*H42))",Recompute formula for each TIN; cached Excel result must not be used.
782,MSSP Assumptions — TIN assigned beneficiaries and trend — ESRD [2025-2026; Historic] (F42),factor,TIN assigned beneficiaries and trend — ESRD; 2025-2026; Historic,model_cell,MSSP Assumptions,F42,"=IF((AVERAGE(IFERROR((C42/B42),F59),IFERROR((D42/C42),G59))>1.1),1.1,IF((AVERAGE(IFERROR((C42/B42),F59),IFERROR((D42/C42),G59))<0.9),0.9,AVERAGE(IFERROR((C42/B42),F59),IFERROR((D42/C42),G59))))",Recompute formula for each TIN; cached Excel result must not be used.
783,MSSP Assumptions — TIN assigned beneficiaries and trend — ESRD [2026-2027; Historic] (G42),factor,TIN assigned beneficiaries and trend — ESRD; 2026-2027; Historic,model_cell,MSSP Assumptions,G42,"=IF((AVERAGE(IFERROR((C42/B42),F66),IFERROR((D42/C42),G66),IFERROR((E42/D42),H66))>1.1),1.1,IF((AVERAGE(IFERROR((C42/B42),F66),IFERROR((D42/C42),G66),IFERROR((E42/D42),H66))<0.9),0.9,AVERAGE(IFERROR((C42/B42),F66),IFERROR((D42/C42),G66),IFERROR((E42/D42),H66))))",Recompute formula for each TIN; cached Excel result must not be used.
784,MSSP Assumptions — TIN assigned beneficiaries and trend — ESRD [2025-2026; Trend Used] (H42),factor,TIN assigned beneficiaries and trend — ESRD; 2025-2026; Trend Used,model_cell,MSSP Assumptions,H42,='MSSP Parameters'!C26,Recompute formula for each TIN; cached Excel result must not be used.
785,MSSP Assumptions — TIN assigned beneficiaries and trend — ESRD [2026-2027; Trend Used] (I42),factor,TIN assigned beneficiaries and trend — ESRD; 2026-2027; Trend Used,model_cell,MSSP Assumptions,I42,='MSSP Parameters'!D26,Recompute formula for each TIN; cached Excel result must not be used.
786,MSSP Assumptions — TIN assigned beneficiaries and trend — ESRD [2027 Bene] (J42),beneficiaries,TIN assigned beneficiaries and trend — ESRD; 2027 Bene,model_cell,MSSP Assumptions,J42,=(E42*I42),Recompute formula for each TIN; cached Excel result must not be used.
787,MSSP Assumptions — TIN assigned beneficiaries and trend — Disabled [2023] (B43),beneficiaries,TIN assigned beneficiaries and trend — Disabled; 2023,model_cell,MSSP Assumptions,B43,"=IF(('MSSP Parameters'!$C$3=""Prospective""),'MSSP PROSP'!AD3,'MSSP RETRO'!AD3)",Recompute formula for each TIN; cached Excel result must not be used.
788,MSSP Assumptions — TIN assigned beneficiaries and trend — Disabled [2024] (C43),beneficiaries,TIN assigned beneficiaries and trend — Disabled; 2024,model_cell,MSSP Assumptions,C43,"=IF(('MSSP Parameters'!$C$3=""Prospective""),'MSSP PROSP'!AE3,'MSSP RETRO'!AE3)",Recompute formula for each TIN; cached Excel result must not be used.
789,MSSP Assumptions — TIN assigned beneficiaries and trend — Disabled [2025] (D43),beneficiaries,TIN assigned beneficiaries and trend — Disabled; 2025,model_cell,MSSP Assumptions,D43,"=IF(('MSSP Parameters'!$C$3=""Prospective""),'MSSP PROSP'!AF3,'MSSP RETRO'!AF3)",Recompute formula for each TIN; cached Excel result must not be used.
790,MSSP Assumptions — TIN assigned beneficiaries and trend — Disabled [2026] (E43),beneficiaries,TIN assigned beneficiaries and trend — Disabled; 2026,model_cell,MSSP Assumptions,E43,"=IF(('MSSP Parameters'!$C$3=""Prospective""),'MSSP PROSP'!AG3,(D43*H43))",Recompute formula for each TIN; cached Excel result must not be used.
791,MSSP Assumptions — TIN assigned beneficiaries and trend — Disabled [2025-2026; Historic] (F43),factor,TIN assigned beneficiaries and trend — Disabled; 2025-2026; Historic,model_cell,MSSP Assumptions,F43,"=IF((AVERAGE(IFERROR((C43/B43),F60),IFERROR((D43/C43),G60))>1.1),1.1,IF((AVERAGE(IFERROR((C43/B43),F60),IFERROR((D43/C43),G60))<0.9),0.9,AVERAGE(IFERROR((C43/B43),F60),IFERROR((D43/C43),G60))))",Recompute formula for each TIN; cached Excel result must not be used.
792,MSSP Assumptions — TIN assigned beneficiaries and trend — Disabled [2026-2027; Historic] (G43),factor,TIN assigned beneficiaries and trend — Disabled; 2026-2027; Historic,model_cell,MSSP Assumptions,G43,"=IF((AVERAGE(IFERROR((C43/B43),F67),IFERROR((D43/C43),G67),IFERROR((E43/D43),H67))>1.1),1.1,IF((AVERAGE(IFERROR((C43/B43),F67),IFERROR((D43/C43),G67),IFERROR((E43/D43),H67))<0.9),0.9,AVERAGE(IFERROR((C43/B43),F67),IFERROR((D43/C43),G67),IFERROR((E43/D43),H67))))",Recompute formula for each TIN; cached Excel result must not be used.
793,MSSP Assumptions — TIN assigned beneficiaries and trend — Disabled [2025-2026; Trend Used] (H43),factor,TIN assigned beneficiaries and trend — Disabled; 2025-2026; Trend Used,model_cell,MSSP Assumptions,H43,='MSSP Parameters'!C27,Recompute formula for each TIN; cached Excel result must not be used.
794,MSSP Assumptions — TIN assigned beneficiaries and trend — Disabled [2026-2027; Trend Used] (I43),factor,TIN assigned beneficiaries and trend — Disabled; 2026-2027; Trend Used,model_cell,MSSP Assumptions,I43,='MSSP Parameters'!D27,Recompute formula for each TIN; cached Excel result must not be used.
795,MSSP Assumptions — TIN assigned beneficiaries and trend — Disabled [2027 Bene] (J43),beneficiaries,TIN assigned beneficiaries and trend — Disabled; 2027 Bene,model_cell,MSSP Assumptions,J43,=(E43*I43),Recompute formula for each TIN; cached Excel result must not be used.
796,MSSP Assumptions — TIN assigned beneficiaries and trend — Aged/dual [2023] (B44),beneficiaries,TIN assigned beneficiaries and trend — Aged/dual; 2023,model_cell,MSSP Assumptions,B44,"=IF(('MSSP Parameters'!$C$3=""Prospective""),'MSSP PROSP'!AL3,'MSSP RETRO'!AL3)",Recompute formula for each TIN; cached Excel result must not be used.
797,MSSP Assumptions — TIN assigned beneficiaries and trend — Aged/dual [2024] (C44),beneficiaries,TIN assigned beneficiaries and trend — Aged/dual; 2024,model_cell,MSSP Assumptions,C44,"=IF(('MSSP Parameters'!$C$3=""Prospective""),'MSSP PROSP'!AM3,'MSSP RETRO'!AM3)",Recompute formula for each TIN; cached Excel result must not be used.
798,MSSP Assumptions — TIN assigned beneficiaries and trend — Aged/dual [2025] (D44),beneficiaries,TIN assigned beneficiaries and trend — Aged/dual; 2025,model_cell,MSSP Assumptions,D44,"=IF(('MSSP Parameters'!$C$3=""Prospective""),'MSSP PROSP'!AN3,'MSSP RETRO'!AN3)",Recompute formula for each TIN; cached Excel result must not be used.
799,MSSP Assumptions — TIN assigned beneficiaries and trend — Aged/dual [2026] (E44),beneficiaries,TIN assigned beneficiaries and trend — Aged/dual; 2026,model_cell,MSSP Assumptions,E44,"=IF(('MSSP Parameters'!$C$3=""Prospective""),'MSSP PROSP'!AO3,(D44*H44))",Recompute formula for each TIN; cached Excel result must not be used.
800,MSSP Assumptions — TIN assigned beneficiaries and trend — Aged/dual [2025-2026; Historic] (F44),factor,TIN assigned beneficiaries and trend — Aged/dual; 2025-2026; Historic,model_cell,MSSP Assumptions,F44,"=IF((AVERAGE(IFERROR((C44/B44),F61),IFERROR((D44/C44),G61))>1.1),1.1,IF((AVERAGE(IFERROR((C44/B44),F61),IFERROR((D44/C44),G61))<0.9),0.9,AVERAGE(IFERROR((C44/B44),F61),IFERROR((D44/C44),G61))))",Recompute formula for each TIN; cached Excel result must not be used.
801,MSSP Assumptions — TIN assigned beneficiaries and trend — Aged/dual [2026-2027; Historic] (G44),factor,TIN assigned beneficiaries and trend — Aged/dual; 2026-2027; Historic,model_cell,MSSP Assumptions,G44,"=IF((AVERAGE(IFERROR((C44/B44),F68),IFERROR((D44/C44),G68),IFERROR((E44/D44),H68))>1.1),1.1,IF((AVERAGE(IFERROR((C44/B44),F68),IFERROR((D44/C44),G68),IFERROR((E44/D44),H68))<0.9),0.9,AVERAGE(IFERROR((C44/B44),F68),IFERROR((D44/C44),G68),IFERROR((E44/D44),H68))))",Recompute formula for each TIN; cached Excel result must not be used.
802,MSSP Assumptions — TIN assigned beneficiaries and trend — Aged/dual [2025-2026; Trend Used] (H44),factor,TIN assigned beneficiaries and trend — Aged/dual; 2025-2026; Trend Used,model_cell,MSSP Assumptions,H44,='MSSP Parameters'!C28,Recompute formula for each TIN; cached Excel result must not be used.
803,MSSP Assumptions — TIN assigned beneficiaries and trend — Aged/dual [2026-2027; Trend Used] (I44),factor,TIN assigned beneficiaries and trend — Aged/dual; 2026-2027; Trend Used,model_cell,MSSP Assumptions,I44,='MSSP Parameters'!D28,Recompute formula for each TIN; cached Excel result must not be used.
804,MSSP Assumptions — TIN assigned beneficiaries and trend — Aged/dual [2027 Bene] (J44),beneficiaries,TIN assigned beneficiaries and trend — Aged/dual; 2027 Bene,model_cell,MSSP Assumptions,J44,=(E44*I44),Recompute formula for each TIN; cached Excel result must not be used.
805,MSSP Assumptions — TIN assigned beneficiaries and trend — Aged/non-dual [2023] (B45),beneficiaries,TIN assigned beneficiaries and trend — Aged/non-dual; 2023,model_cell,MSSP Assumptions,B45,"=IF(('MSSP Parameters'!$C$3=""Prospective""),'MSSP PROSP'!AT3,'MSSP RETRO'!AT3)",Recompute formula for each TIN; cached Excel result must not be used.
806,MSSP Assumptions — TIN assigned beneficiaries and trend — Aged/non-dual [2024] (C45),beneficiaries,TIN assigned beneficiaries and trend — Aged/non-dual; 2024,model_cell,MSSP Assumptions,C45,"=IF(('MSSP Parameters'!$C$3=""Prospective""),'MSSP PROSP'!AU3,'MSSP RETRO'!AU3)",Recompute formula for each TIN; cached Excel result must not be used.
807,MSSP Assumptions — TIN assigned beneficiaries and trend — Aged/non-dual [2025] (D45),beneficiaries,TIN assigned beneficiaries and trend — Aged/non-dual; 2025,model_cell,MSSP Assumptions,D45,"=IF(('MSSP Parameters'!$C$3=""Prospective""),'MSSP PROSP'!AV3,'MSSP RETRO'!AV3)",Recompute formula for each TIN; cached Excel result must not be used.
808,MSSP Assumptions — TIN assigned beneficiaries and trend — Aged/non-dual [2026] (E45),beneficiaries,TIN assigned beneficiaries and trend — Aged/non-dual; 2026,model_cell,MSSP Assumptions,E45,"=IF(('MSSP Parameters'!$C$3=""Prospective""),'MSSP PROSP'!AW3,(D45*H45))",Recompute formula for each TIN; cached Excel result must not be used.
809,MSSP Assumptions — TIN assigned beneficiaries and trend — Aged/non-dual [2025-2026; Historic] (F45),factor,TIN assigned beneficiaries and trend — Aged/non-dual; 2025-2026; Historic,model_cell,MSSP Assumptions,F45,"=IF((AVERAGE(IFERROR((C45/B45),F62),IFERROR((D45/C45),G62))>1.1),1.1,IF((AVERAGE(IFERROR((C45/B45),F62),IFERROR((D45/C45),G62))<0.9),0.9,AVERAGE(IFERROR((C45/B45),F62),IFERROR((D45/C45),G62))))",Recompute formula for each TIN; cached Excel result must not be used.
810,MSSP Assumptions — TIN assigned beneficiaries and trend — Aged/non-dual [2026-2027; Historic] (G45),factor,TIN assigned beneficiaries and trend — Aged/non-dual; 2026-2027; Historic,model_cell,MSSP Assumptions,G45,"=IF((AVERAGE(IFERROR((C45/B45),F69),IFERROR((D45/C45),G69),IFERROR((E45/D45),H69))>1.1),1.1,IF((AVERAGE(IFERROR((C45/B45),F69),IFERROR((D45/C45),G69),IFERROR((E45/D45),H69))<0.9),0.9,AVERAGE(IFERROR((C45/B45),F69),IFERROR((D45/C45),G69),IFERROR((E45/D45),H69))))",Recompute formula for each TIN; cached Excel result must not be used.
811,MSSP Assumptions — TIN assigned beneficiaries and trend — Aged/non-dual [2025-2026; Trend Used] (H45),factor,TIN assigned beneficiaries and trend — Aged/non-dual; 2025-2026; Trend Used,model_cell,MSSP Assumptions,H45,='MSSP Parameters'!C29,Recompute formula for each TIN; cached Excel result must not be used.
812,MSSP Assumptions — TIN assigned beneficiaries and trend — Aged/non-dual [2026-2027; Trend Used] (I45),factor,TIN assigned beneficiaries and trend — Aged/non-dual; 2026-2027; Trend Used,model_cell,MSSP Assumptions,I45,='MSSP Parameters'!D29,Recompute formula for each TIN; cached Excel result must not be used.
813,MSSP Assumptions — TIN assigned beneficiaries and trend — Aged/non-dual [2027 Bene] (J45),beneficiaries,TIN assigned beneficiaries and trend — Aged/non-dual; 2027 Bene,model_cell,MSSP Assumptions,J45,=(E45*I45),Recompute formula for each TIN; cached Excel result must not be used.
814,MSSP Assumptions — TIN assigned beneficiaries and trend — DLIS [2023] (B46),beneficiaries,TIN assigned beneficiaries and trend — DLIS; 2023,model_cell,MSSP Assumptions,B46,"=IF(('MSSP Parameters'!$C$3=""Prospective""),'MSSP PROSP'!N3,'MSSP RETRO'!N3)",Recompute formula for each TIN; cached Excel result must not be used.
815,MSSP Assumptions — TIN assigned beneficiaries and trend — DLIS [2024] (C46),beneficiaries,TIN assigned beneficiaries and trend — DLIS; 2024,model_cell,MSSP Assumptions,C46,"=IF(('MSSP Parameters'!$C$3=""Prospective""),'MSSP PROSP'!O3,'MSSP RETRO'!O3)",Recompute formula for each TIN; cached Excel result must not be used.
816,MSSP Assumptions — TIN assigned beneficiaries and trend — DLIS [2025] (D46),beneficiaries,TIN assigned beneficiaries and trend — DLIS; 2025,model_cell,MSSP Assumptions,D46,"=IF(('MSSP Parameters'!$C$3=""Prospective""),'MSSP PROSP'!P3,'MSSP RETRO'!P3)",Recompute formula for each TIN; cached Excel result must not be used.
817,MSSP Assumptions — TIN assigned beneficiaries and trend — DLIS [2026] (E46),beneficiaries,TIN assigned beneficiaries and trend — DLIS; 2026,model_cell,MSSP Assumptions,E46,"=IF(('MSSP Parameters'!$C$3=""Prospective""),'MSSP PROSP'!Q3,(D46*H46))",Recompute formula for each TIN; cached Excel result must not be used.
818,MSSP Assumptions — TIN assigned beneficiaries and trend — DLIS [2025-2026; Historic] (F46),factor,TIN assigned beneficiaries and trend — DLIS; 2025-2026; Historic,model_cell,MSSP Assumptions,F46,"=IF((AVERAGE(IFERROR((C46/B46),F67),IFERROR((D46/C46),G67))>1.1),1.1,IF((AVERAGE(IFERROR((C46/B46),F67),IFERROR((D46/C46),G67))<0.9),0.9,AVERAGE(IFERROR((C46/B46),F67),IFERROR((D46/C46),G67))))",Recompute formula for each TIN; cached Excel result must not be used.
819,MSSP Assumptions — TIN assigned beneficiaries and trend — DLIS [2026-2027; Historic] (G46),factor,TIN assigned beneficiaries and trend — DLIS; 2026-2027; Historic,model_cell,MSSP Assumptions,G46,"=IF((AVERAGE(IFERROR((C46/B46),F67),IFERROR((D46/C46),G67),IFERROR((E46/D46),H67))>1.1),1.1,IF((AVERAGE(IFERROR((C46/B46),F67),IFERROR((D46/C46),G67),IFERROR((E46/D46),H67))<0.9),0.9,AVERAGE(IFERROR((C46/B46),F67),IFERROR((D46/C46),G67),IFERROR((E46/D46),H67))))",Recompute formula for each TIN; cached Excel result must not be used.
820,MSSP Assumptions — TIN assigned beneficiaries and trend — DLIS [2025-2026; Trend Used] (H46),factor,TIN assigned beneficiaries and trend — DLIS; 2025-2026; Trend Used,model_cell,MSSP Assumptions,H46,='MSSP Parameters'!C27,Recompute formula for each TIN; cached Excel result must not be used.
821,MSSP Assumptions — TIN assigned beneficiaries and trend — DLIS [2026-2027; Trend Used] (I46),factor,TIN assigned beneficiaries and trend — DLIS; 2026-2027; Trend Used,model_cell,MSSP Assumptions,I46,='MSSP Parameters'!D27,Recompute formula for each TIN; cached Excel result must not be used.
822,MSSP Assumptions — TIN assigned beneficiaries and trend — DLIS [2027 Bene] (J46),beneficiaries,TIN assigned beneficiaries and trend — DLIS; 2027 Bene,model_cell,MSSP Assumptions,J46,=(E46*I46),Recompute formula for each TIN; cached Excel result must not be used.
823,MSSP Assumptions — Assigned beneficiary total [2026] (E47),beneficiaries,Assigned beneficiary total; 2026,model_cell,MSSP Assumptions,E47,=SUM(E42:E45),Recompute formula for each TIN; cached Excel result must not be used.
824,MSSP Assumptions — Assigned beneficiary total [2027] (J47),beneficiaries,Assigned beneficiary total; 2027,model_cell,MSSP Assumptions,J47,=SUM(J42:J45),Recompute formula for each TIN; cached Excel result must not be used.
825,MSSP Assumptions — Year / trend-period header B49 [Model context] (B49),year / period,Year / trend-period header B49; Model context,model_cell,MSSP Assumptions,B49,,Preserve supplied workbook configuration / placeholder unless explicitly overridden.
826,MSSP Assumptions — Year / trend-period header C49 [Model context] (C49),year / period,Year / trend-period header C49; Model context,model_cell,MSSP Assumptions,C49,,Preserve supplied workbook configuration / placeholder unless explicitly overridden.
827,MSSP Assumptions — Year / trend-period header D49 [Model context] (D49),year / period,Year / trend-period header D49; Model context,model_cell,MSSP Assumptions,D49,,Preserve supplied workbook configuration / placeholder unless explicitly overridden.
828,MSSP Assumptions — Year / trend-period header E49 [Model context] (E49),year / period,Year / trend-period header E49; Model context,model_cell,MSSP Assumptions,E49,,Preserve supplied workbook configuration / placeholder unless explicitly overridden.
829,MSSP Assumptions — Year / trend-period header F49 [Model context] (F49),year / period,Year / trend-period header F49; Model context,model_cell,MSSP Assumptions,F49,,Preserve supplied workbook configuration / placeholder unless explicitly overridden.
830,MSSP Assumptions — Year / trend-period header K49 [Model context] (K49),year / period,Year / trend-period header K49; Model context,model_cell,MSSP Assumptions,K49,,Preserve supplied workbook configuration / placeholder unless explicitly overridden.
831,MSSP Assumptions — TIN annualized expense and trend — ESRD [2023] (B50),USD/person-year,TIN annualized expense and trend — ESRD; 2023,model_cell,MSSP Assumptions,B50,"=(IF(('MSSP Parameters'!$C$3=""Prospective""),'MSSP PROSP'!CH3,'MSSP RETRO'!CH3)*12)",Recompute formula for each TIN; cached Excel result must not be used.
832,MSSP Assumptions — TIN annualized expense and trend — ESRD [2024] (C50),USD/person-year,TIN annualized expense and trend — ESRD; 2024,model_cell,MSSP Assumptions,C50,"=(IF(('MSSP Parameters'!$C$3=""Prospective""),'MSSP PROSP'!CI3,'MSSP RETRO'!CI3)*12)",Recompute formula for each TIN; cached Excel result must not be used.
833,MSSP Assumptions — TIN annualized expense and trend — ESRD [2025] (D50),USD/person-year,TIN annualized expense and trend — ESRD; 2025,model_cell,MSSP Assumptions,D50,"=(IF(('MSSP Parameters'!$C$3=""Prospective""),'MSSP PROSP'!CJ3,'MSSP RETRO'!CJ3)*12)",Recompute formula for each TIN; cached Excel result must not be used.
834,MSSP Assumptions — TIN annualized expense and trend — ESRD [2026; Q12026 Annualised] (E50),USD/person-year,TIN annualized expense and trend — ESRD; 2026; Q12026 Annualised,model_cell,MSSP Assumptions,E50,"=((IF(('MSSP Parameters'!$C$3=""Prospective""),'MSSP PROSP'!CK3,'MSSP RETRO'!CK3)*'MSSP Parameters'!$C$20)*12)",Recompute formula for each TIN; cached Excel result must not be used.
835,MSSP Assumptions — TIN annualized expense and trend — ESRD [2026; Historical Trended] (F50),USD/person-year,TIN annualized expense and trend — ESRD; 2026; Historical Trended,model_cell,MSSP Assumptions,F50,=(D50*I50),Recompute formula for each TIN; cached Excel result must not be used.
836,MSSP Assumptions — TIN annualized expense and trend — ESRD [2025-2026; Historic] (G50),factor,TIN annualized expense and trend — ESRD; 2025-2026; Historic,model_cell,MSSP Assumptions,G50,"=IF((AVERAGE(IFERROR((C50/B50),0),IFERROR((D50/C50),0))>1.2),1.2,IF((AVERAGE(IFERROR((C50/B50),0),IFERROR((D50/C50),0))<0.8),0.8,AVERAGE(IFERROR((C50/B50),0),IFERROR((D50/C50),0))))",Recompute formula for each TIN; cached Excel result must not be used.
837,MSSP Assumptions — TIN annualized expense and trend — ESRD [2026-2027; Historic] (H50),factor,TIN annualized expense and trend — ESRD; 2026-2027; Historic,model_cell,MSSP Assumptions,H50,=G50,Recompute formula for each TIN; cached Excel result must not be used.
838,MSSP Assumptions — TIN annualized expense and trend — ESRD [2025-2026; Trend Used] (I50),factor,TIN annualized expense and trend — ESRD; 2025-2026; Trend Used,model_cell,MSSP Assumptions,I50,='MSSP Parameters'!C31,Recompute formula for each TIN; cached Excel result must not be used.
839,MSSP Assumptions — TIN annualized expense and trend — ESRD [2026-2027; Trend Used] (J50),factor,TIN annualized expense and trend — ESRD; 2026-2027; Trend Used,model_cell,MSSP Assumptions,J50,='MSSP Parameters'!D31,Recompute formula for each TIN; cached Excel result must not be used.
840,MSSP Assumptions — TIN annualized expense and trend — ESRD [2026; Weighted PMPM] (K50),USD/person-year,TIN annualized expense and trend — ESRD; 2026; Weighted PMPM,model_cell,MSSP Assumptions,K50,"=IF(OR((E50=0),(F50=0)),(E50+F50),SUMPRODUCT($E$54:$F$54,E50:F50))",Recompute formula for each TIN; cached Excel result must not be used.
841,MSSP Assumptions — TIN annualized expense and trend — ESRD [2027 PMPM] (L50),USD/person-year,TIN annualized expense and trend — ESRD; 2027 PMPM,model_cell,MSSP Assumptions,L50,=(K50*J50),Recompute formula for each TIN; cached Excel result must not be used.
842,MSSP Assumptions — TIN annualized expense and trend — Disabled [2023] (B51),USD/person-year,TIN annualized expense and trend — Disabled; 2023,model_cell,MSSP Assumptions,B51,"=(IF(('MSSP Parameters'!$C$3=""Prospective""),'MSSP PROSP'!CP3,'MSSP RETRO'!CP3)*12)",Recompute formula for each TIN; cached Excel result must not be used.
843,MSSP Assumptions — TIN annualized expense and trend — Disabled [2024] (C51),USD/person-year,TIN annualized expense and trend — Disabled; 2024,model_cell,MSSP Assumptions,C51,"=(IF(('MSSP Parameters'!$C$3=""Prospective""),'MSSP PROSP'!CQ3,'MSSP RETRO'!CQ3)*12)",Recompute formula for each TIN; cached Excel result must not be used.
844,MSSP Assumptions — TIN annualized expense and trend — Disabled [2025] (D51),USD/person-year,TIN annualized expense and trend — Disabled; 2025,model_cell,MSSP Assumptions,D51,"=(IF(('MSSP Parameters'!$C$3=""Prospective""),'MSSP PROSP'!CR3,'MSSP RETRO'!CR3)*12)",Recompute formula for each TIN; cached Excel result must not be used.
845,MSSP Assumptions — TIN annualized expense and trend — Disabled [2026; Q12026 Annualised] (E51),USD/person-year,TIN annualized expense and trend — Disabled; 2026; Q12026 Annualised,model_cell,MSSP Assumptions,E51,"=((IF(('MSSP Parameters'!$C$3=""Prospective""),'MSSP PROSP'!CS3,'MSSP RETRO'!CS3)*'MSSP Parameters'!$C$20)*12)",Recompute formula for each TIN; cached Excel result must not be used.
846,MSSP Assumptions — TIN annualized expense and trend — Disabled [2026; Historical Trended] (F51),USD/person-year,TIN annualized expense and trend — Disabled; 2026; Historical Trended,model_cell,MSSP Assumptions,F51,=(D51*I51),Recompute formula for each TIN; cached Excel result must not be used.
847,MSSP Assumptions — TIN annualized expense and trend — Disabled [2025-2026; Historic] (G51),factor,TIN annualized expense and trend — Disabled; 2025-2026; Historic,model_cell,MSSP Assumptions,G51,"=IF((AVERAGE(IFERROR((C51/B51),0),IFERROR((D51/C51),0))>1.2),1.2,IF((AVERAGE(IFERROR((C51/B51),0),IFERROR((D51/C51),0))<0.8),0.8,AVERAGE(IFERROR((C51/B51),0),IFERROR((D51/C51),0))))",Recompute formula for each TIN; cached Excel result must not be used.
848,MSSP Assumptions — TIN annualized expense and trend — Disabled [2026-2027; Historic] (H51),factor,TIN annualized expense and trend — Disabled; 2026-2027; Historic,model_cell,MSSP Assumptions,H51,=G51,Recompute formula for each TIN; cached Excel result must not be used.
849,MSSP Assumptions — TIN annualized expense and trend — Disabled [2025-2026; Trend Used] (I51),factor,TIN annualized expense and trend — Disabled; 2025-2026; Trend Used,model_cell,MSSP Assumptions,I51,='MSSP Parameters'!C32,Recompute formula for each TIN; cached Excel result must not be used.
850,MSSP Assumptions — TIN annualized expense and trend — Disabled [2026-2027; Trend Used] (J51),factor,TIN annualized expense and trend — Disabled; 2026-2027; Trend Used,model_cell,MSSP Assumptions,J51,='MSSP Parameters'!D32,Recompute formula for each TIN; cached Excel result must not be used.
851,MSSP Assumptions — TIN annualized expense and trend — Disabled [2026; Weighted PMPM] (K51),USD/person-year,TIN annualized expense and trend — Disabled; 2026; Weighted PMPM,model_cell,MSSP Assumptions,K51,"=IF(OR((E51=0),(F51=0)),(E51+F51),SUMPRODUCT($E$54:$F$54,E51:F51))",Recompute formula for each TIN; cached Excel result must not be used.
852,MSSP Assumptions — TIN annualized expense and trend — Disabled [2027 PMPM] (L51),USD/person-year,TIN annualized expense and trend — Disabled; 2027 PMPM,model_cell,MSSP Assumptions,L51,=(K51*J51),Recompute formula for each TIN; cached Excel result must not be used.
853,MSSP Assumptions — TIN annualized expense and trend — Aged/dual [2023] (B52),USD/person-year,TIN annualized expense and trend — Aged/dual; 2023,model_cell,MSSP Assumptions,B52,"=(IF(('MSSP Parameters'!$C$3=""Prospective""),'MSSP PROSP'!CX3,'MSSP RETRO'!CX3)*12)",Recompute formula for each TIN; cached Excel result must not be used.
854,MSSP Assumptions — TIN annualized expense and trend — Aged/dual [2024] (C52),USD/person-year,TIN annualized expense and trend — Aged/dual; 2024,model_cell,MSSP Assumptions,C52,"=(IF(('MSSP Parameters'!$C$3=""Prospective""),'MSSP PROSP'!CY3,'MSSP RETRO'!CY3)*12)",Recompute formula for each TIN; cached Excel result must not be used.
855,MSSP Assumptions — TIN annualized expense and trend — Aged/dual [2025] (D52),USD/person-year,TIN annualized expense and trend — Aged/dual; 2025,model_cell,MSSP Assumptions,D52,"=(IF(('MSSP Parameters'!$C$3=""Prospective""),'MSSP PROSP'!CZ3,'MSSP RETRO'!CZ3)*12)",Recompute formula for each TIN; cached Excel result must not be used.
856,MSSP Assumptions — TIN annualized expense and trend — Aged/dual [2026; Q12026 Annualised] (E52),USD/person-year,TIN annualized expense and trend — Aged/dual; 2026; Q12026 Annualised,model_cell,MSSP Assumptions,E52,"=((IF(('MSSP Parameters'!$C$3=""Prospective""),'MSSP PROSP'!DA3,'MSSP RETRO'!DA3)*'MSSP Parameters'!$C$20)*12)",Recompute formula for each TIN; cached Excel result must not be used.
857,MSSP Assumptions — TIN annualized expense and trend — Aged/dual [2026; Historical Trended] (F52),USD/person-year,TIN annualized expense and trend — Aged/dual; 2026; Historical Trended,model_cell,MSSP Assumptions,F52,=(D52*I52),Recompute formula for each TIN; cached Excel result must not be used.
858,MSSP Assumptions — TIN annualized expense and trend — Aged/dual [2025-2026; Historic] (G52),factor,TIN annualized expense and trend — Aged/dual; 2025-2026; Historic,model_cell,MSSP Assumptions,G52,"=IF((AVERAGE(IFERROR((C52/B52),0),IFERROR((D52/C52),0))>1.2),1.2,IF((AVERAGE(IFERROR((C52/B52),0),IFERROR((D52/C52),0))<0.8),0.8,AVERAGE(IFERROR((C52/B52),0),IFERROR((D52/C52),0))))",Recompute formula for each TIN; cached Excel result must not be used.
859,MSSP Assumptions — TIN annualized expense and trend — Aged/dual [2026-2027; Historic] (H52),factor,TIN annualized expense and trend — Aged/dual; 2026-2027; Historic,model_cell,MSSP Assumptions,H52,=G52,Recompute formula for each TIN; cached Excel result must not be used.
860,MSSP Assumptions — TIN annualized expense and trend — Aged/dual [2025-2026; Trend Used] (I52),factor,TIN annualized expense and trend — Aged/dual; 2025-2026; Trend Used,model_cell,MSSP Assumptions,I52,='MSSP Parameters'!C33,Recompute formula for each TIN; cached Excel result must not be used.
861,MSSP Assumptions — TIN annualized expense and trend — Aged/dual [2026-2027; Trend Used] (J52),factor,TIN annualized expense and trend — Aged/dual; 2026-2027; Trend Used,model_cell,MSSP Assumptions,J52,='MSSP Parameters'!D33,Recompute formula for each TIN; cached Excel result must not be used.
862,MSSP Assumptions — TIN annualized expense and trend — Aged/dual [2026; Weighted PMPM] (K52),USD/person-year,TIN annualized expense and trend — Aged/dual; 2026; Weighted PMPM,model_cell,MSSP Assumptions,K52,"=IF(OR((E52=0),(F52=0)),(E52+F52),SUMPRODUCT($E$54:$F$54,E52:F52))",Recompute formula for each TIN; cached Excel result must not be used.
863,MSSP Assumptions — TIN annualized expense and trend — Aged/dual [2027 PMPM] (L52),USD/person-year,TIN annualized expense and trend — Aged/dual; 2027 PMPM,model_cell,MSSP Assumptions,L52,=(K52*J52),Recompute formula for each TIN; cached Excel result must not be used.
864,MSSP Assumptions — TIN annualized expense and trend — Aged/non-dual [2023] (B53),USD/person-year,TIN annualized expense and trend — Aged/non-dual; 2023,model_cell,MSSP Assumptions,B53,"=(IF(('MSSP Parameters'!$C$3=""Prospective""),'MSSP PROSP'!DF3,'MSSP RETRO'!DF3)*12)",Recompute formula for each TIN; cached Excel result must not be used.
865,MSSP Assumptions — TIN annualized expense and trend — Aged/non-dual [2024] (C53),USD/person-year,TIN annualized expense and trend — Aged/non-dual; 2024,model_cell,MSSP Assumptions,C53,"=(IF(('MSSP Parameters'!$C$3=""Prospective""),'MSSP PROSP'!DG3,'MSSP RETRO'!DG3)*12)",Recompute formula for each TIN; cached Excel result must not be used.
866,MSSP Assumptions — TIN annualized expense and trend — Aged/non-dual [2025] (D53),USD/person-year,TIN annualized expense and trend — Aged/non-dual; 2025,model_cell,MSSP Assumptions,D53,"=(IF(('MSSP Parameters'!$C$3=""Prospective""),'MSSP PROSP'!DH3,'MSSP RETRO'!DH3)*12)",Recompute formula for each TIN; cached Excel result must not be used.
867,MSSP Assumptions — TIN annualized expense and trend — Aged/non-dual [2026; Q12026 Annualised] (E53),USD/person-year,TIN annualized expense and trend — Aged/non-dual; 2026; Q12026 Annualised,model_cell,MSSP Assumptions,E53,"=((IF(('MSSP Parameters'!$C$3=""Prospective""),'MSSP PROSP'!DI3,'MSSP RETRO'!DI3)*'MSSP Parameters'!$C$20)*12)",Recompute formula for each TIN; cached Excel result must not be used.
868,MSSP Assumptions — TIN annualized expense and trend — Aged/non-dual [2026; Historical Trended] (F53),USD/person-year,TIN annualized expense and trend — Aged/non-dual; 2026; Historical Trended,model_cell,MSSP Assumptions,F53,=(D53*I53),Recompute formula for each TIN; cached Excel result must not be used.
869,MSSP Assumptions — TIN annualized expense and trend — Aged/non-dual [2025-2026; Historic] (G53),factor,TIN annualized expense and trend — Aged/non-dual; 2025-2026; Historic,model_cell,MSSP Assumptions,G53,"=IF((AVERAGE(IFERROR((C53/B53),0),IFERROR((D53/C53),0))>1.2),1.2,IF((AVERAGE(IFERROR((C53/B53),0),IFERROR((D53/C53),0))<0.8),0.8,AVERAGE(IFERROR((C53/B53),0),IFERROR((D53/C53),0))))",Recompute formula for each TIN; cached Excel result must not be used.
870,MSSP Assumptions — TIN annualized expense and trend — Aged/non-dual [2026-2027; Historic] (H53),factor,TIN annualized expense and trend — Aged/non-dual; 2026-2027; Historic,model_cell,MSSP Assumptions,H53,=G53,Recompute formula for each TIN; cached Excel result must not be used.
871,MSSP Assumptions — TIN annualized expense and trend — Aged/non-dual [2025-2026; Trend Used] (I53),factor,TIN annualized expense and trend — Aged/non-dual; 2025-2026; Trend Used,model_cell,MSSP Assumptions,I53,='MSSP Parameters'!C34,Recompute formula for each TIN; cached Excel result must not be used.
872,MSSP Assumptions — TIN annualized expense and trend — Aged/non-dual [2026-2027; Trend Used] (J53),factor,TIN annualized expense and trend — Aged/non-dual; 2026-2027; Trend Used,model_cell,MSSP Assumptions,J53,='MSSP Parameters'!D34,Recompute formula for each TIN; cached Excel result must not be used.
873,MSSP Assumptions — TIN annualized expense and trend — Aged/non-dual [2026; Weighted PMPM] (K53),USD/person-year,TIN annualized expense and trend — Aged/non-dual; 2026; Weighted PMPM,model_cell,MSSP Assumptions,K53,"=IF(OR((E53=0),(F53=0)),(E53+F53),SUMPRODUCT($E$54:$F$54,E53:F53))",Recompute formula for each TIN; cached Excel result must not be used.
874,MSSP Assumptions — TIN annualized expense and trend — Aged/non-dual [2027 PMPM] (L53),USD/person-year,TIN annualized expense and trend — Aged/non-dual; 2027 PMPM,model_cell,MSSP Assumptions,L53,=(K53*J53),Recompute formula for each TIN; cached Excel result must not be used.
875,MSSP Assumptions — 2026 expense blending weight [Observed expense] (E54),ratio,2026 expense blending weight; Observed expense,model_cell,MSSP Assumptions,E54,='MSSP Parameters'!C13,Recompute formula for each TIN; cached Excel result must not be used.
876,MSSP Assumptions — 2026 expense blending weight [Historical trend] (F54),ratio,2026 expense blending weight; Historical trend,model_cell,MSSP Assumptions,F54,=(1-E54),Recompute formula for each TIN; cached Excel result must not be used.
877,MSSP Assumptions — Year / trend-period header B58 [Model context] (B58),year / period,Year / trend-period header B58; Model context,model_cell,MSSP Assumptions,B58,,Preserve supplied workbook configuration / placeholder unless explicitly overridden.
878,MSSP Assumptions — Year / trend-period header C58 [Model context] (C58),year / period,Year / trend-period header C58; Model context,model_cell,MSSP Assumptions,C58,,Preserve supplied workbook configuration / placeholder unless explicitly overridden.
879,MSSP Assumptions — Year / trend-period header D58 [Model context] (D58),year / period,Year / trend-period header D58; Model context,model_cell,MSSP Assumptions,D58,,Preserve supplied workbook configuration / placeholder unless explicitly overridden.
880,MSSP Assumptions — Year / trend-period header E58 [Model context] (E58),year / period,Year / trend-period header E58; Model context,model_cell,MSSP Assumptions,E58,,Preserve supplied workbook configuration / placeholder unless explicitly overridden.
881,MSSP Assumptions — Year / trend-period header J58 [Model context] (J58),year / period,Year / trend-period header J58; Model context,model_cell,MSSP Assumptions,J58,,Preserve supplied workbook configuration / placeholder unless explicitly overridden.
882,MSSP Assumptions — National beneficiaries and trend — ESRD [2023] (B59),beneficiaries,National beneficiaries and trend — ESRD; 2023,model_cell,MSSP Assumptions,B59,='MSSP Assignable'!V3,Recompute formula for each TIN; cached Excel result must not be used.
883,MSSP Assumptions — National beneficiaries and trend — ESRD [2024] (C59),beneficiaries,National beneficiaries and trend — ESRD; 2024,model_cell,MSSP Assumptions,C59,='MSSP Assignable'!W3,Recompute formula for each TIN; cached Excel result must not be used.
884,MSSP Assumptions — National beneficiaries and trend — ESRD [2025] (D59),beneficiaries,National beneficiaries and trend — ESRD; 2025,model_cell,MSSP Assumptions,D59,='MSSP Assignable'!X3,Recompute formula for each TIN; cached Excel result must not be used.
885,MSSP Assumptions — National beneficiaries and trend — ESRD [2026] (E59),beneficiaries,National beneficiaries and trend — ESRD; 2026,model_cell,MSSP Assumptions,E59,='MSSP Assignable'!Y3,Recompute formula for each TIN; cached Excel result must not be used.
886,MSSP Assumptions — National beneficiaries and trend — ESRD [2023-2024] (F59),factor,National beneficiaries and trend — ESRD; 2023-2024,model_cell,MSSP Assumptions,F59,"=IFERROR((C59/B59),0)",Recompute formula for each TIN; cached Excel result must not be used.
887,MSSP Assumptions — National beneficiaries and trend — ESRD [2024-2025] (G59),factor,National beneficiaries and trend — ESRD; 2024-2025,model_cell,MSSP Assumptions,G59,"=IFERROR((D59/C59),0)",Recompute formula for each TIN; cached Excel result must not be used.
888,MSSP Assumptions — National beneficiaries and trend — ESRD [2025-2026] (H59),factor,National beneficiaries and trend — ESRD; 2025-2026,model_cell,MSSP Assumptions,H59,"=IFERROR((E59/D59),0)",Recompute formula for each TIN; cached Excel result must not be used.
889,MSSP Assumptions — National beneficiaries and trend — ESRD [2026-2027] (I59),factor,National beneficiaries and trend — ESRD; 2026-2027,model_cell,MSSP Assumptions,I59,"=IF((AVERAGE(F59:H59)>1.1),1.1,IF((AVERAGE(F59:H59)<0.9),0.9,AVERAGE(F59:H59)))",Recompute formula for each TIN; cached Excel result must not be used.
890,MSSP Assumptions — National beneficiaries and trend — ESRD [2027] (J59),beneficiaries,National beneficiaries and trend — ESRD; 2027,model_cell,MSSP Assumptions,J59,=(E59*I59),Recompute formula for each TIN; cached Excel result must not be used.
891,MSSP Assumptions — National beneficiaries and trend — Disabled [2023] (B60),beneficiaries,National beneficiaries and trend — Disabled; 2023,model_cell,MSSP Assumptions,B60,='MSSP Assignable'!AD3,Recompute formula for each TIN; cached Excel result must not be used.
892,MSSP Assumptions — National beneficiaries and trend — Disabled [2024] (C60),beneficiaries,National beneficiaries and trend — Disabled; 2024,model_cell,MSSP Assumptions,C60,='MSSP Assignable'!AE3,Recompute formula for each TIN; cached Excel result must not be used.
893,MSSP Assumptions — National beneficiaries and trend — Disabled [2025] (D60),beneficiaries,National beneficiaries and trend — Disabled; 2025,model_cell,MSSP Assumptions,D60,='MSSP Assignable'!AF3,Recompute formula for each TIN; cached Excel result must not be used.
894,MSSP Assumptions — National beneficiaries and trend — Disabled [2026] (E60),beneficiaries,National beneficiaries and trend — Disabled; 2026,model_cell,MSSP Assumptions,E60,='MSSP Assignable'!AG3,Recompute formula for each TIN; cached Excel result must not be used.
895,MSSP Assumptions — National beneficiaries and trend — Disabled [2023-2024] (F60),factor,National beneficiaries and trend — Disabled; 2023-2024,model_cell,MSSP Assumptions,F60,"=IFERROR((C60/B60),0)",Recompute formula for each TIN; cached Excel result must not be used.
896,MSSP Assumptions — National beneficiaries and trend — Disabled [2024-2025] (G60),factor,National beneficiaries and trend — Disabled; 2024-2025,model_cell,MSSP Assumptions,G60,"=IFERROR((D60/C60),0)",Recompute formula for each TIN; cached Excel result must not be used.
897,MSSP Assumptions — National beneficiaries and trend — Disabled [2025-2026] (H60),factor,National beneficiaries and trend — Disabled; 2025-2026,model_cell,MSSP Assumptions,H60,"=IFERROR((E60/D60),0)",Recompute formula for each TIN; cached Excel result must not be used.
898,MSSP Assumptions — National beneficiaries and trend — Disabled [2026-2027] (I60),factor,National beneficiaries and trend — Disabled; 2026-2027,model_cell,MSSP Assumptions,I60,"=IF((AVERAGE(F60:H60)>1.1),1.1,IF((AVERAGE(F60:H60)<0.9),0.9,AVERAGE(F60:H60)))",Recompute formula for each TIN; cached Excel result must not be used.
899,MSSP Assumptions — National beneficiaries and trend — Disabled [2027] (J60),beneficiaries,National beneficiaries and trend — Disabled; 2027,model_cell,MSSP Assumptions,J60,=(E60*I60),Recompute formula for each TIN; cached Excel result must not be used.
900,MSSP Assumptions — National beneficiaries and trend — Aged/dual [2023] (B61),beneficiaries,National beneficiaries and trend — Aged/dual; 2023,model_cell,MSSP Assumptions,B61,='MSSP Assignable'!AL3,Recompute formula for each TIN; cached Excel result must not be used.
901,MSSP Assumptions — National beneficiaries and trend — Aged/dual [2024] (C61),beneficiaries,National beneficiaries and trend — Aged/dual; 2024,model_cell,MSSP Assumptions,C61,='MSSP Assignable'!AM3,Recompute formula for each TIN; cached Excel result must not be used.
902,MSSP Assumptions — National beneficiaries and trend — Aged/dual [2025] (D61),beneficiaries,National beneficiaries and trend — Aged/dual; 2025,model_cell,MSSP Assumptions,D61,='MSSP Assignable'!AN3,Recompute formula for each TIN; cached Excel result must not be used.
903,MSSP Assumptions — National beneficiaries and trend — Aged/dual [2026] (E61),beneficiaries,National beneficiaries and trend — Aged/dual; 2026,model_cell,MSSP Assumptions,E61,='MSSP Assignable'!AO3,Recompute formula for each TIN; cached Excel result must not be used.
904,MSSP Assumptions — National beneficiaries and trend — Aged/dual [2023-2024] (F61),factor,National beneficiaries and trend — Aged/dual; 2023-2024,model_cell,MSSP Assumptions,F61,"=IFERROR((C61/B61),0)",Recompute formula for each TIN; cached Excel result must not be used.
905,MSSP Assumptions — National beneficiaries and trend — Aged/dual [2024-2025] (G61),factor,National beneficiaries and trend — Aged/dual; 2024-2025,model_cell,MSSP Assumptions,G61,"=IFERROR((D61/C61),0)",Recompute formula for each TIN; cached Excel result must not be used.
906,MSSP Assumptions — National beneficiaries and trend — Aged/dual [2025-2026] (H61),factor,National beneficiaries and trend — Aged/dual; 2025-2026,model_cell,MSSP Assumptions,H61,"=IFERROR((E61/D61),0)",Recompute formula for each TIN; cached Excel result must not be used.
907,MSSP Assumptions — National beneficiaries and trend — Aged/dual [2026-2027] (I61),factor,National beneficiaries and trend — Aged/dual; 2026-2027,model_cell,MSSP Assumptions,I61,"=IF((AVERAGE(F61:H61)>1.1),1.1,IF((AVERAGE(F61:H61)<0.9),0.9,AVERAGE(F61:H61)))",Recompute formula for each TIN; cached Excel result must not be used.
908,MSSP Assumptions — National beneficiaries and trend — Aged/dual [2027] (J61),beneficiaries,National beneficiaries and trend — Aged/dual; 2027,model_cell,MSSP Assumptions,J61,=(E61*I61),Recompute formula for each TIN; cached Excel result must not be used.
909,MSSP Assumptions — National beneficiaries and trend — Aged/non-dual [2023] (B62),beneficiaries,National beneficiaries and trend — Aged/non-dual; 2023,model_cell,MSSP Assumptions,B62,='MSSP Assignable'!AT3,Recompute formula for each TIN; cached Excel result must not be used.
910,MSSP Assumptions — National beneficiaries and trend — Aged/non-dual [2024] (C62),beneficiaries,National beneficiaries and trend — Aged/non-dual; 2024,model_cell,MSSP Assumptions,C62,='MSSP Assignable'!AU3,Recompute formula for each TIN; cached Excel result must not be used.
911,MSSP Assumptions — National beneficiaries and trend — Aged/non-dual [2025] (D62),beneficiaries,National beneficiaries and trend — Aged/non-dual; 2025,model_cell,MSSP Assumptions,D62,='MSSP Assignable'!AV3,Recompute formula for each TIN; cached Excel result must not be used.
912,MSSP Assumptions — National beneficiaries and trend — Aged/non-dual [2026] (E62),beneficiaries,National beneficiaries and trend — Aged/non-dual; 2026,model_cell,MSSP Assumptions,E62,='MSSP Assignable'!AW3,Recompute formula for each TIN; cached Excel result must not be used.
913,MSSP Assumptions — National beneficiaries and trend — Aged/non-dual [2023-2024] (F62),factor,National beneficiaries and trend — Aged/non-dual; 2023-2024,model_cell,MSSP Assumptions,F62,"=IFERROR((C62/B62),0)",Recompute formula for each TIN; cached Excel result must not be used.
914,MSSP Assumptions — National beneficiaries and trend — Aged/non-dual [2024-2025] (G62),factor,National beneficiaries and trend — Aged/non-dual; 2024-2025,model_cell,MSSP Assumptions,G62,"=IFERROR((D62/C62),0)",Recompute formula for each TIN; cached Excel result must not be used.
915,MSSP Assumptions — National beneficiaries and trend — Aged/non-dual [2025-2026] (H62),factor,National beneficiaries and trend — Aged/non-dual; 2025-2026,model_cell,MSSP Assumptions,H62,"=IFERROR((E62/D62),0)",Recompute formula for each TIN; cached Excel result must not be used.
916,MSSP Assumptions — National beneficiaries and trend — Aged/non-dual [2026-2027] (I62),factor,National beneficiaries and trend — Aged/non-dual; 2026-2027,model_cell,MSSP Assumptions,I62,"=IF((AVERAGE(F62:H62)>1.1),1.1,IF((AVERAGE(F62:H62)<0.9),0.9,AVERAGE(F62:H62)))",Recompute formula for each TIN; cached Excel result must not be used.
917,MSSP Assumptions — National beneficiaries and trend — Aged/non-dual [2027] (J62),beneficiaries,National beneficiaries and trend — Aged/non-dual; 2027,model_cell,MSSP Assumptions,J62,=(E62*I62),Recompute formula for each TIN; cached Excel result must not be used.
918,MSSP Assumptions — Year / trend-period header B65 [Model context] (B65),year / period,Year / trend-period header B65; Model context,model_cell,MSSP Assumptions,B65,,Preserve supplied workbook configuration / placeholder unless explicitly overridden.
919,MSSP Assumptions — Year / trend-period header C65 [Model context] (C65),year / period,Year / trend-period header C65; Model context,model_cell,MSSP Assumptions,C65,,Preserve supplied workbook configuration / placeholder unless explicitly overridden.
920,MSSP Assumptions — Year / trend-period header D65 [Model context] (D65),year / period,Year / trend-period header D65; Model context,model_cell,MSSP Assumptions,D65,,Preserve supplied workbook configuration / placeholder unless explicitly overridden.
921,MSSP Assumptions — Year / trend-period header E65 [Model context] (E65),year / period,Year / trend-period header E65; Model context,model_cell,MSSP Assumptions,E65,,Preserve supplied workbook configuration / placeholder unless explicitly overridden.
922,MSSP Assumptions — Year / trend-period header J65 [Model context] (J65),year / period,Year / trend-period header J65; Model context,model_cell,MSSP Assumptions,J65,,Preserve supplied workbook configuration / placeholder unless explicitly overridden.
923,MSSP Assumptions — National risk and trend — ESRD [2023] (B66),risk score,National risk and trend — ESRD; 2023,model_cell,MSSP Assumptions,B66,='MSSP Assignable'!ET3,Recompute formula for each TIN; cached Excel result must not be used.
924,MSSP Assumptions — National risk and trend — ESRD [2024] (C66),risk score,National risk and trend — ESRD; 2024,model_cell,MSSP Assumptions,C66,='MSSP Assignable'!EU3,Recompute formula for each TIN; cached Excel result must not be used.
925,MSSP Assumptions — National risk and trend — ESRD [2025] (D66),risk score,National risk and trend — ESRD; 2025,model_cell,MSSP Assumptions,D66,='MSSP Assignable'!EV3,Recompute formula for each TIN; cached Excel result must not be used.
926,MSSP Assumptions — National risk and trend — ESRD [2026] (E66),risk score,National risk and trend — ESRD; 2026,model_cell,MSSP Assumptions,E66,"=TREND(B66:D66,$B$65:$D$65,$E$65)",Recompute formula for each TIN; cached Excel result must not be used.
927,MSSP Assumptions — National risk and trend — ESRD [2023-2024] (F66),factor,National risk and trend — ESRD; 2023-2024,model_cell,MSSP Assumptions,F66,"=IFERROR((C66/B66),0)",Recompute formula for each TIN; cached Excel result must not be used.
928,MSSP Assumptions — National risk and trend — ESRD [2024-2025] (G66),factor,National risk and trend — ESRD; 2024-2025,model_cell,MSSP Assumptions,G66,"=IFERROR((D66/C66),0)",Recompute formula for each TIN; cached Excel result must not be used.
929,MSSP Assumptions — National risk and trend — ESRD [2025-2026] (H66),factor,National risk and trend — ESRD; 2025-2026,model_cell,MSSP Assumptions,H66,"=IFERROR((E66/D66),0)",Recompute formula for each TIN; cached Excel result must not be used.
930,MSSP Assumptions — National risk and trend — ESRD [2026-2027] (I66),factor,National risk and trend — ESRD; 2026-2027,model_cell,MSSP Assumptions,I66,"=IF((AVERAGE(F66:H66)>1.2),1.2,IF((AVERAGE(F66:H66)<0.8),0.8,AVERAGE(F66:H66)))",Recompute formula for each TIN; cached Excel result must not be used.
931,MSSP Assumptions — National risk and trend — ESRD [2027] (J66),risk score,National risk and trend — ESRD; 2027,model_cell,MSSP Assumptions,J66,"=TREND(B66:E66,$B$65:$E$65,$J$65)",Recompute formula for each TIN; cached Excel result must not be used.
932,MSSP Assumptions — National risk and trend — Disabled [2023] (B67),risk score,National risk and trend — Disabled; 2023,model_cell,MSSP Assumptions,B67,='MSSP Assignable'!FB3,Recompute formula for each TIN; cached Excel result must not be used.
933,MSSP Assumptions — National risk and trend — Disabled [2024] (C67),risk score,National risk and trend — Disabled; 2024,model_cell,MSSP Assumptions,C67,='MSSP Assignable'!FC3,Recompute formula for each TIN; cached Excel result must not be used.
934,MSSP Assumptions — National risk and trend — Disabled [2025] (D67),risk score,National risk and trend — Disabled; 2025,model_cell,MSSP Assumptions,D67,='MSSP Assignable'!FD3,Recompute formula for each TIN; cached Excel result must not be used.
935,MSSP Assumptions — National risk and trend — Disabled [2026] (E67),risk score,National risk and trend — Disabled; 2026,model_cell,MSSP Assumptions,E67,"=TREND(B67:D67,$B$65:$D$65,$E$65)",Recompute formula for each TIN; cached Excel result must not be used.
936,MSSP Assumptions — National risk and trend — Disabled [2023-2024] (F67),factor,National risk and trend — Disabled; 2023-2024,model_cell,MSSP Assumptions,F67,"=IFERROR((C67/B67),0)",Recompute formula for each TIN; cached Excel result must not be used.
937,MSSP Assumptions — National risk and trend — Disabled [2024-2025] (G67),factor,National risk and trend — Disabled; 2024-2025,model_cell,MSSP Assumptions,G67,"=IFERROR((D67/C67),0)",Recompute formula for each TIN; cached Excel result must not be used.
938,MSSP Assumptions — National risk and trend — Disabled [2025-2026] (H67),factor,National risk and trend — Disabled; 2025-2026,model_cell,MSSP Assumptions,H67,"=IFERROR((E67/D67),0)",Recompute formula for each TIN; cached Excel result must not be used.
939,MSSP Assumptions — National risk and trend — Disabled [2026-2027] (I67),factor,National risk and trend — Disabled; 2026-2027,model_cell,MSSP Assumptions,I67,"=IF((AVERAGE(F67:H67)>1.2),1.2,IF((AVERAGE(F67:H67)<0.8),0.8,AVERAGE(F67:H67)))",Recompute formula for each TIN; cached Excel result must not be used.
940,MSSP Assumptions — National risk and trend — Disabled [2027] (J67),risk score,National risk and trend — Disabled; 2027,model_cell,MSSP Assumptions,J67,"=TREND(B67:E67,$B$65:$E$65,$J$65)",Recompute formula for each TIN; cached Excel result must not be used.
941,MSSP Assumptions — National risk and trend — Aged/dual [2023] (B68),risk score,National risk and trend — Aged/dual; 2023,model_cell,MSSP Assumptions,B68,='MSSP Assignable'!FJ3,Recompute formula for each TIN; cached Excel result must not be used.
942,MSSP Assumptions — National risk and trend — Aged/dual [2024] (C68),risk score,National risk and trend — Aged/dual; 2024,model_cell,MSSP Assumptions,C68,='MSSP Assignable'!FK3,Recompute formula for each TIN; cached Excel result must not be used.
943,MSSP Assumptions — National risk and trend — Aged/dual [2025] (D68),risk score,National risk and trend — Aged/dual; 2025,model_cell,MSSP Assumptions,D68,='MSSP Assignable'!FL3,Recompute formula for each TIN; cached Excel result must not be used.
944,MSSP Assumptions — National risk and trend — Aged/dual [2026] (E68),risk score,National risk and trend — Aged/dual; 2026,model_cell,MSSP Assumptions,E68,"=TREND(B68:D68,$B$65:$D$65,$E$65)",Recompute formula for each TIN; cached Excel result must not be used.
945,MSSP Assumptions — National risk and trend — Aged/dual [2023-2024] (F68),factor,National risk and trend — Aged/dual; 2023-2024,model_cell,MSSP Assumptions,F68,"=IFERROR((C68/B68),0)",Recompute formula for each TIN; cached Excel result must not be used.
946,MSSP Assumptions — National risk and trend — Aged/dual [2024-2025] (G68),factor,National risk and trend — Aged/dual; 2024-2025,model_cell,MSSP Assumptions,G68,"=IFERROR((D68/C68),0)",Recompute formula for each TIN; cached Excel result must not be used.
947,MSSP Assumptions — National risk and trend — Aged/dual [2025-2026] (H68),factor,National risk and trend — Aged/dual; 2025-2026,model_cell,MSSP Assumptions,H68,"=IFERROR((E68/D68),0)",Recompute formula for each TIN; cached Excel result must not be used.
948,MSSP Assumptions — National risk and trend — Aged/dual [2026-2027] (I68),factor,National risk and trend — Aged/dual; 2026-2027,model_cell,MSSP Assumptions,I68,"=IF((AVERAGE(F68:H68)>1.2),1.2,IF((AVERAGE(F68:H68)<0.8),0.8,AVERAGE(F68:H68)))",Recompute formula for each TIN; cached Excel result must not be used.
949,MSSP Assumptions — National risk and trend — Aged/dual [2027] (J68),risk score,National risk and trend — Aged/dual; 2027,model_cell,MSSP Assumptions,J68,"=TREND(B68:E68,$B$65:$E$65,$J$65)",Recompute formula for each TIN; cached Excel result must not be used.
950,MSSP Assumptions — National risk and trend — Aged/non-dual [2023] (B69),risk score,National risk and trend — Aged/non-dual; 2023,model_cell,MSSP Assumptions,B69,='MSSP Assignable'!FR3,Recompute formula for each TIN; cached Excel result must not be used.
951,MSSP Assumptions — National risk and trend — Aged/non-dual [2024] (C69),risk score,National risk and trend — Aged/non-dual; 2024,model_cell,MSSP Assumptions,C69,='MSSP Assignable'!FS3,Recompute formula for each TIN; cached Excel result must not be used.
952,MSSP Assumptions — National risk and trend — Aged/non-dual [2025] (D69),risk score,National risk and trend — Aged/non-dual; 2025,model_cell,MSSP Assumptions,D69,='MSSP Assignable'!FT3,Recompute formula for each TIN; cached Excel result must not be used.
953,MSSP Assumptions — National risk and trend — Aged/non-dual [2026] (E69),risk score,National risk and trend — Aged/non-dual; 2026,model_cell,MSSP Assumptions,E69,"=TREND(B69:D69,$B$65:$D$65,$E$65)",Recompute formula for each TIN; cached Excel result must not be used.
954,MSSP Assumptions — National risk and trend — Aged/non-dual [2023-2024] (F69),factor,National risk and trend — Aged/non-dual; 2023-2024,model_cell,MSSP Assumptions,F69,"=IFERROR((C69/B69),0)",Recompute formula for each TIN; cached Excel result must not be used.
955,MSSP Assumptions — National risk and trend — Aged/non-dual [2024-2025] (G69),factor,National risk and trend — Aged/non-dual; 2024-2025,model_cell,MSSP Assumptions,G69,"=IFERROR((D69/C69),0)",Recompute formula for each TIN; cached Excel result must not be used.
956,MSSP Assumptions — National risk and trend — Aged/non-dual [2025-2026] (H69),factor,National risk and trend — Aged/non-dual; 2025-2026,model_cell,MSSP Assumptions,H69,"=IFERROR((E69/D69),0)",Recompute formula for each TIN; cached Excel result must not be used.
957,MSSP Assumptions — National risk and trend — Aged/non-dual [2026-2027] (I69),factor,National risk and trend — Aged/non-dual; 2026-2027,model_cell,MSSP Assumptions,I69,"=IF((AVERAGE(F69:H69)>1.2),1.2,IF((AVERAGE(F69:H69)<0.8),0.8,AVERAGE(F69:H69)))",Recompute formula for each TIN; cached Excel result must not be used.
958,MSSP Assumptions — National risk and trend — Aged/non-dual [2027] (J69),risk score,National risk and trend — Aged/non-dual; 2027,model_cell,MSSP Assumptions,J69,"=TREND(B69:E69,$B$65:$E$65,$J$65)",Recompute formula for each TIN; cached Excel result must not be used.
959,MSSP Inputs by Track — Maximum Sharing Rate (Row [Q] in Table 3) [BASIC Track Level A] (B6),ratio,Maximum Sharing Rate (Row [Q] in Table 3); BASIC Track Level A,model_cell,MSSP Inputs by Track,B6,,Preserve supplied workbook configuration / placeholder unless explicitly overridden.
960,MSSP Inputs by Track — Maximum Sharing Rate (Row [Q] in Table 3) [BASIC Track Level B] (C6),ratio,Maximum Sharing Rate (Row [Q] in Table 3); BASIC Track Level B,model_cell,MSSP Inputs by Track,C6,,Preserve supplied workbook configuration / placeholder unless explicitly overridden.
961,MSSP Inputs by Track — Maximum Sharing Rate (Row [Q] in Table 3) [BASIC Track Level C] (D6),ratio,Maximum Sharing Rate (Row [Q] in Table 3); BASIC Track Level C,model_cell,MSSP Inputs by Track,D6,,Preserve supplied workbook configuration / placeholder unless explicitly overridden.
962,MSSP Inputs by Track — Maximum Sharing Rate (Row [Q] in Table 3) [BASIC Track Level D] (E6),ratio,Maximum Sharing Rate (Row [Q] in Table 3); BASIC Track Level D,model_cell,MSSP Inputs by Track,E6,,Preserve supplied workbook configuration / placeholder unless explicitly overridden.
963,MSSP Inputs by Track — Maximum Sharing Rate (Row [Q] in Table 3) [BASIC Track Level E] (F6),ratio,Maximum Sharing Rate (Row [Q] in Table 3); BASIC Track Level E,model_cell,MSSP Inputs by Track,F6,,Preserve supplied workbook configuration / placeholder unless explicitly overridden.
964,MSSP Inputs by Track — Maximum Sharing Rate (Row [Q] in Table 3) [ENHANCED Track] (G6),ratio,Maximum Sharing Rate (Row [Q] in Table 3); ENHANCED Track,model_cell,MSSP Inputs by Track,G6,,Preserve supplied workbook configuration / placeholder unless explicitly overridden.
965,MSSP Inputs by Track — Shared Loss Rate (Row [V] in Table 3) [BASIC Track Level A] (B7),text,Shared Loss Rate (Row [V] in Table 3); BASIC Track Level A,model_cell,MSSP Inputs by Track,B7,,Preserve supplied workbook configuration / placeholder unless explicitly overridden.
966,MSSP Inputs by Track — Shared Loss Rate (Row [V] in Table 3) [BASIC Track Level B] (C7),text,Shared Loss Rate (Row [V] in Table 3); BASIC Track Level B,model_cell,MSSP Inputs by Track,C7,,Preserve supplied workbook configuration / placeholder unless explicitly overridden.
967,MSSP Inputs by Track — Shared Loss Rate (Row [V] in Table 3) [BASIC Track Level C] (D7),ratio,Shared Loss Rate (Row [V] in Table 3); BASIC Track Level C,model_cell,MSSP Inputs by Track,D7,,Preserve supplied workbook configuration / placeholder unless explicitly overridden.
968,MSSP Inputs by Track — Shared Loss Rate (Row [V] in Table 3) [BASIC Track Level D] (E7),ratio,Shared Loss Rate (Row [V] in Table 3); BASIC Track Level D,model_cell,MSSP Inputs by Track,E7,,Preserve supplied workbook configuration / placeholder unless explicitly overridden.
969,MSSP Inputs by Track — Shared Loss Rate (Row [V] in Table 3) [BASIC Track Level E] (F7),ratio,Shared Loss Rate (Row [V] in Table 3); BASIC Track Level E,model_cell,MSSP Inputs by Track,F7,,Preserve supplied workbook configuration / placeholder unless explicitly overridden.
970,MSSP Inputs by Track — Shared Loss Rate (Row [V] in Table 3) [ENHANCED Track] (G7),text,Shared Loss Rate (Row [V] in Table 3); ENHANCED Track,model_cell,MSSP Inputs by Track,G7,,Preserve supplied workbook configuration / placeholder unless explicitly overridden.
971,MSSP Inputs by Track — Shared Savings Cap (Row [X] in Table 3) [BASIC Track Level A] (B8),ratio,Shared Savings Cap (Row [X] in Table 3); BASIC Track Level A,model_cell,MSSP Inputs by Track,B8,,Preserve supplied workbook configuration / placeholder unless explicitly overridden.
972,MSSP Inputs by Track — Shared Savings Cap (Row [X] in Table 3) [BASIC Track Level B] (C8),ratio,Shared Savings Cap (Row [X] in Table 3); BASIC Track Level B,model_cell,MSSP Inputs by Track,C8,,Preserve supplied workbook configuration / placeholder unless explicitly overridden.
973,MSSP Inputs by Track — Shared Savings Cap (Row [X] in Table 3) [BASIC Track Level C] (D8),ratio,Shared Savings Cap (Row [X] in Table 3); BASIC Track Level C,model_cell,MSSP Inputs by Track,D8,,Preserve supplied workbook configuration / placeholder unless explicitly overridden.
974,MSSP Inputs by Track — Shared Savings Cap (Row [X] in Table 3) [BASIC Track Level D] (E8),ratio,Shared Savings Cap (Row [X] in Table 3); BASIC Track Level D,model_cell,MSSP Inputs by Track,E8,,Preserve supplied workbook configuration / placeholder unless explicitly overridden.
975,MSSP Inputs by Track — Shared Savings Cap (Row [X] in Table 3) [BASIC Track Level E] (F8),ratio,Shared Savings Cap (Row [X] in Table 3); BASIC Track Level E,model_cell,MSSP Inputs by Track,F8,,Preserve supplied workbook configuration / placeholder unless explicitly overridden.
976,MSSP Inputs by Track — Shared Savings Cap (Row [X] in Table 3) [ENHANCED Track] (G8),ratio,Shared Savings Cap (Row [X] in Table 3); ENHANCED Track,model_cell,MSSP Inputs by Track,G8,,Preserve supplied workbook configuration / placeholder unless explicitly overridden.
977,MSSP Inputs by Track — Shared Losses Cap (Row [CC] in Table 3) [BASIC Track Level A] (B9),text,Shared Losses Cap (Row [CC] in Table 3); BASIC Track Level A,model_cell,MSSP Inputs by Track,B9,,Preserve supplied workbook configuration / placeholder unless explicitly overridden.
978,MSSP Inputs by Track — Shared Losses Cap (Row [CC] in Table 3) [BASIC Track Level B] (C9),text,Shared Losses Cap (Row [CC] in Table 3); BASIC Track Level B,model_cell,MSSP Inputs by Track,C9,,Preserve supplied workbook configuration / placeholder unless explicitly overridden.
979,MSSP Inputs by Track — Shared Losses Cap (Row [CC] in Table 3) [BASIC Track Level C] (D9),text,Shared Losses Cap (Row [CC] in Table 3); BASIC Track Level C,model_cell,MSSP Inputs by Track,D9,,Preserve supplied workbook configuration / placeholder unless explicitly overridden.
980,MSSP Inputs by Track — Shared Losses Cap (Row [CC] in Table 3) [BASIC Track Level D] (E9),text,Shared Losses Cap (Row [CC] in Table 3); BASIC Track Level D,model_cell,MSSP Inputs by Track,E9,,Preserve supplied workbook configuration / placeholder unless explicitly overridden.
981,MSSP Inputs by Track — Shared Losses Cap (Row [CC] in Table 3) [BASIC Track Level E] (F9),text,Shared Losses Cap (Row [CC] in Table 3); BASIC Track Level E,model_cell,MSSP Inputs by Track,F9,,Preserve supplied workbook configuration / placeholder unless explicitly overridden.
982,MSSP Inputs by Track — Shared Losses Cap (Row [CC] in Table 3) [ENHANCED Track] (G9),text,Shared Losses Cap (Row [CC] in Table 3); ENHANCED Track,model_cell,MSSP Inputs by Track,G9,,Preserve supplied workbook configuration / placeholder unless explicitly overridden.
983,MSSP Health Equity Adj — ACO Proportion of Assigned Beneficiaries enrolled in Medicare Part D LIS or Dually Eligible for Medicare and Medicaid [BY3] (B7),ratio,ACO Proportion of Assigned Beneficiaries enrolled in Medicare Part D LIS or Dually Eligible for Medicare and Medicaid; BY3,model_cell,MSSP Health Equity Adj,B7,"=IFERROR((IF(('MSSP Parameters'!C3=""Prospective""),INDEX('MSSP PROSP'!$J$3:$Q$3,1,MATCH('MSSP Historical Benchmark '!$D$5,'MSSP PROSP'!$J$1:$Q$1,0)),IF(('MSSP Historical Benchmark '!$D$5=2026),'MSSP Assumptions'!E46,INDEX('MSSP RETRO'!$I$3:$O$3,1,MATCH('MSSP Historical Benchmark '!$D$5,'MSSP RETRO'!$I$1:$O$1,0))))/'MSSP Historical Benchmark '!D8),0)",Recompute formula for each TIN; cached Excel result must not be used.
984,MSSP Health Equity Adj — ACO Proportion of Assigned Beneficiaries enrolled in Medicare Part D LIS or Dually Eligible for Medicare and Medicaid [Health equity adjustment] (C7),ratio,ACO Proportion of Assigned Beneficiaries enrolled in Medicare Part D LIS or Dually Eligible for Medicare and Medicaid; Health equity adjustment,model_cell,MSSP Health Equity Adj,C7,,Preserve supplied workbook configuration / placeholder unless explicitly overridden.
985,MSSP Health Equity Adj — ACO Eligible for Health Equity Benchmark Adjustment? [BY3] (B8),text,ACO Eligible for Health Equity Benchmark Adjustment?; BY3,model_cell,MSSP Health Equity Adj,B8,,Preserve supplied workbook configuration / placeholder unless explicitly overridden.
986,MSSP Health Equity Adj — ACO Eligible for Health Equity Benchmark Adjustment? [Health equity adjustment] (C8),text,ACO Eligible for Health Equity Benchmark Adjustment?; Health equity adjustment,model_cell,MSSP Health Equity Adj,C8,"=IF(AND((B7>0.15),('MSSP Parameters'!C5>=2025)),""Yes"",""No"")",Recompute formula for each TIN; cached Excel result must not be used.
987,MSSP Health Equity Adj — Health Equity Benchmark Adjustment Scaler ($) [BY3] (B10),USD/person-year,Health Equity Benchmark Adjustment Scaler ($); BY3,model_cell,MSSP Health Equity Adj,B10,,Preserve supplied workbook configuration / placeholder unless explicitly overridden.
988,MSSP Health Equity Adj — Health Equity Benchmark Adjustment Scaler ($) [Health equity adjustment] (C10),USD/person-year,Health Equity Benchmark Adjustment Scaler ($); Health equity adjustment,model_cell,MSSP Health Equity Adj,C10,"=((0.05*'MSSP Trend Factor'!D6)-IF(OR(('MSSP Regional Adjustment'!C55>0),('MSSP Prior Savings Adj'!E19=""Yes"")),MAX('MSSP Regional Adjustment'!C55,'MSSP Prior Savings Adj'!E19),0))",Recompute formula for each TIN; cached Excel result must not be used.
989,MSSP Health Equity Adj — Health Equity Benchmark Adjustment ($) [BY3] (B11),USD/person-year,Health Equity Benchmark Adjustment ($); BY3,model_cell,MSSP Health Equity Adj,B11,,Preserve supplied workbook configuration / placeholder unless explicitly overridden.
990,MSSP Health Equity Adj — Health Equity Benchmark Adjustment ($) [Health equity adjustment] (C11),USD/person-year,Health Equity Benchmark Adjustment ($); Health equity adjustment,model_cell,MSSP Health Equity Adj,C11,"=IF((C8=""Yes""),(C10*B7),""-"")",Recompute formula for each TIN; cached Excel result must not be used.
991,MSSP Regional Adjustment — ACO Risk-Adjusted Regional Average Expenditure Amount ($) — ESRD [BY3 regional adjustment] (B8),USD/person-year,ACO Risk-Adjusted Regional Average Expenditure Amount ($) — ESRD; BY3 regional adjustment,model_cell,MSSP Regional Adjustment,B8,,Preserve supplied workbook configuration / placeholder unless explicitly overridden.
992,MSSP Regional Adjustment — ACO Risk-Adjusted Regional Average Expenditure Amount ($) — ESRD [BY3 regional adjustment] (C8),USD/person-year,ACO Risk-Adjusted Regional Average Expenditure Amount ($) — ESRD; BY3 regional adjustment,model_cell,MSSP Regional Adjustment,C8,=('MSSP Historical Benchmark '!D21*'MSSP Trend Factor'!D17),Recompute formula for each TIN; cached Excel result must not be used.
993,MSSP Regional Adjustment — ACO Risk-Adjusted Regional Average Expenditure Amount ($) — Disabled [BY3 regional adjustment] (B9),USD/person-year,ACO Risk-Adjusted Regional Average Expenditure Amount ($) — Disabled; BY3 regional adjustment,model_cell,MSSP Regional Adjustment,B9,,Preserve supplied workbook configuration / placeholder unless explicitly overridden.
994,MSSP Regional Adjustment — ACO Risk-Adjusted Regional Average Expenditure Amount ($) — Disabled [BY3 regional adjustment] (C9),USD/person-year,ACO Risk-Adjusted Regional Average Expenditure Amount ($) — Disabled; BY3 regional adjustment,model_cell,MSSP Regional Adjustment,C9,=('MSSP Historical Benchmark '!D22*'MSSP Trend Factor'!D18),Recompute formula for each TIN; cached Excel result must not be used.
995,MSSP Regional Adjustment — ACO Risk-Adjusted Regional Average Expenditure Amount ($) — Aged/dual [BY3 regional adjustment] (B10),USD/person-year,ACO Risk-Adjusted Regional Average Expenditure Amount ($) — Aged/dual; BY3 regional adjustment,model_cell,MSSP Regional Adjustment,B10,,Preserve supplied workbook configuration / placeholder unless explicitly overridden.
996,MSSP Regional Adjustment — ACO Risk-Adjusted Regional Average Expenditure Amount ($) — Aged/dual [BY3 regional adjustment] (C10),USD/person-year,ACO Risk-Adjusted Regional Average Expenditure Amount ($) — Aged/dual; BY3 regional adjustment,model_cell,MSSP Regional Adjustment,C10,=('MSSP Historical Benchmark '!D23*'MSSP Trend Factor'!D19),Recompute formula for each TIN; cached Excel result must not be used.
997,MSSP Regional Adjustment — ACO Risk-Adjusted Regional Average Expenditure Amount ($) — Aged/non-dual [BY3 regional adjustment] (B11),USD/person-year,ACO Risk-Adjusted Regional Average Expenditure Amount ($) — Aged/non-dual; BY3 regional adjustment,model_cell,MSSP Regional Adjustment,B11,,Preserve supplied workbook configuration / placeholder unless explicitly overridden.
998,MSSP Regional Adjustment — ACO Risk-Adjusted Regional Average Expenditure Amount ($) — Aged/non-dual [BY3 regional adjustment] (C11),USD/person-year,ACO Risk-Adjusted Regional Average Expenditure Amount ($) — Aged/non-dual; BY3 regional adjustment,model_cell,MSSP Regional Adjustment,C11,=('MSSP Historical Benchmark '!D24*'MSSP Trend Factor'!D20),Recompute formula for each TIN; cached Excel result must not be used.
999,MSSP Regional Adjustment — Difference Between ACO Risk-Adjusted Regional Average Expenditure Amount and Historical Benchmark Expenditures ($) — ESRD [BY3 regional adjustment] (B13),USD/person-year,Difference Between ACO Risk-Adjusted Regional Average Expenditure Amount and Historical Benchmark Expenditures ($) — ESRD; BY3 regional adjustment,model_cell,MSSP Regional Adjustment,B13,,Preserve supplied workbook configuration / placeholder unless explicitly overridden.
1000,MSSP Regional Adjustment — Difference Between ACO Risk-Adjusted Regional Average Expenditure Amount and Historical Benchmark Expenditures ($) — ESRD [BY3 regional adjustment] (C13),USD/person-year,Difference Between ACO Risk-Adjusted Regional Average Expenditure Amount and Historical Benchmark Expenditures ($) — ESRD; BY3 regional adjustment,model_cell,MSSP Regional Adjustment,C13,=(C8-'MSSP Historical Benchmark '!E41),Recompute formula for each TIN; cached Excel result must not be used.
1001,MSSP Regional Adjustment — Difference Between ACO Risk-Adjusted Regional Average Expenditure Amount and Historical Benchmark Expenditures ($) — Disabled [BY3 regional adjustment] (B14),USD/person-year,Difference Between ACO Risk-Adjusted Regional Average Expenditure Amount and Historical Benchmark Expenditures ($) — Disabled; BY3 regional adjustment,model_cell,MSSP Regional Adjustment,B14,,Preserve supplied workbook configuration / placeholder unless explicitly overridden.
1002,MSSP Regional Adjustment — Difference Between ACO Risk-Adjusted Regional Average Expenditure Amount and Historical Benchmark Expenditures ($) — Disabled [BY3 regional adjustment] (C14),USD/person-year,Difference Between ACO Risk-Adjusted Regional Average Expenditure Amount and Historical Benchmark Expenditures ($) — Disabled; BY3 regional adjustment,model_cell,MSSP Regional Adjustment,C14,=(C9-'MSSP Historical Benchmark '!E42),Recompute formula for each TIN; cached Excel result must not be used.
1003,MSSP Regional Adjustment — Difference Between ACO Risk-Adjusted Regional Average Expenditure Amount and Historical Benchmark Expenditures ($) — Aged/dual [BY3 regional adjustment] (B15),USD/person-year,Difference Between ACO Risk-Adjusted Regional Average Expenditure Amount and Historical Benchmark Expenditures ($) — Aged/dual; BY3 regional adjustment,model_cell,MSSP Regional Adjustment,B15,,Preserve supplied workbook configuration / placeholder unless explicitly overridden.
1004,MSSP Regional Adjustment — Difference Between ACO Risk-Adjusted Regional Average Expenditure Amount and Historical Benchmark Expenditures ($) — Aged/dual [BY3 regional adjustment] (C15),USD/person-year,Difference Between ACO Risk-Adjusted Regional Average Expenditure Amount and Historical Benchmark Expenditures ($) — Aged/dual; BY3 regional adjustment,model_cell,MSSP Regional Adjustment,C15,=(C10-'MSSP Historical Benchmark '!E43),Recompute formula for each TIN; cached Excel result must not be used.
1005,MSSP Regional Adjustment — Difference Between ACO Risk-Adjusted Regional Average Expenditure Amount and Historical Benchmark Expenditures ($) — Aged/non-dual [BY3 regional adjustment] (B16),USD/person-year,Difference Between ACO Risk-Adjusted Regional Average Expenditure Amount and Historical Benchmark Expenditures ($) — Aged/non-dual; BY3 regional adjustment,model_cell,MSSP Regional Adjustment,B16,,Preserve supplied workbook configuration / placeholder unless explicitly overridden.
1006,MSSP Regional Adjustment — Difference Between ACO Risk-Adjusted Regional Average Expenditure Amount and Historical Benchmark Expenditures ($) — Aged/non-dual [BY3 regional adjustment] (C16),USD/person-year,Difference Between ACO Risk-Adjusted Regional Average Expenditure Amount and Historical Benchmark Expenditures ($) — Aged/non-dual; BY3 regional adjustment,model_cell,MSSP Regional Adjustment,C16,=(C11-'MSSP Historical Benchmark '!E44),Recompute formula for each TIN; cached Excel result must not be used.
1007,MSSP Regional Adjustment — Weighted Average Difference Between ACO Risk-Adjusted Regional Average Expenditure Amount and Historical Benchmark Expenditures ($) [BY3 regional adjustment] (B17),USD/person-year,Weighted Average Difference Between ACO Risk-Adjusted Regional Average Expenditure Amount and Historical Benchmark Expenditures ($); BY3 regional adjustment,model_cell,MSSP Regional Adjustment,B17,,Preserve supplied workbook configuration / placeholder unless explicitly overridden.
1008,MSSP Regional Adjustment — Weighted Average Difference Between ACO Risk-Adjusted Regional Average Expenditure Amount and Historical Benchmark Expenditures ($) [BY3 regional adjustment] (C17),USD/person-year,Weighted Average Difference Between ACO Risk-Adjusted Regional Average Expenditure Amount and Historical Benchmark Expenditures ($); BY3 regional adjustment,model_cell,MSSP Regional Adjustment,C17,"=SUMPRODUCT(C13:C16,'MSSP Historical Benchmark '!D46:D49)",Recompute formula for each TIN; cached Excel result must not be used.
1009,MSSP Regional Adjustment — Regional Adjustment Weight [BY3 regional adjustment] (B18),ratio,Regional Adjustment Weight; BY3 regional adjustment,model_cell,MSSP Regional Adjustment,B18,,Preserve supplied workbook configuration / placeholder unless explicitly overridden.
1010,MSSP Regional Adjustment — Regional Adjustment Weight [BY3 regional adjustment] (C18),ratio,Regional Adjustment Weight; BY3 regional adjustment,model_cell,MSSP Regional Adjustment,C18,"=IF((C17<0),'MSSP Assumptions'!C22,'MSSP Assumptions'!B22)",Recompute formula for each TIN; cached Excel result must not be used.
1011,MSSP Regional Adjustment — Regional Adjustment Before Applying Cap or Offset Factor ($) — ESRD [BY3 regional adjustment] (B20),USD/person-year,Regional Adjustment Before Applying Cap or Offset Factor ($) — ESRD; BY3 regional adjustment,model_cell,MSSP Regional Adjustment,B20,,Preserve supplied workbook configuration / placeholder unless explicitly overridden.
1012,MSSP Regional Adjustment — Regional Adjustment Before Applying Cap or Offset Factor ($) — ESRD [BY3 regional adjustment] (C20),USD/person-year,Regional Adjustment Before Applying Cap or Offset Factor ($) — ESRD; BY3 regional adjustment,model_cell,MSSP Regional Adjustment,C20,=(C13*$C$18),Recompute formula for each TIN; cached Excel result must not be used.
1013,MSSP Regional Adjustment — Regional Adjustment Before Applying Cap or Offset Factor ($) — Disabled [BY3 regional adjustment] (B21),USD/person-year,Regional Adjustment Before Applying Cap or Offset Factor ($) — Disabled; BY3 regional adjustment,model_cell,MSSP Regional Adjustment,B21,,Preserve supplied workbook configuration / placeholder unless explicitly overridden.
1014,MSSP Regional Adjustment — Regional Adjustment Before Applying Cap or Offset Factor ($) — Disabled [BY3 regional adjustment] (C21),USD/person-year,Regional Adjustment Before Applying Cap or Offset Factor ($) — Disabled; BY3 regional adjustment,model_cell,MSSP Regional Adjustment,C21,=(C14*$C$18),Recompute formula for each TIN; cached Excel result must not be used.
1015,MSSP Regional Adjustment — Regional Adjustment Before Applying Cap or Offset Factor ($) — Aged/dual [BY3 regional adjustment] (B22),USD/person-year,Regional Adjustment Before Applying Cap or Offset Factor ($) — Aged/dual; BY3 regional adjustment,model_cell,MSSP Regional Adjustment,B22,,Preserve supplied workbook configuration / placeholder unless explicitly overridden.
1016,MSSP Regional Adjustment — Regional Adjustment Before Applying Cap or Offset Factor ($) — Aged/dual [BY3 regional adjustment] (C22),USD/person-year,Regional Adjustment Before Applying Cap or Offset Factor ($) — Aged/dual; BY3 regional adjustment,model_cell,MSSP Regional Adjustment,C22,=(C15*$C$18),Recompute formula for each TIN; cached Excel result must not be used.
1017,MSSP Regional Adjustment — Regional Adjustment Before Applying Cap or Offset Factor ($) — Aged/non-dual [BY3 regional adjustment] (B23),USD/person-year,Regional Adjustment Before Applying Cap or Offset Factor ($) — Aged/non-dual; BY3 regional adjustment,model_cell,MSSP Regional Adjustment,B23,,Preserve supplied workbook configuration / placeholder unless explicitly overridden.
1018,MSSP Regional Adjustment — Regional Adjustment Before Applying Cap or Offset Factor ($) — Aged/non-dual [BY3 regional adjustment] (C23),USD/person-year,Regional Adjustment Before Applying Cap or Offset Factor ($) — Aged/non-dual; BY3 regional adjustment,model_cell,MSSP Regional Adjustment,C23,=(C16*$C$18),Recompute formula for each TIN; cached Excel result must not be used.
1019,MSSP Regional Adjustment — Positive Regional Adjustment Cap ($) — ESRD [BY3 regional adjustment] (B26),USD/person-year,Positive Regional Adjustment Cap ($) — ESRD; BY3 regional adjustment,model_cell,MSSP Regional Adjustment,B26,,Preserve supplied workbook configuration / placeholder unless explicitly overridden.
1020,MSSP Regional Adjustment — Positive Regional Adjustment Cap ($) — ESRD [BY3 regional adjustment] (C26),USD/person-year,Positive Regional Adjustment Cap ($) — ESRD; BY3 regional adjustment,model_cell,MSSP Regional Adjustment,C26,=('MSSP Trend Factor'!D7*0.05),Recompute formula for each TIN; cached Excel result must not be used.
1021,MSSP Regional Adjustment — Positive Regional Adjustment Cap ($) — Disabled [BY3 regional adjustment] (B27),USD/person-year,Positive Regional Adjustment Cap ($) — Disabled; BY3 regional adjustment,model_cell,MSSP Regional Adjustment,B27,,Preserve supplied workbook configuration / placeholder unless explicitly overridden.
1022,MSSP Regional Adjustment — Positive Regional Adjustment Cap ($) — Disabled [BY3 regional adjustment] (C27),USD/person-year,Positive Regional Adjustment Cap ($) — Disabled; BY3 regional adjustment,model_cell,MSSP Regional Adjustment,C27,=('MSSP Trend Factor'!D8*0.05),Recompute formula for each TIN; cached Excel result must not be used.
1023,MSSP Regional Adjustment — Positive Regional Adjustment Cap ($) — Aged/dual [BY3 regional adjustment] (B28),USD/person-year,Positive Regional Adjustment Cap ($) — Aged/dual; BY3 regional adjustment,model_cell,MSSP Regional Adjustment,B28,,Preserve supplied workbook configuration / placeholder unless explicitly overridden.
1024,MSSP Regional Adjustment — Positive Regional Adjustment Cap ($) — Aged/dual [BY3 regional adjustment] (C28),USD/person-year,Positive Regional Adjustment Cap ($) — Aged/dual; BY3 regional adjustment,model_cell,MSSP Regional Adjustment,C28,=('MSSP Trend Factor'!D9*0.05),Recompute formula for each TIN; cached Excel result must not be used.
1025,MSSP Regional Adjustment — Positive Regional Adjustment Cap ($) — Aged/non-dual [BY3 regional adjustment] (B29),USD/person-year,Positive Regional Adjustment Cap ($) — Aged/non-dual; BY3 regional adjustment,model_cell,MSSP Regional Adjustment,B29,,Preserve supplied workbook configuration / placeholder unless explicitly overridden.
1026,MSSP Regional Adjustment — Positive Regional Adjustment Cap ($) — Aged/non-dual [BY3 regional adjustment] (C29),USD/person-year,Positive Regional Adjustment Cap ($) — Aged/non-dual; BY3 regional adjustment,model_cell,MSSP Regional Adjustment,C29,=('MSSP Trend Factor'!D10*0.05),Recompute formula for each TIN; cached Excel result must not be used.
1027,MSSP Regional Adjustment — Negative Regional Adjustment Cap ($) — ESRD [BY3 regional adjustment] (B31),USD/person-year,Negative Regional Adjustment Cap ($) — ESRD; BY3 regional adjustment,model_cell,MSSP Regional Adjustment,B31,,Preserve supplied workbook configuration / placeholder unless explicitly overridden.
1028,MSSP Regional Adjustment — Negative Regional Adjustment Cap ($) — ESRD [BY3 regional adjustment] (C31),USD/person-year,Negative Regional Adjustment Cap ($) — ESRD; BY3 regional adjustment,model_cell,MSSP Regional Adjustment,C31,=(-'MSSP Trend Factor'!D7*0.015),Recompute formula for each TIN; cached Excel result must not be used.
1029,MSSP Regional Adjustment — Negative Regional Adjustment Cap ($) — Disabled [BY3 regional adjustment] (B32),USD/person-year,Negative Regional Adjustment Cap ($) — Disabled; BY3 regional adjustment,model_cell,MSSP Regional Adjustment,B32,,Preserve supplied workbook configuration / placeholder unless explicitly overridden.
1030,MSSP Regional Adjustment — Negative Regional Adjustment Cap ($) — Disabled [BY3 regional adjustment] (C32),USD/person-year,Negative Regional Adjustment Cap ($) — Disabled; BY3 regional adjustment,model_cell,MSSP Regional Adjustment,C32,=(-'MSSP Trend Factor'!D8*0.015),Recompute formula for each TIN; cached Excel result must not be used.
1031,MSSP Regional Adjustment — Negative Regional Adjustment Cap ($) — Aged/dual [BY3 regional adjustment] (B33),USD/person-year,Negative Regional Adjustment Cap ($) — Aged/dual; BY3 regional adjustment,model_cell,MSSP Regional Adjustment,B33,,Preserve supplied workbook configuration / placeholder unless explicitly overridden.
1032,MSSP Regional Adjustment — Negative Regional Adjustment Cap ($) — Aged/dual [BY3 regional adjustment] (C33),USD/person-year,Negative Regional Adjustment Cap ($) — Aged/dual; BY3 regional adjustment,model_cell,MSSP Regional Adjustment,C33,=(-'MSSP Trend Factor'!D9*0.015),Recompute formula for each TIN; cached Excel result must not be used.
1033,MSSP Regional Adjustment — Negative Regional Adjustment Cap ($) — Aged/non-dual [BY3 regional adjustment] (B34),USD/person-year,Negative Regional Adjustment Cap ($) — Aged/non-dual; BY3 regional adjustment,model_cell,MSSP Regional Adjustment,B34,,Preserve supplied workbook configuration / placeholder unless explicitly overridden.
1034,MSSP Regional Adjustment — Negative Regional Adjustment Cap ($) — Aged/non-dual [BY3 regional adjustment] (C34),USD/person-year,Negative Regional Adjustment Cap ($) — Aged/non-dual; BY3 regional adjustment,model_cell,MSSP Regional Adjustment,C34,=(-'MSSP Trend Factor'!D10*0.015),Recompute formula for each TIN; cached Excel result must not be used.
1035,MSSP Regional Adjustment — Regional Adjustment After Applying Cap ($) — ESRD [BY3 regional adjustment] (B36),USD/person-year,Regional Adjustment After Applying Cap ($) — ESRD; BY3 regional adjustment,model_cell,MSSP Regional Adjustment,B36,,Preserve supplied workbook configuration / placeholder unless explicitly overridden.
1036,MSSP Regional Adjustment — Regional Adjustment After Applying Cap ($) — ESRD [BY3 regional adjustment] (C36),USD/person-year,Regional Adjustment After Applying Cap ($) — ESRD; BY3 regional adjustment,model_cell,MSSP Regional Adjustment,C36,"=IF((C20>C26),C26,IF((C20<C31),C31,C20))",Recompute formula for each TIN; cached Excel result must not be used.
1037,MSSP Regional Adjustment — Regional Adjustment After Applying Cap ($) — Disabled [BY3 regional adjustment] (B37),USD/person-year,Regional Adjustment After Applying Cap ($) — Disabled; BY3 regional adjustment,model_cell,MSSP Regional Adjustment,B37,,Preserve supplied workbook configuration / placeholder unless explicitly overridden.
1038,MSSP Regional Adjustment — Regional Adjustment After Applying Cap ($) — Disabled [BY3 regional adjustment] (C37),USD/person-year,Regional Adjustment After Applying Cap ($) — Disabled; BY3 regional adjustment,model_cell,MSSP Regional Adjustment,C37,"=IF((C21>C27),C27,IF((C21<C32),C32,C21))",Recompute formula for each TIN; cached Excel result must not be used.
1039,MSSP Regional Adjustment — Regional Adjustment After Applying Cap ($) — Aged/dual [BY3 regional adjustment] (B38),USD/person-year,Regional Adjustment After Applying Cap ($) — Aged/dual; BY3 regional adjustment,model_cell,MSSP Regional Adjustment,B38,,Preserve supplied workbook configuration / placeholder unless explicitly overridden.
1040,MSSP Regional Adjustment — Regional Adjustment After Applying Cap ($) — Aged/dual [BY3 regional adjustment] (C38),USD/person-year,Regional Adjustment After Applying Cap ($) — Aged/dual; BY3 regional adjustment,model_cell,MSSP Regional Adjustment,C38,"=IF((C22>C28),C28,IF((C22<C33),C33,C22))",Recompute formula for each TIN; cached Excel result must not be used.
1041,MSSP Regional Adjustment — Regional Adjustment After Applying Cap ($) — Aged/non-dual [BY3 regional adjustment] (B39),USD/person-year,Regional Adjustment After Applying Cap ($) — Aged/non-dual; BY3 regional adjustment,model_cell,MSSP Regional Adjustment,B39,,Preserve supplied workbook configuration / placeholder unless explicitly overridden.
1042,MSSP Regional Adjustment — Regional Adjustment After Applying Cap ($) — Aged/non-dual [BY3 regional adjustment] (C39),USD/person-year,Regional Adjustment After Applying Cap ($) — Aged/non-dual; BY3 regional adjustment,model_cell,MSSP Regional Adjustment,C39,"=IF((C23>C29),C29,IF((C23<C34),C34,C23))",Recompute formula for each TIN; cached Excel result must not be used.
1043,MSSP Regional Adjustment — Dollar Weights Used to Calculate Regional Adjustment Offset Factor — ESRD [BY3 regional adjustment] (B42),ratio,Dollar Weights Used to Calculate Regional Adjustment Offset Factor — ESRD; BY3 regional adjustment,model_cell,MSSP Regional Adjustment,B42,,Preserve supplied workbook configuration / placeholder unless explicitly overridden.
1044,MSSP Regional Adjustment — Dollar Weights Used to Calculate Regional Adjustment Offset Factor — ESRD [BY3 regional adjustment] (C42),ratio,Dollar Weights Used to Calculate Regional Adjustment Offset Factor — ESRD; BY3 regional adjustment,model_cell,MSSP Regional Adjustment,C42,"=IFERROR((('MSSP Historical Benchmark '!D36*'MSSP Historical Benchmark '!D10)/SUMPRODUCT('MSSP Historical Benchmark '!$D$10:$D$13,'MSSP Historical Benchmark '!$D$36:$D$39)),0)",Recompute formula for each TIN; cached Excel result must not be used.
1045,MSSP Regional Adjustment — Dollar Weights Used to Calculate Regional Adjustment Offset Factor — Disabled [BY3 regional adjustment] (B43),ratio,Dollar Weights Used to Calculate Regional Adjustment Offset Factor — Disabled; BY3 regional adjustment,model_cell,MSSP Regional Adjustment,B43,,Preserve supplied workbook configuration / placeholder unless explicitly overridden.
1046,MSSP Regional Adjustment — Dollar Weights Used to Calculate Regional Adjustment Offset Factor — Disabled [BY3 regional adjustment] (C43),ratio,Dollar Weights Used to Calculate Regional Adjustment Offset Factor — Disabled; BY3 regional adjustment,model_cell,MSSP Regional Adjustment,C43,"=IFERROR((('MSSP Historical Benchmark '!D37*'MSSP Historical Benchmark '!D11)/SUMPRODUCT('MSSP Historical Benchmark '!$D$10:$D$13,'MSSP Historical Benchmark '!$D$36:$D$39)),0)",Recompute formula for each TIN; cached Excel result must not be used.
1047,MSSP Regional Adjustment — Dollar Weights Used to Calculate Regional Adjustment Offset Factor — Aged/dual [BY3 regional adjustment] (B44),ratio,Dollar Weights Used to Calculate Regional Adjustment Offset Factor — Aged/dual; BY3 regional adjustment,model_cell,MSSP Regional Adjustment,B44,,Preserve supplied workbook configuration / placeholder unless explicitly overridden.
1048,MSSP Regional Adjustment — Dollar Weights Used to Calculate Regional Adjustment Offset Factor — Aged/dual [BY3 regional adjustment] (C44),ratio,Dollar Weights Used to Calculate Regional Adjustment Offset Factor — Aged/dual; BY3 regional adjustment,model_cell,MSSP Regional Adjustment,C44,"=IFERROR((('MSSP Historical Benchmark '!D38*'MSSP Historical Benchmark '!D12)/SUMPRODUCT('MSSP Historical Benchmark '!$D$10:$D$13,'MSSP Historical Benchmark '!$D$36:$D$39)),0)",Recompute formula for each TIN; cached Excel result must not be used.
1049,MSSP Regional Adjustment — Dollar Weights Used to Calculate Regional Adjustment Offset Factor — Aged/non-dual [BY3 regional adjustment] (B45),ratio,Dollar Weights Used to Calculate Regional Adjustment Offset Factor — Aged/non-dual; BY3 regional adjustment,model_cell,MSSP Regional Adjustment,B45,,Preserve supplied workbook configuration / placeholder unless explicitly overridden.
1050,MSSP Regional Adjustment — Dollar Weights Used to Calculate Regional Adjustment Offset Factor — Aged/non-dual [BY3 regional adjustment] (C45),ratio,Dollar Weights Used to Calculate Regional Adjustment Offset Factor — Aged/non-dual; BY3 regional adjustment,model_cell,MSSP Regional Adjustment,C45,"=IFERROR((('MSSP Historical Benchmark '!D39*'MSSP Historical Benchmark '!D13)/SUMPRODUCT('MSSP Historical Benchmark '!$D$10:$D$13,'MSSP Historical Benchmark '!$D$36:$D$39)),0)",Recompute formula for each TIN; cached Excel result must not be used.
1051,MSSP Regional Adjustment — Dollar Weighted Average CMS-HCC Risk Score [BY3 regional adjustment] (B46),risk score,Dollar Weighted Average CMS-HCC Risk Score; BY3 regional adjustment,model_cell,MSSP Regional Adjustment,B46,,Preserve supplied workbook configuration / placeholder unless explicitly overridden.
1052,MSSP Regional Adjustment — Dollar Weighted Average CMS-HCC Risk Score [BY3 regional adjustment] (C46),risk score,Dollar Weighted Average CMS-HCC Risk Score; BY3 regional adjustment,model_cell,MSSP Regional Adjustment,C46,"=SUMPRODUCT(C42:C45,'MSSP Historical Benchmark '!D21:D24)",Recompute formula for each TIN; cached Excel result must not be used.
1053,MSSP Regional Adjustment — Dual Eligible Person Years Across Enrollment Types [BY3 regional adjustment] (B47),person-years,Dual Eligible Person Years Across Enrollment Types; BY3 regional adjustment,model_cell,MSSP Regional Adjustment,B47,"=IFERROR(IF(('MSSP Parameters'!C3=""Prospective""),INDEX('MSSP PROSP'!$J$3:$Q$3,1,MATCH('MSSP Historical Benchmark '!$D$5,'MSSP PROSP'!$J$1:$Q$1,0)),IF(('MSSP Historical Benchmark '!$D$5=2026),'MSSP Assumptions'!E46,INDEX('MSSP RETRO'!$J$3:$Q$3,1,MATCH('MSSP Historical Benchmark '!$D$5,'MSSP RETRO'!$J$1:$Q$1,0)))),0)",Recompute formula for each TIN; cached Excel result must not be used.
1054,MSSP Regional Adjustment — Dual Eligible Person Years Across Enrollment Types [BY3 regional adjustment] (C47),person-years,Dual Eligible Person Years Across Enrollment Types; BY3 regional adjustment,model_cell,MSSP Regional Adjustment,C47,,Preserve supplied workbook configuration / placeholder unless explicitly overridden.
1055,MSSP Regional Adjustment — Regional Adjustment Offset Factor [BY3 regional adjustment] (B48),ratio,Regional Adjustment Offset Factor; BY3 regional adjustment,model_cell,MSSP Regional Adjustment,B48,,Preserve supplied workbook configuration / placeholder unless explicitly overridden.
1056,MSSP Regional Adjustment — Regional Adjustment Offset Factor [BY3 regional adjustment] (C48),ratio,Regional Adjustment Offset Factor; BY3 regional adjustment,model_cell,MSSP Regional Adjustment,C48,"=((IFERROR(((B47/'MSSP Historical Benchmark '!D9)),0)+C46)-1)",Recompute formula for each TIN; cached Excel result must not be used.
1057,MSSP Regional Adjustment — Regional Adjustment After Applying Cap and Offset Factor ($) — ESRD [BY3 regional adjustment] (B51),USD/person-year,Regional Adjustment After Applying Cap and Offset Factor ($) — ESRD; BY3 regional adjustment,model_cell,MSSP Regional Adjustment,B51,,Preserve supplied workbook configuration / placeholder unless explicitly overridden.
1058,MSSP Regional Adjustment — Regional Adjustment After Applying Cap and Offset Factor ($) — ESRD [BY3 regional adjustment] (C51),USD/person-year,Regional Adjustment After Applying Cap and Offset Factor ($) — ESRD; BY3 regional adjustment,model_cell,MSSP Regional Adjustment,C51,"=IF((C36<0),(C36*((1-$C$48))),C36)",Recompute formula for each TIN; cached Excel result must not be used.
1059,MSSP Regional Adjustment — Regional Adjustment After Applying Cap and Offset Factor ($) — Disabled [BY3 regional adjustment] (B52),USD/person-year,Regional Adjustment After Applying Cap and Offset Factor ($) — Disabled; BY3 regional adjustment,model_cell,MSSP Regional Adjustment,B52,,Preserve supplied workbook configuration / placeholder unless explicitly overridden.
1060,MSSP Regional Adjustment — Regional Adjustment After Applying Cap and Offset Factor ($) — Disabled [BY3 regional adjustment] (C52),USD/person-year,Regional Adjustment After Applying Cap and Offset Factor ($) — Disabled; BY3 regional adjustment,model_cell,MSSP Regional Adjustment,C52,"=IF((C37<0),(C37*((1-$C$48))),C37)",Recompute formula for each TIN; cached Excel result must not be used.
1061,MSSP Regional Adjustment — Regional Adjustment After Applying Cap and Offset Factor ($) — Aged/dual [BY3 regional adjustment] (B53),USD/person-year,Regional Adjustment After Applying Cap and Offset Factor ($) — Aged/dual; BY3 regional adjustment,model_cell,MSSP Regional Adjustment,B53,,Preserve supplied workbook configuration / placeholder unless explicitly overridden.
1062,MSSP Regional Adjustment — Regional Adjustment After Applying Cap and Offset Factor ($) — Aged/dual [BY3 regional adjustment] (C53),USD/person-year,Regional Adjustment After Applying Cap and Offset Factor ($) — Aged/dual; BY3 regional adjustment,model_cell,MSSP Regional Adjustment,C53,"=IF((C38<0),(C38*((1-$C$48))),C38)",Recompute formula for each TIN; cached Excel result must not be used.
1063,MSSP Regional Adjustment — Regional Adjustment After Applying Cap and Offset Factor ($) — Aged/non-dual [BY3 regional adjustment] (B54),USD/person-year,Regional Adjustment After Applying Cap and Offset Factor ($) — Aged/non-dual; BY3 regional adjustment,model_cell,MSSP Regional Adjustment,B54,,Preserve supplied workbook configuration / placeholder unless explicitly overridden.
1064,MSSP Regional Adjustment — Regional Adjustment After Applying Cap and Offset Factor ($) — Aged/non-dual [BY3 regional adjustment] (C54),USD/person-year,Regional Adjustment After Applying Cap and Offset Factor ($) — Aged/non-dual; BY3 regional adjustment,model_cell,MSSP Regional Adjustment,C54,"=IF((C39<0),(C39*((1-$C$48))),C39)",Recompute formula for each TIN; cached Excel result must not be used.
1065,MSSP Regional Adjustment — Regional Adjustment Expressed as a Single Value ($) [BY3 regional adjustment] (B55),USD/person-year,Regional Adjustment Expressed as a Single Value ($); BY3 regional adjustment,model_cell,MSSP Regional Adjustment,B55,,Preserve supplied workbook configuration / placeholder unless explicitly overridden.
1066,MSSP Regional Adjustment — Regional Adjustment Expressed as a Single Value ($) [BY3 regional adjustment] (C55),USD/person-year,Regional Adjustment Expressed as a Single Value ($); BY3 regional adjustment,model_cell,MSSP Regional Adjustment,C55,"=IFERROR((SUMPRODUCT(C51:C54,'MSSP Historical Benchmark '!D10:D13)/'MSSP Historical Benchmark '!D9),0)",Recompute formula for each TIN; cached Excel result must not be used.
1067,MSSP Prior Savings Adj — Total Savings or Losses ($) [PY Corresponding to BY1] (B7),USD,Total Savings or Losses ($); PY Corresponding to BY1,model_cell,MSSP Prior Savings Adj,B7,,Preserve supplied workbook configuration / placeholder unless explicitly overridden.
1068,MSSP Prior Savings Adj — Total Savings or Losses ($) [PY Corresponding to BY2] (C7),USD,Total Savings or Losses ($); PY Corresponding to BY2,model_cell,MSSP Prior Savings Adj,C7,,Preserve supplied workbook configuration / placeholder unless explicitly overridden.
1069,MSSP Prior Savings Adj — Total Savings or Losses ($) [PY Corresponding to BY3] (D7),USD,Total Savings or Losses ($); PY Corresponding to BY3,model_cell,MSSP Prior Savings Adj,D7,,Preserve supplied workbook configuration / placeholder unless explicitly overridden.
1070,MSSP Prior Savings Adj — Total Savings or Losses ($) [Prior Savings Adjustment] (E7),USD,Total Savings or Losses ($); Prior Savings Adjustment,model_cell,MSSP Prior Savings Adj,E7,,Preserve supplied workbook configuration / placeholder unless explicitly overridden.
1071,MSSP Prior Savings Adj — Financial Reconciliation Person Years [PY Corresponding to BY1] (B8),person-years,Financial Reconciliation Person Years; PY Corresponding to BY1,model_cell,MSSP Prior Savings Adj,B8,,Preserve supplied workbook configuration / placeholder unless explicitly overridden.
1072,MSSP Prior Savings Adj — Financial Reconciliation Person Years [PY Corresponding to BY2] (C8),person-years,Financial Reconciliation Person Years; PY Corresponding to BY2,model_cell,MSSP Prior Savings Adj,C8,,Preserve supplied workbook configuration / placeholder unless explicitly overridden.
1073,MSSP Prior Savings Adj — Financial Reconciliation Person Years [PY Corresponding to BY3] (D8),person-years,Financial Reconciliation Person Years; PY Corresponding to BY3,model_cell,MSSP Prior Savings Adj,D8,,Preserve supplied workbook configuration / placeholder unless explicitly overridden.
1074,MSSP Prior Savings Adj — Financial Reconciliation Person Years [Prior Savings Adjustment] (E8),person-years,Financial Reconciliation Person Years; Prior Savings Adjustment,model_cell,MSSP Prior Savings Adj,E8,,Preserve supplied workbook configuration / placeholder unless explicitly overridden.
1075,MSSP Prior Savings Adj — Per Capita Prior Savings [PY Corresponding to BY1] (B9),USD/person-year,Per Capita Prior Savings; PY Corresponding to BY1,model_cell,MSSP Prior Savings Adj,B9,"=IFERROR((B7/B8),""-"")",Recompute formula for each TIN; cached Excel result must not be used.
1076,MSSP Prior Savings Adj — Per Capita Prior Savings [PY Corresponding to BY2] (C9),USD/person-year,Per Capita Prior Savings; PY Corresponding to BY2,model_cell,MSSP Prior Savings Adj,C9,"=IFERROR((C7/C8),""-"")",Recompute formula for each TIN; cached Excel result must not be used.
1077,MSSP Prior Savings Adj — Per Capita Prior Savings [PY Corresponding to BY3] (D9),USD/person-year,Per Capita Prior Savings; PY Corresponding to BY3,model_cell,MSSP Prior Savings Adj,D9,"=IFERROR((D7/D8),""-"")",Recompute formula for each TIN; cached Excel result must not be used.
1078,MSSP Prior Savings Adj — Per Capita Prior Savings [Prior Savings Adjustment] (E9),USD/person-year,Per Capita Prior Savings; Prior Savings Adjustment,model_cell,MSSP Prior Savings Adj,E9,"=IFERROR(AVERAGE(B9:D9),0)",Recompute formula for each TIN; cached Excel result must not be used.
1079,MSSP Prior Savings Adj — ACO Eligible for Prior Savings Adjustment? [PY Corresponding to BY1] (B10),text,ACO Eligible for Prior Savings Adjustment?; PY Corresponding to BY1,model_cell,MSSP Prior Savings Adj,B10,,Preserve supplied workbook configuration / placeholder unless explicitly overridden.
1080,MSSP Prior Savings Adj — ACO Eligible for Prior Savings Adjustment? [PY Corresponding to BY2] (C10),text,ACO Eligible for Prior Savings Adjustment?; PY Corresponding to BY2,model_cell,MSSP Prior Savings Adj,C10,,Preserve supplied workbook configuration / placeholder unless explicitly overridden.
1081,MSSP Prior Savings Adj — ACO Eligible for Prior Savings Adjustment? [PY Corresponding to BY3] (D10),text,ACO Eligible for Prior Savings Adjustment?; PY Corresponding to BY3,model_cell,MSSP Prior Savings Adj,D10,,Preserve supplied workbook configuration / placeholder unless explicitly overridden.
1082,MSSP Prior Savings Adj — ACO Eligible for Prior Savings Adjustment? [Prior Savings Adjustment] (E10),text,ACO Eligible for Prior Savings Adjustment?; Prior Savings Adjustment,model_cell,MSSP Prior Savings Adj,E10,"=IF(AND((E9>0),('MSSP Parameters'!C5>=2024)),""Yes"",""No"")",Recompute formula for each TIN; cached Excel result must not be used.
1083,MSSP Prior Savings Adj — Numerator of Proration Factor Based on Financial Reconciliation Person Years [PY Corresponding to BY1] (B12),person-years,Numerator of Proration Factor Based on Financial Reconciliation Person Years; PY Corresponding to BY1,model_cell,MSSP Prior Savings Adj,B12,,Preserve supplied workbook configuration / placeholder unless explicitly overridden.
1084,MSSP Prior Savings Adj — Numerator of Proration Factor Based on Financial Reconciliation Person Years [PY Corresponding to BY2] (C12),person-years,Numerator of Proration Factor Based on Financial Reconciliation Person Years; PY Corresponding to BY2,model_cell,MSSP Prior Savings Adj,C12,,Preserve supplied workbook configuration / placeholder unless explicitly overridden.
1085,MSSP Prior Savings Adj — Numerator of Proration Factor Based on Financial Reconciliation Person Years [PY Corresponding to BY3] (D12),person-years,Numerator of Proration Factor Based on Financial Reconciliation Person Years; PY Corresponding to BY3,model_cell,MSSP Prior Savings Adj,D12,,Preserve supplied workbook configuration / placeholder unless explicitly overridden.
1086,MSSP Prior Savings Adj — Numerator of Proration Factor Based on Financial Reconciliation Person Years [Prior Savings Adjustment] (E12),person-years,Numerator of Proration Factor Based on Financial Reconciliation Person Years; Prior Savings Adjustment,model_cell,MSSP Prior Savings Adj,E12,"=IFERROR(IF((E10=""No""),""-"",AVERAGE(B8:C8)),0)",Recompute formula for each TIN; cached Excel result must not be used.
1087,MSSP Prior Savings Adj — Denominator of Proration Factor Based on BYs of Current Agreement Period [PY Corresponding to BY1] (B13),person-years,Denominator of Proration Factor Based on BYs of Current Agreement Period; PY Corresponding to BY1,model_cell,MSSP Prior Savings Adj,B13,,Preserve supplied workbook configuration / placeholder unless explicitly overridden.
1088,MSSP Prior Savings Adj — Denominator of Proration Factor Based on BYs of Current Agreement Period [PY Corresponding to BY2] (C13),person-years,Denominator of Proration Factor Based on BYs of Current Agreement Period; PY Corresponding to BY2,model_cell,MSSP Prior Savings Adj,C13,,Preserve supplied workbook configuration / placeholder unless explicitly overridden.
1089,MSSP Prior Savings Adj — Denominator of Proration Factor Based on BYs of Current Agreement Period [PY Corresponding to BY3] (D13),person-years,Denominator of Proration Factor Based on BYs of Current Agreement Period; PY Corresponding to BY3,model_cell,MSSP Prior Savings Adj,D13,,Preserve supplied workbook configuration / placeholder unless explicitly overridden.
1090,MSSP Prior Savings Adj — Denominator of Proration Factor Based on BYs of Current Agreement Period [Prior Savings Adjustment] (E13),person-years,Denominator of Proration Factor Based on BYs of Current Agreement Period; Prior Savings Adjustment,model_cell,MSSP Prior Savings Adj,E13,"=IF((E10=""No""),""-"",AVERAGE('MSSP Historical Benchmark '!B9:D9))",Recompute formula for each TIN; cached Excel result must not be used.
1091,MSSP Prior Savings Adj — Proration Factor [PY Corresponding to BY1] (B14),ratio,Proration Factor; PY Corresponding to BY1,model_cell,MSSP Prior Savings Adj,B14,,Preserve supplied workbook configuration / placeholder unless explicitly overridden.
1092,MSSP Prior Savings Adj — Proration Factor [PY Corresponding to BY2] (C14),ratio,Proration Factor; PY Corresponding to BY2,model_cell,MSSP Prior Savings Adj,C14,,Preserve supplied workbook configuration / placeholder unless explicitly overridden.
1093,MSSP Prior Savings Adj — Proration Factor [PY Corresponding to BY3] (D14),ratio,Proration Factor; PY Corresponding to BY3,model_cell,MSSP Prior Savings Adj,D14,,Preserve supplied workbook configuration / placeholder unless explicitly overridden.
1094,MSSP Prior Savings Adj — Proration Factor [Prior Savings Adjustment] (E14),ratio,Proration Factor; Prior Savings Adjustment,model_cell,MSSP Prior Savings Adj,E14,"=IF((E10=""No""),""-"",IF(((E12/E13)>1),1,(E12/E13)))",Recompute formula for each TIN; cached Excel result must not be used.
1095,MSSP Prior Savings Adj — Prorated Average Per Capita Prior Savings ($) [PY Corresponding to BY1] (B15),USD/person-year,Prorated Average Per Capita Prior Savings ($); PY Corresponding to BY1,model_cell,MSSP Prior Savings Adj,B15,,Preserve supplied workbook configuration / placeholder unless explicitly overridden.
1096,MSSP Prior Savings Adj — Prorated Average Per Capita Prior Savings ($) [PY Corresponding to BY2] (C15),USD/person-year,Prorated Average Per Capita Prior Savings ($); PY Corresponding to BY2,model_cell,MSSP Prior Savings Adj,C15,,Preserve supplied workbook configuration / placeholder unless explicitly overridden.
1097,MSSP Prior Savings Adj — Prorated Average Per Capita Prior Savings ($) [PY Corresponding to BY3] (D15),USD/person-year,Prorated Average Per Capita Prior Savings ($); PY Corresponding to BY3,model_cell,MSSP Prior Savings Adj,D15,,Preserve supplied workbook configuration / placeholder unless explicitly overridden.
1098,MSSP Prior Savings Adj — Prorated Average Per Capita Prior Savings ($) [Prior Savings Adjustment] (E15),USD/person-year,Prorated Average Per Capita Prior Savings ($); Prior Savings Adjustment,model_cell,MSSP Prior Savings Adj,E15,"=IFERROR(IF((E10=""No""),""-"",(E9*E14)),0)",Recompute formula for each TIN; cached Excel result must not be used.
1099,MSSP Prior Savings Adj — Prorated Average Per Capita Prior Savings with 50% Scaling Factor Applied ($) [PY Corresponding to BY1] (B17),USD/person-year,Prorated Average Per Capita Prior Savings with 50% Scaling Factor Applied ($); PY Corresponding to BY1,model_cell,MSSP Prior Savings Adj,B17,,Preserve supplied workbook configuration / placeholder unless explicitly overridden.
1100,MSSP Prior Savings Adj — Prorated Average Per Capita Prior Savings with 50% Scaling Factor Applied ($) [PY Corresponding to BY2] (C17),USD/person-year,Prorated Average Per Capita Prior Savings with 50% Scaling Factor Applied ($); PY Corresponding to BY2,model_cell,MSSP Prior Savings Adj,C17,,Preserve supplied workbook configuration / placeholder unless explicitly overridden.
1101,MSSP Prior Savings Adj — Prorated Average Per Capita Prior Savings with 50% Scaling Factor Applied ($) [PY Corresponding to BY3] (D17),USD/person-year,Prorated Average Per Capita Prior Savings with 50% Scaling Factor Applied ($); PY Corresponding to BY3,model_cell,MSSP Prior Savings Adj,D17,,Preserve supplied workbook configuration / placeholder unless explicitly overridden.
1102,MSSP Prior Savings Adj — Prorated Average Per Capita Prior Savings with 50% Scaling Factor Applied ($) [Prior Savings Adjustment] (E17),USD/person-year,Prorated Average Per Capita Prior Savings with 50% Scaling Factor Applied ($); Prior Savings Adjustment,model_cell,MSSP Prior Savings Adj,E17,"=IF((E10=""No""),""-"",(E15*50%))",Recompute formula for each TIN; cached Excel result must not be used.
1103,MSSP Prior Savings Adj — Cap on the Prior Savings Adjustment ($) [PY Corresponding to BY1] (B18),USD/person-year,Cap on the Prior Savings Adjustment ($); PY Corresponding to BY1,model_cell,MSSP Prior Savings Adj,B18,,Preserve supplied workbook configuration / placeholder unless explicitly overridden.
1104,MSSP Prior Savings Adj — Cap on the Prior Savings Adjustment ($) [PY Corresponding to BY2] (C18),USD/person-year,Cap on the Prior Savings Adjustment ($); PY Corresponding to BY2,model_cell,MSSP Prior Savings Adj,C18,,Preserve supplied workbook configuration / placeholder unless explicitly overridden.
1105,MSSP Prior Savings Adj — Cap on the Prior Savings Adjustment ($) [PY Corresponding to BY3] (D18),USD/person-year,Cap on the Prior Savings Adjustment ($); PY Corresponding to BY3,model_cell,MSSP Prior Savings Adj,D18,,Preserve supplied workbook configuration / placeholder unless explicitly overridden.
1106,MSSP Prior Savings Adj — Cap on the Prior Savings Adjustment ($) [Prior Savings Adjustment] (E18),USD/person-year,Cap on the Prior Savings Adjustment ($); Prior Savings Adjustment,model_cell,MSSP Prior Savings Adj,E18,"=IF((E10=""No""),""-"",('MSSP Trend Factor'!D6*0.05))",Recompute formula for each TIN; cached Excel result must not be used.
1107,MSSP Prior Savings Adj — Prior Savings Adjustment ($) [PY Corresponding to BY1] (B19),USD/person-year,Prior Savings Adjustment ($); PY Corresponding to BY1,model_cell,MSSP Prior Savings Adj,B19,,Preserve supplied workbook configuration / placeholder unless explicitly overridden.
1108,MSSP Prior Savings Adj — Prior Savings Adjustment ($) [PY Corresponding to BY2] (C19),USD/person-year,Prior Savings Adjustment ($); PY Corresponding to BY2,model_cell,MSSP Prior Savings Adj,C19,,Preserve supplied workbook configuration / placeholder unless explicitly overridden.
1109,MSSP Prior Savings Adj — Prior Savings Adjustment ($) [PY Corresponding to BY3] (D19),USD/person-year,Prior Savings Adjustment ($); PY Corresponding to BY3,model_cell,MSSP Prior Savings Adj,D19,,Preserve supplied workbook configuration / placeholder unless explicitly overridden.
1110,MSSP Prior Savings Adj — Prior Savings Adjustment ($) [Prior Savings Adjustment] (E19),USD/person-year,Prior Savings Adjustment ($); Prior Savings Adjustment,model_cell,MSSP Prior Savings Adj,E19,"=IF((E10=""Yes""),MIN(E17:E18),0)",Recompute formula for each TIN; cached Excel result must not be used.
1111,MSSP PY Risk — Performance year [Configuration] (C4),year,Performance year; Configuration,model_cell,MSSP PY Risk,C4,,Preserve supplied workbook configuration / placeholder unless explicitly overridden.
1112,MSSP PY Risk — BY3 CMS-HCC Risk Score [A] — ESRD [PY2027] (B6),risk score,BY3 CMS-HCC Risk Score [A] — ESRD; PY2027,model_cell,MSSP PY Risk,B6,='MSSP Historical Benchmark '!D21,Recompute formula for each TIN; cached Excel result must not be used.
1113,MSSP PY Risk — PY CMS-HCC Risk Score [B] — ESRD [PY2027] (C6),risk score,PY CMS-HCC Risk Score [B] — ESRD; PY2027,model_cell,MSSP PY Risk,C6,=('MSSP Assumptions'!J35/'MSSP Assumptions'!J3),Recompute formula for each TIN; cached Excel result must not be used.
1114,MSSP PY Risk — CMS-HCC Risk Ratio (Uncapped) [C] — ESRD [PY2027] (D6),ratio,CMS-HCC Risk Ratio (Uncapped) [C] — ESRD; PY2027,model_cell,MSSP PY Risk,D6,"=IFERROR((C6/B6),1.03)",Recompute formula for each TIN; cached Excel result must not be used.
1115,MSSP PY Risk — Risk Ratio Cap [D] — ESRD [PY2027] (E6),ratio,Risk Ratio Cap [D] — ESRD; PY2027,model_cell,MSSP PY Risk,E6,,Preserve supplied workbook configuration / placeholder unless explicitly overridden.
1116,MSSP PY Risk — Final Risk Ratio (Capped) [E] — ESRD [PY2027] (F6),ratio,Final Risk Ratio (Capped) [E] — ESRD; PY2027,model_cell,MSSP PY Risk,F6,"=IF((D6<E6),D6,E6)",Recompute formula for each TIN; cached Excel result must not be used.
1117,MSSP PY Risk — BY3 CMS-HCC Risk Score [A] — Disabled [PY2027] (B7),risk score,BY3 CMS-HCC Risk Score [A] — Disabled; PY2027,model_cell,MSSP PY Risk,B7,='MSSP Historical Benchmark '!D22,Recompute formula for each TIN; cached Excel result must not be used.
1118,MSSP PY Risk — PY CMS-HCC Risk Score [B] — Disabled [PY2027] (C7),risk score,PY CMS-HCC Risk Score [B] — Disabled; PY2027,model_cell,MSSP PY Risk,C7,=('MSSP Assumptions'!J36/'MSSP Assumptions'!J4),Recompute formula for each TIN; cached Excel result must not be used.
1119,MSSP PY Risk — CMS-HCC Risk Ratio (Uncapped) [C] — Disabled [PY2027] (D7),ratio,CMS-HCC Risk Ratio (Uncapped) [C] — Disabled; PY2027,model_cell,MSSP PY Risk,D7,"=IFERROR((C7/B7),1.03)",Recompute formula for each TIN; cached Excel result must not be used.
1120,MSSP PY Risk — Risk Ratio Cap [D] — Disabled [PY2027] (E7),ratio,Risk Ratio Cap [D] — Disabled; PY2027,model_cell,MSSP PY Risk,E7,,Preserve supplied workbook configuration / placeholder unless explicitly overridden.
1121,MSSP PY Risk — Final Risk Ratio (Capped) [E] — Disabled [PY2027] (F7),ratio,Final Risk Ratio (Capped) [E] — Disabled; PY2027,model_cell,MSSP PY Risk,F7,"=IF((D7<E7),D7,E7)",Recompute formula for each TIN; cached Excel result must not be used.
1122,MSSP PY Risk — BY3 CMS-HCC Risk Score [A] — Aged/dual [PY2027] (B8),risk score,BY3 CMS-HCC Risk Score [A] — Aged/dual; PY2027,model_cell,MSSP PY Risk,B8,='MSSP Historical Benchmark '!D23,Recompute formula for each TIN; cached Excel result must not be used.
1123,MSSP PY Risk — PY CMS-HCC Risk Score [B] — Aged/dual [PY2027] (C8),risk score,PY CMS-HCC Risk Score [B] — Aged/dual; PY2027,model_cell,MSSP PY Risk,C8,=('MSSP Assumptions'!J37/'MSSP Assumptions'!J5),Recompute formula for each TIN; cached Excel result must not be used.
1124,MSSP PY Risk — CMS-HCC Risk Ratio (Uncapped) [C] — Aged/dual [PY2027] (D8),ratio,CMS-HCC Risk Ratio (Uncapped) [C] — Aged/dual; PY2027,model_cell,MSSP PY Risk,D8,"=IFERROR((C8/B8),1.03)",Recompute formula for each TIN; cached Excel result must not be used.
1125,MSSP PY Risk — Risk Ratio Cap [D] — Aged/dual [PY2027] (E8),ratio,Risk Ratio Cap [D] — Aged/dual; PY2027,model_cell,MSSP PY Risk,E8,,Preserve supplied workbook configuration / placeholder unless explicitly overridden.
1126,MSSP PY Risk — Final Risk Ratio (Capped) [E] — Aged/dual [PY2027] (F8),ratio,Final Risk Ratio (Capped) [E] — Aged/dual; PY2027,model_cell,MSSP PY Risk,F8,"=IF((D8<E8),D8,E8)",Recompute formula for each TIN; cached Excel result must not be used.
1127,MSSP PY Risk — BY3 CMS-HCC Risk Score [A] — Aged/non-dual [PY2027] (B9),risk score,BY3 CMS-HCC Risk Score [A] — Aged/non-dual; PY2027,model_cell,MSSP PY Risk,B9,='MSSP Historical Benchmark '!D24,Recompute formula for each TIN; cached Excel result must not be used.
1128,MSSP PY Risk — PY CMS-HCC Risk Score [B] — Aged/non-dual [PY2027] (C9),risk score,PY CMS-HCC Risk Score [B] — Aged/non-dual; PY2027,model_cell,MSSP PY Risk,C9,=('MSSP Assumptions'!J38/'MSSP Assumptions'!J6),Recompute formula for each TIN; cached Excel result must not be used.
1129,MSSP PY Risk — CMS-HCC Risk Ratio (Uncapped) [C] — Aged/non-dual [PY2027] (D9),ratio,CMS-HCC Risk Ratio (Uncapped) [C] — Aged/non-dual; PY2027,model_cell,MSSP PY Risk,D9,"=IFERROR((C9/B9),1.03)",Recompute formula for each TIN; cached Excel result must not be used.
1130,MSSP PY Risk — Risk Ratio Cap [D] — Aged/non-dual [PY2027] (E9),ratio,Risk Ratio Cap [D] — Aged/non-dual; PY2027,model_cell,MSSP PY Risk,E9,,Preserve supplied workbook configuration / placeholder unless explicitly overridden.
1131,MSSP PY Risk — Final Risk Ratio (Capped) [E] — Aged/non-dual [PY2027] (F9),ratio,Final Risk Ratio (Capped) [E] — Aged/non-dual; PY2027,model_cell,MSSP PY Risk,F9,"=IF((D9<E9),D9,E9)",Recompute formula for each TIN; cached Excel result must not be used.
1132,MSSP ACPT — ACPT lookup agreement start year [J3] (J3),year,ACPT lookup agreement start year; J3,model_cell,MSSP ACPT,J3,,Preserve supplied workbook configuration / placeholder unless explicitly overridden.
1133,MSSP ACPT — ACPT lookup modified USPCC growth factor — ESRD [Agreement 2014; PY1] (K3),factor,ACPT lookup modified USPCC growth factor — ESRD; Agreement 2014; PY1,model_cell,MSSP ACPT,K3,,Preserve supplied workbook configuration / placeholder unless explicitly overridden.
1134,MSSP ACPT — ACPT lookup modified USPCC growth factor — ESRD [Agreement 2014; PY2] (L3),factor,ACPT lookup modified USPCC growth factor — ESRD; Agreement 2014; PY2,model_cell,MSSP ACPT,L3,,Preserve supplied workbook configuration / placeholder unless explicitly overridden.
1135,MSSP ACPT — ACPT lookup modified USPCC growth factor — ESRD [Agreement 2014; PY3] (M3),factor,ACPT lookup modified USPCC growth factor — ESRD; Agreement 2014; PY3,model_cell,MSSP ACPT,M3,,Preserve supplied workbook configuration / placeholder unless explicitly overridden.
1136,MSSP ACPT — ACPT lookup modified USPCC growth factor — ESRD [Agreement 2014; PY4] (N3),factor,ACPT lookup modified USPCC growth factor — ESRD; Agreement 2014; PY4,model_cell,MSSP ACPT,N3,,Preserve supplied workbook configuration / placeholder unless explicitly overridden.
1137,MSSP ACPT — ACPT lookup modified USPCC growth factor — ESRD [Agreement 2014; PY5] (O3),factor,ACPT lookup modified USPCC growth factor — ESRD; Agreement 2014; PY5,model_cell,MSSP ACPT,O3,,Preserve supplied workbook configuration / placeholder unless explicitly overridden.
1138,MSSP ACPT — ACPT lookup modified USPCC growth factor — Aged/disabled [Agreement 2014; PY1] (P3),factor,ACPT lookup modified USPCC growth factor — Aged/disabled; Agreement 2014; PY1,model_cell,MSSP ACPT,P3,,Preserve supplied workbook configuration / placeholder unless explicitly overridden.
1139,MSSP ACPT — ACPT lookup modified USPCC growth factor — Aged/disabled [Agreement 2014; PY2] (Q3),factor,ACPT lookup modified USPCC growth factor — Aged/disabled; Agreement 2014; PY2,model_cell,MSSP ACPT,Q3,,Preserve supplied workbook configuration / placeholder unless explicitly overridden.
1140,MSSP ACPT — ACPT lookup modified USPCC growth factor — Aged/disabled [Agreement 2014; PY3] (R3),factor,ACPT lookup modified USPCC growth factor — Aged/disabled; Agreement 2014; PY3,model_cell,MSSP ACPT,R3,,Preserve supplied workbook configuration / placeholder unless explicitly overridden.
1141,MSSP ACPT — ACPT lookup modified USPCC growth factor — Aged/disabled [Agreement 2014; PY4] (S3),factor,ACPT lookup modified USPCC growth factor — Aged/disabled; Agreement 2014; PY4,model_cell,MSSP ACPT,S3,,Preserve supplied workbook configuration / placeholder unless explicitly overridden.
1142,MSSP ACPT — ACPT lookup modified USPCC growth factor — Aged/disabled [Agreement 2014; PY5] (T3),factor,ACPT lookup modified USPCC growth factor — Aged/disabled; Agreement 2014; PY5,model_cell,MSSP ACPT,T3,,Preserve supplied workbook configuration / placeholder unless explicitly overridden.
1143,MSSP ACPT — ACPT year marker B4 [Agreement start] (B4),year,ACPT year marker B4; Agreement start,model_cell,MSSP ACPT,B4,=(B5+1),Recompute formula for each TIN; cached Excel result must not be used.
1144,MSSP ACPT — ACPT year marker C4 [PY1] (C4),year,ACPT year marker C4; PY1,model_cell,MSSP ACPT,C4,=B4,Recompute formula for each TIN; cached Excel result must not be used.
1145,MSSP ACPT — ACPT year marker D4 [PY2] (D4),year,ACPT year marker D4; PY2,model_cell,MSSP ACPT,D4,=(C4+1),Recompute formula for each TIN; cached Excel result must not be used.
1146,MSSP ACPT — ACPT year marker E4 [PY3] (E4),year,ACPT year marker E4; PY3,model_cell,MSSP ACPT,E4,=(D4+1),Recompute formula for each TIN; cached Excel result must not be used.
1147,MSSP ACPT — ACPT year marker F4 [PY4] (F4),year,ACPT year marker F4; PY4,model_cell,MSSP ACPT,F4,=(E4+1),Recompute formula for each TIN; cached Excel result must not be used.
1148,MSSP ACPT — ACPT year marker G4 [PY5] (G4),year,ACPT year marker G4; PY5,model_cell,MSSP ACPT,G4,=(F4+1),Recompute formula for each TIN; cached Excel result must not be used.
1149,MSSP ACPT — ACPT lookup agreement start year [J4] (J4),year,ACPT lookup agreement start year; J4,model_cell,MSSP ACPT,J4,,Preserve supplied workbook configuration / placeholder unless explicitly overridden.
1150,MSSP ACPT — ACPT lookup modified USPCC growth factor — ESRD [Agreement 2015; PY1] (K4),factor,ACPT lookup modified USPCC growth factor — ESRD; Agreement 2015; PY1,model_cell,MSSP ACPT,K4,,Preserve supplied workbook configuration / placeholder unless explicitly overridden.
1151,MSSP ACPT — ACPT lookup modified USPCC growth factor — ESRD [Agreement 2015; PY2] (L4),factor,ACPT lookup modified USPCC growth factor — ESRD; Agreement 2015; PY2,model_cell,MSSP ACPT,L4,,Preserve supplied workbook configuration / placeholder unless explicitly overridden.
1152,MSSP ACPT — ACPT lookup modified USPCC growth factor — ESRD [Agreement 2015; PY3] (M4),factor,ACPT lookup modified USPCC growth factor — ESRD; Agreement 2015; PY3,model_cell,MSSP ACPT,M4,,Preserve supplied workbook configuration / placeholder unless explicitly overridden.
1153,MSSP ACPT — ACPT lookup modified USPCC growth factor — ESRD [Agreement 2015; PY4] (N4),factor,ACPT lookup modified USPCC growth factor — ESRD; Agreement 2015; PY4,model_cell,MSSP ACPT,N4,,Preserve supplied workbook configuration / placeholder unless explicitly overridden.
1154,MSSP ACPT — ACPT lookup modified USPCC growth factor — ESRD [Agreement 2015; PY5] (O4),factor,ACPT lookup modified USPCC growth factor — ESRD; Agreement 2015; PY5,model_cell,MSSP ACPT,O4,,Preserve supplied workbook configuration / placeholder unless explicitly overridden.
1155,MSSP ACPT — ACPT lookup modified USPCC growth factor — Aged/disabled [Agreement 2015; PY1] (P4),factor,ACPT lookup modified USPCC growth factor — Aged/disabled; Agreement 2015; PY1,model_cell,MSSP ACPT,P4,,Preserve supplied workbook configuration / placeholder unless explicitly overridden.
1156,MSSP ACPT — ACPT lookup modified USPCC growth factor — Aged/disabled [Agreement 2015; PY2] (Q4),factor,ACPT lookup modified USPCC growth factor — Aged/disabled; Agreement 2015; PY2,model_cell,MSSP ACPT,Q4,,Preserve supplied workbook configuration / placeholder unless explicitly overridden.
1157,MSSP ACPT — ACPT lookup modified USPCC growth factor — Aged/disabled [Agreement 2015; PY3] (R4),factor,ACPT lookup modified USPCC growth factor — Aged/disabled; Agreement 2015; PY3,model_cell,MSSP ACPT,R4,,Preserve supplied workbook configuration / placeholder unless explicitly overridden.
1158,MSSP ACPT — ACPT lookup modified USPCC growth factor — Aged/disabled [Agreement 2015; PY4] (S4),factor,ACPT lookup modified USPCC growth factor — Aged/disabled; Agreement 2015; PY4,model_cell,MSSP ACPT,S4,,Preserve supplied workbook configuration / placeholder unless explicitly overridden.
1159,MSSP ACPT — ACPT lookup modified USPCC growth factor — Aged/disabled [Agreement 2015; PY5] (T4),factor,ACPT lookup modified USPCC growth factor — Aged/disabled; Agreement 2015; PY5,model_cell,MSSP ACPT,T4,,Preserve supplied workbook configuration / placeholder unless explicitly overridden.
1160,MSSP ACPT — ACPT year marker B5 [BY3] (B5),year,ACPT year marker B5; BY3,model_cell,MSSP ACPT,B5,='MSSP Parameters'!C4,Recompute formula for each TIN; cached Excel result must not be used.
1161,MSSP ACPT — ACPT lookup agreement start year [J5] (J5),year,ACPT lookup agreement start year; J5,model_cell,MSSP ACPT,J5,,Preserve supplied workbook configuration / placeholder unless explicitly overridden.
1162,MSSP ACPT — ACPT lookup modified USPCC growth factor — ESRD [Agreement 2016; PY1] (K5),factor,ACPT lookup modified USPCC growth factor — ESRD; Agreement 2016; PY1,model_cell,MSSP ACPT,K5,,Preserve supplied workbook configuration / placeholder unless explicitly overridden.
1163,MSSP ACPT — ACPT lookup modified USPCC growth factor — ESRD [Agreement 2016; PY2] (L5),factor,ACPT lookup modified USPCC growth factor — ESRD; Agreement 2016; PY2,model_cell,MSSP ACPT,L5,,Preserve supplied workbook configuration / placeholder unless explicitly overridden.
1164,MSSP ACPT — ACPT lookup modified USPCC growth factor — ESRD [Agreement 2016; PY3] (M5),factor,ACPT lookup modified USPCC growth factor — ESRD; Agreement 2016; PY3,model_cell,MSSP ACPT,M5,,Preserve supplied workbook configuration / placeholder unless explicitly overridden.
1165,MSSP ACPT — ACPT lookup modified USPCC growth factor — ESRD [Agreement 2016; PY4] (N5),factor,ACPT lookup modified USPCC growth factor — ESRD; Agreement 2016; PY4,model_cell,MSSP ACPT,N5,,Preserve supplied workbook configuration / placeholder unless explicitly overridden.
1166,MSSP ACPT — ACPT lookup modified USPCC growth factor — ESRD [Agreement 2016; PY5] (O5),factor,ACPT lookup modified USPCC growth factor — ESRD; Agreement 2016; PY5,model_cell,MSSP ACPT,O5,,Preserve supplied workbook configuration / placeholder unless explicitly overridden.
1167,MSSP ACPT — ACPT lookup modified USPCC growth factor — Aged/disabled [Agreement 2016; PY1] (P5),factor,ACPT lookup modified USPCC growth factor — Aged/disabled; Agreement 2016; PY1,model_cell,MSSP ACPT,P5,,Preserve supplied workbook configuration / placeholder unless explicitly overridden.
1168,MSSP ACPT — ACPT lookup modified USPCC growth factor — Aged/disabled [Agreement 2016; PY2] (Q5),factor,ACPT lookup modified USPCC growth factor — Aged/disabled; Agreement 2016; PY2,model_cell,MSSP ACPT,Q5,,Preserve supplied workbook configuration / placeholder unless explicitly overridden.
1169,MSSP ACPT — ACPT lookup modified USPCC growth factor — Aged/disabled [Agreement 2016; PY3] (R5),factor,ACPT lookup modified USPCC growth factor — Aged/disabled; Agreement 2016; PY3,model_cell,MSSP ACPT,R5,,Preserve supplied workbook configuration / placeholder unless explicitly overridden.
1170,MSSP ACPT — ACPT lookup modified USPCC growth factor — Aged/disabled [Agreement 2016; PY4] (S5),factor,ACPT lookup modified USPCC growth factor — Aged/disabled; Agreement 2016; PY4,model_cell,MSSP ACPT,S5,,Preserve supplied workbook configuration / placeholder unless explicitly overridden.
1171,MSSP ACPT — ACPT lookup modified USPCC growth factor — Aged/disabled [Agreement 2016; PY5] (T5),factor,ACPT lookup modified USPCC growth factor — Aged/disabled; Agreement 2016; PY5,model_cell,MSSP ACPT,T5,,Preserve supplied workbook configuration / placeholder unless explicitly overridden.
1172,MSSP ACPT — ACPT lookup agreement start year [J6] (J6),year,ACPT lookup agreement start year; J6,model_cell,MSSP ACPT,J6,,Preserve supplied workbook configuration / placeholder unless explicitly overridden.
1173,MSSP ACPT — ACPT lookup modified USPCC growth factor — ESRD [Agreement 2017; PY1] (K6),factor,ACPT lookup modified USPCC growth factor — ESRD; Agreement 2017; PY1,model_cell,MSSP ACPT,K6,,Preserve supplied workbook configuration / placeholder unless explicitly overridden.
1174,MSSP ACPT — ACPT lookup modified USPCC growth factor — ESRD [Agreement 2017; PY2] (L6),factor,ACPT lookup modified USPCC growth factor — ESRD; Agreement 2017; PY2,model_cell,MSSP ACPT,L6,,Preserve supplied workbook configuration / placeholder unless explicitly overridden.
1175,MSSP ACPT — ACPT lookup modified USPCC growth factor — ESRD [Agreement 2017; PY3] (M6),factor,ACPT lookup modified USPCC growth factor — ESRD; Agreement 2017; PY3,model_cell,MSSP ACPT,M6,,Preserve supplied workbook configuration / placeholder unless explicitly overridden.
1176,MSSP ACPT — ACPT lookup modified USPCC growth factor — ESRD [Agreement 2017; PY4] (N6),factor,ACPT lookup modified USPCC growth factor — ESRD; Agreement 2017; PY4,model_cell,MSSP ACPT,N6,,Preserve supplied workbook configuration / placeholder unless explicitly overridden.
1177,MSSP ACPT — ACPT lookup modified USPCC growth factor — ESRD [Agreement 2017; PY5] (O6),factor,ACPT lookup modified USPCC growth factor — ESRD; Agreement 2017; PY5,model_cell,MSSP ACPT,O6,,Preserve supplied workbook configuration / placeholder unless explicitly overridden.
1178,MSSP ACPT — ACPT lookup modified USPCC growth factor — Aged/disabled [Agreement 2017; PY1] (P6),factor,ACPT lookup modified USPCC growth factor — Aged/disabled; Agreement 2017; PY1,model_cell,MSSP ACPT,P6,,Preserve supplied workbook configuration / placeholder unless explicitly overridden.
1179,MSSP ACPT — ACPT lookup modified USPCC growth factor — Aged/disabled [Agreement 2017; PY2] (Q6),factor,ACPT lookup modified USPCC growth factor — Aged/disabled; Agreement 2017; PY2,model_cell,MSSP ACPT,Q6,,Preserve supplied workbook configuration / placeholder unless explicitly overridden.
1180,MSSP ACPT — ACPT lookup modified USPCC growth factor — Aged/disabled [Agreement 2017; PY3] (R6),factor,ACPT lookup modified USPCC growth factor — Aged/disabled; Agreement 2017; PY3,model_cell,MSSP ACPT,R6,,Preserve supplied workbook configuration / placeholder unless explicitly overridden.
1181,MSSP ACPT — ACPT lookup modified USPCC growth factor — Aged/disabled [Agreement 2017; PY4] (S6),factor,ACPT lookup modified USPCC growth factor — Aged/disabled; Agreement 2017; PY4,model_cell,MSSP ACPT,S6,,Preserve supplied workbook configuration / placeholder unless explicitly overridden.
1182,MSSP ACPT — ACPT lookup modified USPCC growth factor — Aged/disabled [Agreement 2017; PY5] (T6),factor,ACPT lookup modified USPCC growth factor — Aged/disabled; Agreement 2017; PY5,model_cell,MSSP ACPT,T6,,Preserve supplied workbook configuration / placeholder unless explicitly overridden.
1183,MSSP ACPT — ACPT lookup agreement start year [J7] (J7),year,ACPT lookup agreement start year; J7,model_cell,MSSP ACPT,J7,,Preserve supplied workbook configuration / placeholder unless explicitly overridden.
1184,MSSP ACPT — ACPT lookup modified USPCC growth factor — ESRD [Agreement 2018; PY1] (K7),factor,ACPT lookup modified USPCC growth factor — ESRD; Agreement 2018; PY1,model_cell,MSSP ACPT,K7,,Preserve supplied workbook configuration / placeholder unless explicitly overridden.
1185,MSSP ACPT — ACPT lookup modified USPCC growth factor — ESRD [Agreement 2018; PY2] (L7),factor,ACPT lookup modified USPCC growth factor — ESRD; Agreement 2018; PY2,model_cell,MSSP ACPT,L7,,Preserve supplied workbook configuration / placeholder unless explicitly overridden.
1186,MSSP ACPT — ACPT lookup modified USPCC growth factor — ESRD [Agreement 2018; PY3] (M7),factor,ACPT lookup modified USPCC growth factor — ESRD; Agreement 2018; PY3,model_cell,MSSP ACPT,M7,,Preserve supplied workbook configuration / placeholder unless explicitly overridden.
1187,MSSP ACPT — ACPT lookup modified USPCC growth factor — ESRD [Agreement 2018; PY4] (N7),factor,ACPT lookup modified USPCC growth factor — ESRD; Agreement 2018; PY4,model_cell,MSSP ACPT,N7,,Preserve supplied workbook configuration / placeholder unless explicitly overridden.
1188,MSSP ACPT — ACPT lookup modified USPCC growth factor — ESRD [Agreement 2018; PY5] (O7),factor,ACPT lookup modified USPCC growth factor — ESRD; Agreement 2018; PY5,model_cell,MSSP ACPT,O7,,Preserve supplied workbook configuration / placeholder unless explicitly overridden.
1189,MSSP ACPT — ACPT lookup modified USPCC growth factor — Aged/disabled [Agreement 2018; PY1] (P7),factor,ACPT lookup modified USPCC growth factor — Aged/disabled; Agreement 2018; PY1,model_cell,MSSP ACPT,P7,,Preserve supplied workbook configuration / placeholder unless explicitly overridden.
1190,MSSP ACPT — ACPT lookup modified USPCC growth factor — Aged/disabled [Agreement 2018; PY2] (Q7),factor,ACPT lookup modified USPCC growth factor — Aged/disabled; Agreement 2018; PY2,model_cell,MSSP ACPT,Q7,,Preserve supplied workbook configuration / placeholder unless explicitly overridden.
1191,MSSP ACPT — ACPT lookup modified USPCC growth factor — Aged/disabled [Agreement 2018; PY3] (R7),factor,ACPT lookup modified USPCC growth factor — Aged/disabled; Agreement 2018; PY3,model_cell,MSSP ACPT,R7,,Preserve supplied workbook configuration / placeholder unless explicitly overridden.
1192,MSSP ACPT — ACPT lookup modified USPCC growth factor — Aged/disabled [Agreement 2018; PY4] (S7),factor,ACPT lookup modified USPCC growth factor — Aged/disabled; Agreement 2018; PY4,model_cell,MSSP ACPT,S7,,Preserve supplied workbook configuration / placeholder unless explicitly overridden.
1193,MSSP ACPT — ACPT lookup modified USPCC growth factor — Aged/disabled [Agreement 2018; PY5] (T7),factor,ACPT lookup modified USPCC growth factor — Aged/disabled; Agreement 2018; PY5,model_cell,MSSP ACPT,T7,,Preserve supplied workbook configuration / placeholder unless explicitly overridden.
1194,MSSP ACPT — Modified USPCC Annualized Growth Rates — ESRD [PY1; 2027] (C8),factor,Modified USPCC Annualized Growth Rates — ESRD; PY1; 2027,model_cell,MSSP ACPT,C8,"=VLOOKUP($B$4,'MSSP ACPT'!$J$3:$T$16,2,FALSE)",Recompute formula for each TIN; cached Excel result must not be used.
1195,MSSP ACPT — Modified USPCC Annualized Growth Rates — ESRD [PY2; 2028] (D8),factor,Modified USPCC Annualized Growth Rates — ESRD; PY2; 2028,model_cell,MSSP ACPT,D8,"=VLOOKUP($B$4,'MSSP ACPT'!$J$3:$T$16,3,FALSE)",Recompute formula for each TIN; cached Excel result must not be used.
1196,MSSP ACPT — Modified USPCC Annualized Growth Rates — ESRD [PY3; 2029] (E8),factor,Modified USPCC Annualized Growth Rates — ESRD; PY3; 2029,model_cell,MSSP ACPT,E8,"=VLOOKUP($B$4,'MSSP ACPT'!$J$3:$T$16,4,FALSE)",Recompute formula for each TIN; cached Excel result must not be used.
1197,MSSP ACPT — Modified USPCC Annualized Growth Rates — ESRD [PY4; 2030] (F8),factor,Modified USPCC Annualized Growth Rates — ESRD; PY4; 2030,model_cell,MSSP ACPT,F8,"=VLOOKUP($B$4,'MSSP ACPT'!$J$3:$T$16,5,FALSE)",Recompute formula for each TIN; cached Excel result must not be used.
1198,MSSP ACPT — Modified USPCC Annualized Growth Rates — ESRD [PY5; 2031] (G8),factor,Modified USPCC Annualized Growth Rates — ESRD; PY5; 2031,model_cell,MSSP ACPT,G8,"=VLOOKUP($B$4,'MSSP ACPT'!$J$3:$T$16,6,FALSE)",Recompute formula for each TIN; cached Excel result must not be used.
1199,MSSP ACPT — ACPT lookup agreement start year [J8] (J8),year,ACPT lookup agreement start year; J8,model_cell,MSSP ACPT,J8,,Preserve supplied workbook configuration / placeholder unless explicitly overridden.
1200,MSSP ACPT — ACPT lookup modified USPCC growth factor — ESRD [Agreement 2019; PY1] (K8),factor,ACPT lookup modified USPCC growth factor — ESRD; Agreement 2019; PY1,model_cell,MSSP ACPT,K8,,Preserve supplied workbook configuration / placeholder unless explicitly overridden.
1201,MSSP ACPT — ACPT lookup modified USPCC growth factor — ESRD [Agreement 2019; PY2] (L8),factor,ACPT lookup modified USPCC growth factor — ESRD; Agreement 2019; PY2,model_cell,MSSP ACPT,L8,,Preserve supplied workbook configuration / placeholder unless explicitly overridden.
1202,MSSP ACPT — ACPT lookup modified USPCC growth factor — ESRD [Agreement 2019; PY3] (M8),factor,ACPT lookup modified USPCC growth factor — ESRD; Agreement 2019; PY3,model_cell,MSSP ACPT,M8,,Preserve supplied workbook configuration / placeholder unless explicitly overridden.
1203,MSSP ACPT — ACPT lookup modified USPCC growth factor — ESRD [Agreement 2019; PY4] (N8),factor,ACPT lookup modified USPCC growth factor — ESRD; Agreement 2019; PY4,model_cell,MSSP ACPT,N8,,Preserve supplied workbook configuration / placeholder unless explicitly overridden.
1204,MSSP ACPT — ACPT lookup modified USPCC growth factor — ESRD [Agreement 2019; PY5] (O8),factor,ACPT lookup modified USPCC growth factor — ESRD; Agreement 2019; PY5,model_cell,MSSP ACPT,O8,,Preserve supplied workbook configuration / placeholder unless explicitly overridden.
1205,MSSP ACPT — ACPT lookup modified USPCC growth factor — Aged/disabled [Agreement 2019; PY1] (P8),factor,ACPT lookup modified USPCC growth factor — Aged/disabled; Agreement 2019; PY1,model_cell,MSSP ACPT,P8,,Preserve supplied workbook configuration / placeholder unless explicitly overridden.
1206,MSSP ACPT — ACPT lookup modified USPCC growth factor — Aged/disabled [Agreement 2019; PY2] (Q8),factor,ACPT lookup modified USPCC growth factor — Aged/disabled; Agreement 2019; PY2,model_cell,MSSP ACPT,Q8,,Preserve supplied workbook configuration / placeholder unless explicitly overridden.
1207,MSSP ACPT — ACPT lookup modified USPCC growth factor — Aged/disabled [Agreement 2019; PY3] (R8),factor,ACPT lookup modified USPCC growth factor — Aged/disabled; Agreement 2019; PY3,model_cell,MSSP ACPT,R8,,Preserve supplied workbook configuration / placeholder unless explicitly overridden.
1208,MSSP ACPT — ACPT lookup modified USPCC growth factor — Aged/disabled [Agreement 2019; PY4] (S8),factor,ACPT lookup modified USPCC growth factor — Aged/disabled; Agreement 2019; PY4,model_cell,MSSP ACPT,S8,,Preserve supplied workbook configuration / placeholder unless explicitly overridden.
1209,MSSP ACPT — ACPT lookup modified USPCC growth factor — Aged/disabled [Agreement 2019; PY5] (T8),factor,ACPT lookup modified USPCC growth factor — Aged/disabled; Agreement 2019; PY5,model_cell,MSSP ACPT,T8,,Preserve supplied workbook configuration / placeholder unless explicitly overridden.
1210,MSSP ACPT — Modified USPCC Annualized Growth Rates — Aged/Disabled [PY1; 2027] (C9),factor,Modified USPCC Annualized Growth Rates — Aged/Disabled; PY1; 2027,model_cell,MSSP ACPT,C9,"=VLOOKUP($B$4,'MSSP ACPT'!$J$3:$T$16,7,FALSE)",Recompute formula for each TIN; cached Excel result must not be used.
1211,MSSP ACPT — Modified USPCC Annualized Growth Rates — Aged/Disabled [PY2; 2028] (D9),factor,Modified USPCC Annualized Growth Rates — Aged/Disabled; PY2; 2028,model_cell,MSSP ACPT,D9,"=VLOOKUP($B$4,'MSSP ACPT'!$J$3:$T$16,8,FALSE)",Recompute formula for each TIN; cached Excel result must not be used.
1212,MSSP ACPT — Modified USPCC Annualized Growth Rates — Aged/Disabled [PY3; 2029] (E9),factor,Modified USPCC Annualized Growth Rates — Aged/Disabled; PY3; 2029,model_cell,MSSP ACPT,E9,"=VLOOKUP($B$4,'MSSP ACPT'!$J$3:$T$16,9,FALSE)",Recompute formula for each TIN; cached Excel result must not be used.
1213,MSSP ACPT — Modified USPCC Annualized Growth Rates — Aged/Disabled [PY4; 2030] (F9),factor,Modified USPCC Annualized Growth Rates — Aged/Disabled; PY4; 2030,model_cell,MSSP ACPT,F9,"=VLOOKUP($B$4,'MSSP ACPT'!$J$3:$T$16,10,FALSE)",Recompute formula for each TIN; cached Excel result must not be used.
1214,MSSP ACPT — Modified USPCC Annualized Growth Rates — Aged/Disabled [PY5; 2031] (G9),factor,Modified USPCC Annualized Growth Rates — Aged/Disabled; PY5; 2031,model_cell,MSSP ACPT,G9,"=VLOOKUP($B$4,'MSSP ACPT'!$J$3:$T$16,11,FALSE)",Recompute formula for each TIN; cached Excel result must not be used.
1215,MSSP ACPT — ACPT lookup agreement start year [J9] (J9),year,ACPT lookup agreement start year; J9,model_cell,MSSP ACPT,J9,,Preserve supplied workbook configuration / placeholder unless explicitly overridden.
1216,MSSP ACPT — ACPT lookup modified USPCC growth factor — ESRD [Agreement 2020; PY1] (K9),factor,ACPT lookup modified USPCC growth factor — ESRD; Agreement 2020; PY1,model_cell,MSSP ACPT,K9,,Preserve supplied workbook configuration / placeholder unless explicitly overridden.
1217,MSSP ACPT — ACPT lookup modified USPCC growth factor — ESRD [Agreement 2020; PY2] (L9),factor,ACPT lookup modified USPCC growth factor — ESRD; Agreement 2020; PY2,model_cell,MSSP ACPT,L9,,Preserve supplied workbook configuration / placeholder unless explicitly overridden.
1218,MSSP ACPT — ACPT lookup modified USPCC growth factor — ESRD [Agreement 2020; PY3] (M9),factor,ACPT lookup modified USPCC growth factor — ESRD; Agreement 2020; PY3,model_cell,MSSP ACPT,M9,,Preserve supplied workbook configuration / placeholder unless explicitly overridden.
1219,MSSP ACPT — ACPT lookup modified USPCC growth factor — ESRD [Agreement 2020; PY4] (N9),factor,ACPT lookup modified USPCC growth factor — ESRD; Agreement 2020; PY4,model_cell,MSSP ACPT,N9,,Preserve supplied workbook configuration / placeholder unless explicitly overridden.
1220,MSSP ACPT — ACPT lookup modified USPCC growth factor — ESRD [Agreement 2020; PY5] (O9),factor,ACPT lookup modified USPCC growth factor — ESRD; Agreement 2020; PY5,model_cell,MSSP ACPT,O9,,Preserve supplied workbook configuration / placeholder unless explicitly overridden.
1221,MSSP ACPT — ACPT lookup modified USPCC growth factor — Aged/disabled [Agreement 2020; PY1] (P9),factor,ACPT lookup modified USPCC growth factor — Aged/disabled; Agreement 2020; PY1,model_cell,MSSP ACPT,P9,,Preserve supplied workbook configuration / placeholder unless explicitly overridden.
1222,MSSP ACPT — ACPT lookup modified USPCC growth factor — Aged/disabled [Agreement 2020; PY2] (Q9),factor,ACPT lookup modified USPCC growth factor — Aged/disabled; Agreement 2020; PY2,model_cell,MSSP ACPT,Q9,,Preserve supplied workbook configuration / placeholder unless explicitly overridden.
1223,MSSP ACPT — ACPT lookup modified USPCC growth factor — Aged/disabled [Agreement 2020; PY3] (R9),factor,ACPT lookup modified USPCC growth factor — Aged/disabled; Agreement 2020; PY3,model_cell,MSSP ACPT,R9,,Preserve supplied workbook configuration / placeholder unless explicitly overridden.
1224,MSSP ACPT — ACPT lookup modified USPCC growth factor — Aged/disabled [Agreement 2020; PY4] (S9),factor,ACPT lookup modified USPCC growth factor — Aged/disabled; Agreement 2020; PY4,model_cell,MSSP ACPT,S9,,Preserve supplied workbook configuration / placeholder unless explicitly overridden.
1225,MSSP ACPT — ACPT lookup modified USPCC growth factor — Aged/disabled [Agreement 2020; PY5] (T9),factor,ACPT lookup modified USPCC growth factor — Aged/disabled; Agreement 2020; PY5,model_cell,MSSP ACPT,T9,,Preserve supplied workbook configuration / placeholder unless explicitly overridden.
1226,MSSP ACPT — ACPT lookup agreement start year [J10] (J10),year,ACPT lookup agreement start year; J10,model_cell,MSSP ACPT,J10,,Preserve supplied workbook configuration / placeholder unless explicitly overridden.
1227,MSSP ACPT — ACPT lookup modified USPCC growth factor — ESRD [Agreement 2021; PY1] (K10),factor,ACPT lookup modified USPCC growth factor — ESRD; Agreement 2021; PY1,model_cell,MSSP ACPT,K10,,Preserve supplied workbook configuration / placeholder unless explicitly overridden.
1228,MSSP ACPT — ACPT lookup modified USPCC growth factor — ESRD [Agreement 2021; PY2] (L10),factor,ACPT lookup modified USPCC growth factor — ESRD; Agreement 2021; PY2,model_cell,MSSP ACPT,L10,,Preserve supplied workbook configuration / placeholder unless explicitly overridden.
1229,MSSP ACPT — ACPT lookup modified USPCC growth factor — ESRD [Agreement 2021; PY3] (M10),factor,ACPT lookup modified USPCC growth factor — ESRD; Agreement 2021; PY3,model_cell,MSSP ACPT,M10,,Preserve supplied workbook configuration / placeholder unless explicitly overridden.
1230,MSSP ACPT — ACPT lookup modified USPCC growth factor — ESRD [Agreement 2021; PY4] (N10),factor,ACPT lookup modified USPCC growth factor — ESRD; Agreement 2021; PY4,model_cell,MSSP ACPT,N10,,Preserve supplied workbook configuration / placeholder unless explicitly overridden.
1231,MSSP ACPT — ACPT lookup modified USPCC growth factor — ESRD [Agreement 2021; PY5] (O10),factor,ACPT lookup modified USPCC growth factor — ESRD; Agreement 2021; PY5,model_cell,MSSP ACPT,O10,,Preserve supplied workbook configuration / placeholder unless explicitly overridden.
1232,MSSP ACPT — ACPT lookup modified USPCC growth factor — Aged/disabled [Agreement 2021; PY1] (P10),factor,ACPT lookup modified USPCC growth factor — Aged/disabled; Agreement 2021; PY1,model_cell,MSSP ACPT,P10,,Preserve supplied workbook configuration / placeholder unless explicitly overridden.
1233,MSSP ACPT — ACPT lookup modified USPCC growth factor — Aged/disabled [Agreement 2021; PY2] (Q10),factor,ACPT lookup modified USPCC growth factor — Aged/disabled; Agreement 2021; PY2,model_cell,MSSP ACPT,Q10,,Preserve supplied workbook configuration / placeholder unless explicitly overridden.
1234,MSSP ACPT — ACPT lookup modified USPCC growth factor — Aged/disabled [Agreement 2021; PY3] (R10),factor,ACPT lookup modified USPCC growth factor — Aged/disabled; Agreement 2021; PY3,model_cell,MSSP ACPT,R10,,Preserve supplied workbook configuration / placeholder unless explicitly overridden.
1235,MSSP ACPT — ACPT lookup modified USPCC growth factor — Aged/disabled [Agreement 2021; PY4] (S10),factor,ACPT lookup modified USPCC growth factor — Aged/disabled; Agreement 2021; PY4,model_cell,MSSP ACPT,S10,,Preserve supplied workbook configuration / placeholder unless explicitly overridden.
1236,MSSP ACPT — ACPT lookup modified USPCC growth factor — Aged/disabled [Agreement 2021; PY5] (T10),factor,ACPT lookup modified USPCC growth factor — Aged/disabled; Agreement 2021; PY5,model_cell,MSSP ACPT,T10,,Preserve supplied workbook configuration / placeholder unless explicitly overridden.
1237,MSSP ACPT — Cumulative Modified USPCC Growth Rates — ESRD [PY1; 2027] (C11),factor,Cumulative Modified USPCC Growth Rates — ESRD; PY1; 2027,model_cell,MSSP ACPT,C11,=C8,Recompute formula for each TIN; cached Excel result must not be used.
1238,MSSP ACPT — Cumulative Modified USPCC Growth Rates — ESRD [PY2; 2028] (D11),factor,Cumulative Modified USPCC Growth Rates — ESRD; PY2; 2028,model_cell,MSSP ACPT,D11,=PRODUCT(C8:D8),Recompute formula for each TIN; cached Excel result must not be used.
1239,MSSP ACPT — Cumulative Modified USPCC Growth Rates — ESRD [PY3; 2029] (E11),factor,Cumulative Modified USPCC Growth Rates — ESRD; PY3; 2029,model_cell,MSSP ACPT,E11,=PRODUCT(C8:E8),Recompute formula for each TIN; cached Excel result must not be used.
1240,MSSP ACPT — Cumulative Modified USPCC Growth Rates — ESRD [PY4; 2030] (F11),factor,Cumulative Modified USPCC Growth Rates — ESRD; PY4; 2030,model_cell,MSSP ACPT,F11,=PRODUCT(C8:F8),Recompute formula for each TIN; cached Excel result must not be used.
1241,MSSP ACPT — Cumulative Modified USPCC Growth Rates — ESRD [PY5; 2031] (G11),factor,Cumulative Modified USPCC Growth Rates — ESRD; PY5; 2031,model_cell,MSSP ACPT,G11,=PRODUCT(C8:G8),Recompute formula for each TIN; cached Excel result must not be used.
1242,MSSP ACPT — ACPT lookup agreement start year [J11] (J11),year,ACPT lookup agreement start year; J11,model_cell,MSSP ACPT,J11,,Preserve supplied workbook configuration / placeholder unless explicitly overridden.
1243,MSSP ACPT — ACPT lookup modified USPCC growth factor — ESRD [Agreement 2022; PY1] (K11),factor,ACPT lookup modified USPCC growth factor — ESRD; Agreement 2022; PY1,model_cell,MSSP ACPT,K11,,Preserve supplied workbook configuration / placeholder unless explicitly overridden.
1244,MSSP ACPT — ACPT lookup modified USPCC growth factor — ESRD [Agreement 2022; PY2] (L11),factor,ACPT lookup modified USPCC growth factor — ESRD; Agreement 2022; PY2,model_cell,MSSP ACPT,L11,,Preserve supplied workbook configuration / placeholder unless explicitly overridden.
1245,MSSP ACPT — ACPT lookup modified USPCC growth factor — ESRD [Agreement 2022; PY3] (M11),factor,ACPT lookup modified USPCC growth factor — ESRD; Agreement 2022; PY3,model_cell,MSSP ACPT,M11,,Preserve supplied workbook configuration / placeholder unless explicitly overridden.
1246,MSSP ACPT — ACPT lookup modified USPCC growth factor — ESRD [Agreement 2022; PY4] (N11),factor,ACPT lookup modified USPCC growth factor — ESRD; Agreement 2022; PY4,model_cell,MSSP ACPT,N11,,Preserve supplied workbook configuration / placeholder unless explicitly overridden.
1247,MSSP ACPT — ACPT lookup modified USPCC growth factor — ESRD [Agreement 2022; PY5] (O11),factor,ACPT lookup modified USPCC growth factor — ESRD; Agreement 2022; PY5,model_cell,MSSP ACPT,O11,,Preserve supplied workbook configuration / placeholder unless explicitly overridden.
1248,MSSP ACPT — ACPT lookup modified USPCC growth factor — Aged/disabled [Agreement 2022; PY1] (P11),factor,ACPT lookup modified USPCC growth factor — Aged/disabled; Agreement 2022; PY1,model_cell,MSSP ACPT,P11,,Preserve supplied workbook configuration / placeholder unless explicitly overridden.
1249,MSSP ACPT — ACPT lookup modified USPCC growth factor — Aged/disabled [Agreement 2022; PY2] (Q11),factor,ACPT lookup modified USPCC growth factor — Aged/disabled; Agreement 2022; PY2,model_cell,MSSP ACPT,Q11,,Preserve supplied workbook configuration / placeholder unless explicitly overridden.
1250,MSSP ACPT — ACPT lookup modified USPCC growth factor — Aged/disabled [Agreement 2022; PY3] (R11),factor,ACPT lookup modified USPCC growth factor — Aged/disabled; Agreement 2022; PY3,model_cell,MSSP ACPT,R11,,Preserve supplied workbook configuration / placeholder unless explicitly overridden.
1251,MSSP ACPT — ACPT lookup modified USPCC growth factor — Aged/disabled [Agreement 2022; PY4] (S11),factor,ACPT lookup modified USPCC growth factor — Aged/disabled; Agreement 2022; PY4,model_cell,MSSP ACPT,S11,,Preserve supplied workbook configuration / placeholder unless explicitly overridden.
1252,MSSP ACPT — ACPT lookup modified USPCC growth factor — Aged/disabled [Agreement 2022; PY5] (T11),factor,ACPT lookup modified USPCC growth factor — Aged/disabled; Agreement 2022; PY5,model_cell,MSSP ACPT,T11,,Preserve supplied workbook configuration / placeholder unless explicitly overridden.
1253,MSSP ACPT — Cumulative Modified USPCC Growth Rates — Aged/Disabled [PY1; 2027] (C12),factor,Cumulative Modified USPCC Growth Rates — Aged/Disabled; PY1; 2027,model_cell,MSSP ACPT,C12,=C9,Recompute formula for each TIN; cached Excel result must not be used.
1254,MSSP ACPT — Cumulative Modified USPCC Growth Rates — Aged/Disabled [PY2; 2028] (D12),factor,Cumulative Modified USPCC Growth Rates — Aged/Disabled; PY2; 2028,model_cell,MSSP ACPT,D12,=PRODUCT(C9:D9),Recompute formula for each TIN; cached Excel result must not be used.
1255,MSSP ACPT — Cumulative Modified USPCC Growth Rates — Aged/Disabled [PY3; 2029] (E12),factor,Cumulative Modified USPCC Growth Rates — Aged/Disabled; PY3; 2029,model_cell,MSSP ACPT,E12,=PRODUCT(C9:E9),Recompute formula for each TIN; cached Excel result must not be used.
1256,MSSP ACPT — Cumulative Modified USPCC Growth Rates — Aged/Disabled [PY4; 2030] (F12),factor,Cumulative Modified USPCC Growth Rates — Aged/Disabled; PY4; 2030,model_cell,MSSP ACPT,F12,=PRODUCT(C9:F9),Recompute formula for each TIN; cached Excel result must not be used.
1257,MSSP ACPT — Cumulative Modified USPCC Growth Rates — Aged/Disabled [PY5; 2031] (G12),factor,Cumulative Modified USPCC Growth Rates — Aged/Disabled; PY5; 2031,model_cell,MSSP ACPT,G12,=PRODUCT(C9:G9),Recompute formula for each TIN; cached Excel result must not be used.
1258,MSSP ACPT — ACPT lookup agreement start year [J12] (J12),year,ACPT lookup agreement start year; J12,model_cell,MSSP ACPT,J12,,Preserve supplied workbook configuration / placeholder unless explicitly overridden.
1259,MSSP ACPT — ACPT lookup modified USPCC growth factor — ESRD [Agreement 2023; PY1] (K12),factor,ACPT lookup modified USPCC growth factor — ESRD; Agreement 2023; PY1,model_cell,MSSP ACPT,K12,,Preserve supplied workbook configuration / placeholder unless explicitly overridden.
1260,MSSP ACPT — ACPT lookup modified USPCC growth factor — ESRD [Agreement 2023; PY2] (L12),factor,ACPT lookup modified USPCC growth factor — ESRD; Agreement 2023; PY2,model_cell,MSSP ACPT,L12,,Preserve supplied workbook configuration / placeholder unless explicitly overridden.
1261,MSSP ACPT — ACPT lookup modified USPCC growth factor — ESRD [Agreement 2023; PY3] (M12),factor,ACPT lookup modified USPCC growth factor — ESRD; Agreement 2023; PY3,model_cell,MSSP ACPT,M12,,Preserve supplied workbook configuration / placeholder unless explicitly overridden.
1262,MSSP ACPT — ACPT lookup modified USPCC growth factor — ESRD [Agreement 2023; PY4] (N12),factor,ACPT lookup modified USPCC growth factor — ESRD; Agreement 2023; PY4,model_cell,MSSP ACPT,N12,,Preserve supplied workbook configuration / placeholder unless explicitly overridden.
1263,MSSP ACPT — ACPT lookup modified USPCC growth factor — ESRD [Agreement 2023; PY5] (O12),factor,ACPT lookup modified USPCC growth factor — ESRD; Agreement 2023; PY5,model_cell,MSSP ACPT,O12,,Preserve supplied workbook configuration / placeholder unless explicitly overridden.
1264,MSSP ACPT — ACPT lookup modified USPCC growth factor — Aged/disabled [Agreement 2023; PY1] (P12),factor,ACPT lookup modified USPCC growth factor — Aged/disabled; Agreement 2023; PY1,model_cell,MSSP ACPT,P12,,Preserve supplied workbook configuration / placeholder unless explicitly overridden.
1265,MSSP ACPT — ACPT lookup modified USPCC growth factor — Aged/disabled [Agreement 2023; PY2] (Q12),factor,ACPT lookup modified USPCC growth factor — Aged/disabled; Agreement 2023; PY2,model_cell,MSSP ACPT,Q12,,Preserve supplied workbook configuration / placeholder unless explicitly overridden.
1266,MSSP ACPT — ACPT lookup modified USPCC growth factor — Aged/disabled [Agreement 2023; PY3] (R12),factor,ACPT lookup modified USPCC growth factor — Aged/disabled; Agreement 2023; PY3,model_cell,MSSP ACPT,R12,,Preserve supplied workbook configuration / placeholder unless explicitly overridden.
1267,MSSP ACPT — ACPT lookup modified USPCC growth factor — Aged/disabled [Agreement 2023; PY4] (S12),factor,ACPT lookup modified USPCC growth factor — Aged/disabled; Agreement 2023; PY4,model_cell,MSSP ACPT,S12,,Preserve supplied workbook configuration / placeholder unless explicitly overridden.
1268,MSSP ACPT — ACPT lookup modified USPCC growth factor — Aged/disabled [Agreement 2023; PY5] (T12),factor,ACPT lookup modified USPCC growth factor — Aged/disabled; Agreement 2023; PY5,model_cell,MSSP ACPT,T12,,Preserve supplied workbook configuration / placeholder unless explicitly overridden.
1269,MSSP ACPT — ACPT lookup agreement start year [J13] (J13),year,ACPT lookup agreement start year; J13,model_cell,MSSP ACPT,J13,,Preserve supplied workbook configuration / placeholder unless explicitly overridden.
1270,MSSP ACPT — ACPT lookup modified USPCC growth factor — ESRD [Agreement 2024; PY1] (K13),factor,ACPT lookup modified USPCC growth factor — ESRD; Agreement 2024; PY1,model_cell,MSSP ACPT,K13,,Preserve supplied workbook configuration / placeholder unless explicitly overridden.
1271,MSSP ACPT — ACPT lookup modified USPCC growth factor — ESRD [Agreement 2024; PY2] (L13),factor,ACPT lookup modified USPCC growth factor — ESRD; Agreement 2024; PY2,model_cell,MSSP ACPT,L13,,Preserve supplied workbook configuration / placeholder unless explicitly overridden.
1272,MSSP ACPT — ACPT lookup modified USPCC growth factor — ESRD [Agreement 2024; PY3] (M13),factor,ACPT lookup modified USPCC growth factor — ESRD; Agreement 2024; PY3,model_cell,MSSP ACPT,M13,,Preserve supplied workbook configuration / placeholder unless explicitly overridden.
1273,MSSP ACPT — ACPT lookup modified USPCC growth factor — ESRD [Agreement 2024; PY4] (N13),factor,ACPT lookup modified USPCC growth factor — ESRD; Agreement 2024; PY4,model_cell,MSSP ACPT,N13,,Preserve supplied workbook configuration / placeholder unless explicitly overridden.
1274,MSSP ACPT — ACPT lookup modified USPCC growth factor — ESRD [Agreement 2024; PY5] (O13),factor,ACPT lookup modified USPCC growth factor — ESRD; Agreement 2024; PY5,model_cell,MSSP ACPT,O13,,Preserve supplied workbook configuration / placeholder unless explicitly overridden.
1275,MSSP ACPT — ACPT lookup modified USPCC growth factor — Aged/disabled [Agreement 2024; PY1] (P13),factor,ACPT lookup modified USPCC growth factor — Aged/disabled; Agreement 2024; PY1,model_cell,MSSP ACPT,P13,,Preserve supplied workbook configuration / placeholder unless explicitly overridden.
1276,MSSP ACPT — ACPT lookup modified USPCC growth factor — Aged/disabled [Agreement 2024; PY2] (Q13),factor,ACPT lookup modified USPCC growth factor — Aged/disabled; Agreement 2024; PY2,model_cell,MSSP ACPT,Q13,,Preserve supplied workbook configuration / placeholder unless explicitly overridden.
1277,MSSP ACPT — ACPT lookup modified USPCC growth factor — Aged/disabled [Agreement 2024; PY3] (R13),factor,ACPT lookup modified USPCC growth factor — Aged/disabled; Agreement 2024; PY3,model_cell,MSSP ACPT,R13,,Preserve supplied workbook configuration / placeholder unless explicitly overridden.
1278,MSSP ACPT — ACPT lookup modified USPCC growth factor — Aged/disabled [Agreement 2024; PY4] (S13),factor,ACPT lookup modified USPCC growth factor — Aged/disabled; Agreement 2024; PY4,model_cell,MSSP ACPT,S13,,Preserve supplied workbook configuration / placeholder unless explicitly overridden.
1279,MSSP ACPT — ACPT lookup modified USPCC growth factor — Aged/disabled [Agreement 2024; PY5] (T13),factor,ACPT lookup modified USPCC growth factor — Aged/disabled; Agreement 2024; PY5,model_cell,MSSP ACPT,T13,,Preserve supplied workbook configuration / placeholder unless explicitly overridden.
1280,MSSP ACPT — OACT Truncated National Assignable FFS Per Capita Expenditures for BY3 ($) — ESRD [BY3] (B14),USD/person-year,OACT Truncated National Assignable FFS Per Capita Expenditures for BY3 ($) — ESRD; BY3,model_cell,MSSP ACPT,B14,"=INDEX('MSSP Assumptions'!$B$27:$I$30,MATCH('MSSP ACPT'!$A14,'MSSP Assumptions'!$A$27:$A$30,0),MATCH('MSSP ACPT'!$B$5,'MSSP Assumptions'!$B$26:$I$26,0))",Recompute formula for each TIN; cached Excel result must not be used.
1281,MSSP ACPT — ACPT lookup agreement start year [J14] (J14),year,ACPT lookup agreement start year; J14,model_cell,MSSP ACPT,J14,,Preserve supplied workbook configuration / placeholder unless explicitly overridden.
1282,MSSP ACPT — ACPT lookup modified USPCC growth factor — ESRD [Agreement 2025; PY1] (K14),factor,ACPT lookup modified USPCC growth factor — ESRD; Agreement 2025; PY1,model_cell,MSSP ACPT,K14,,Preserve supplied workbook configuration / placeholder unless explicitly overridden.
1283,MSSP ACPT — ACPT lookup modified USPCC growth factor — ESRD [Agreement 2025; PY2] (L14),factor,ACPT lookup modified USPCC growth factor — ESRD; Agreement 2025; PY2,model_cell,MSSP ACPT,L14,,Preserve supplied workbook configuration / placeholder unless explicitly overridden.
1284,MSSP ACPT — ACPT lookup modified USPCC growth factor — ESRD [Agreement 2025; PY3] (M14),factor,ACPT lookup modified USPCC growth factor — ESRD; Agreement 2025; PY3,model_cell,MSSP ACPT,M14,,Preserve supplied workbook configuration / placeholder unless explicitly overridden.
1285,MSSP ACPT — ACPT lookup modified USPCC growth factor — ESRD [Agreement 2025; PY4] (N14),factor,ACPT lookup modified USPCC growth factor — ESRD; Agreement 2025; PY4,model_cell,MSSP ACPT,N14,,Preserve supplied workbook configuration / placeholder unless explicitly overridden.
1286,MSSP ACPT — ACPT lookup modified USPCC growth factor — ESRD [Agreement 2025; PY5] (O14),factor,ACPT lookup modified USPCC growth factor — ESRD; Agreement 2025; PY5,model_cell,MSSP ACPT,O14,,Preserve supplied workbook configuration / placeholder unless explicitly overridden.
1287,MSSP ACPT — ACPT lookup modified USPCC growth factor — Aged/disabled [Agreement 2025; PY1] (P14),factor,ACPT lookup modified USPCC growth factor — Aged/disabled; Agreement 2025; PY1,model_cell,MSSP ACPT,P14,,Preserve supplied workbook configuration / placeholder unless explicitly overridden.
1288,MSSP ACPT — ACPT lookup modified USPCC growth factor — Aged/disabled [Agreement 2025; PY2] (Q14),factor,ACPT lookup modified USPCC growth factor — Aged/disabled; Agreement 2025; PY2,model_cell,MSSP ACPT,Q14,,Preserve supplied workbook configuration / placeholder unless explicitly overridden.
1289,MSSP ACPT — ACPT lookup modified USPCC growth factor — Aged/disabled [Agreement 2025; PY3] (R14),factor,ACPT lookup modified USPCC growth factor — Aged/disabled; Agreement 2025; PY3,model_cell,MSSP ACPT,R14,,Preserve supplied workbook configuration / placeholder unless explicitly overridden.
1290,MSSP ACPT — ACPT lookup modified USPCC growth factor — Aged/disabled [Agreement 2025; PY4] (S14),factor,ACPT lookup modified USPCC growth factor — Aged/disabled; Agreement 2025; PY4,model_cell,MSSP ACPT,S14,,Preserve supplied workbook configuration / placeholder unless explicitly overridden.
1291,MSSP ACPT — ACPT lookup modified USPCC growth factor — Aged/disabled [Agreement 2025; PY5] (T14),factor,ACPT lookup modified USPCC growth factor — Aged/disabled; Agreement 2025; PY5,model_cell,MSSP ACPT,T14,,Preserve supplied workbook configuration / placeholder unless explicitly overridden.
1292,MSSP ACPT — OACT Truncated National Assignable FFS Per Capita Expenditures for BY3 ($) — Disabled [BY3] (B15),USD/person-year,OACT Truncated National Assignable FFS Per Capita Expenditures for BY3 ($) — Disabled; BY3,model_cell,MSSP ACPT,B15,"=INDEX('MSSP Assumptions'!$B$27:$I$30,MATCH('MSSP ACPT'!$A15,'MSSP Assumptions'!$A$27:$A$30,0),MATCH('MSSP ACPT'!$B$5,'MSSP Assumptions'!$B$26:$I$26,0))",Recompute formula for each TIN; cached Excel result must not be used.
1293,MSSP ACPT — ACPT lookup agreement start year [J15] (J15),year,ACPT lookup agreement start year; J15,model_cell,MSSP ACPT,J15,,Preserve supplied workbook configuration / placeholder unless explicitly overridden.
1294,MSSP ACPT — ACPT lookup modified USPCC growth factor — ESRD [Agreement 2026; PY1] (K15),factor,ACPT lookup modified USPCC growth factor — ESRD; Agreement 2026; PY1,model_cell,MSSP ACPT,K15,,Preserve supplied workbook configuration / placeholder unless explicitly overridden.
1295,MSSP ACPT — ACPT lookup modified USPCC growth factor — ESRD [Agreement 2026; PY2] (L15),factor,ACPT lookup modified USPCC growth factor — ESRD; Agreement 2026; PY2,model_cell,MSSP ACPT,L15,,Preserve supplied workbook configuration / placeholder unless explicitly overridden.
1296,MSSP ACPT — ACPT lookup modified USPCC growth factor — ESRD [Agreement 2026; PY3] (M15),factor,ACPT lookup modified USPCC growth factor — ESRD; Agreement 2026; PY3,model_cell,MSSP ACPT,M15,,Preserve supplied workbook configuration / placeholder unless explicitly overridden.
1297,MSSP ACPT — ACPT lookup modified USPCC growth factor — ESRD [Agreement 2026; PY4] (N15),factor,ACPT lookup modified USPCC growth factor — ESRD; Agreement 2026; PY4,model_cell,MSSP ACPT,N15,,Preserve supplied workbook configuration / placeholder unless explicitly overridden.
1298,MSSP ACPT — ACPT lookup modified USPCC growth factor — ESRD [Agreement 2026; PY5] (O15),factor,ACPT lookup modified USPCC growth factor — ESRD; Agreement 2026; PY5,model_cell,MSSP ACPT,O15,,Preserve supplied workbook configuration / placeholder unless explicitly overridden.
1299,MSSP ACPT — ACPT lookup modified USPCC growth factor — Aged/disabled [Agreement 2026; PY1] (P15),factor,ACPT lookup modified USPCC growth factor — Aged/disabled; Agreement 2026; PY1,model_cell,MSSP ACPT,P15,,Preserve supplied workbook configuration / placeholder unless explicitly overridden.
1300,MSSP ACPT — ACPT lookup modified USPCC growth factor — Aged/disabled [Agreement 2026; PY2] (Q15),factor,ACPT lookup modified USPCC growth factor — Aged/disabled; Agreement 2026; PY2,model_cell,MSSP ACPT,Q15,,Preserve supplied workbook configuration / placeholder unless explicitly overridden.
1301,MSSP ACPT — ACPT lookup modified USPCC growth factor — Aged/disabled [Agreement 2026; PY3] (R15),factor,ACPT lookup modified USPCC growth factor — Aged/disabled; Agreement 2026; PY3,model_cell,MSSP ACPT,R15,,Preserve supplied workbook configuration / placeholder unless explicitly overridden.
1302,MSSP ACPT — ACPT lookup modified USPCC growth factor — Aged/disabled [Agreement 2026; PY4] (S15),factor,ACPT lookup modified USPCC growth factor — Aged/disabled; Agreement 2026; PY4,model_cell,MSSP ACPT,S15,,Preserve supplied workbook configuration / placeholder unless explicitly overridden.
1303,MSSP ACPT — ACPT lookup modified USPCC growth factor — Aged/disabled [Agreement 2026; PY5] (T15),factor,ACPT lookup modified USPCC growth factor — Aged/disabled; Agreement 2026; PY5,model_cell,MSSP ACPT,T15,,Preserve supplied workbook configuration / placeholder unless explicitly overridden.
1304,MSSP ACPT — OACT Truncated National Assignable FFS Per Capita Expenditures for BY3 ($) — Aged/dual [BY3] (B16),USD/person-year,OACT Truncated National Assignable FFS Per Capita Expenditures for BY3 ($) — Aged/dual; BY3,model_cell,MSSP ACPT,B16,"=INDEX('MSSP Assumptions'!$B$27:$I$30,MATCH('MSSP ACPT'!$A16,'MSSP Assumptions'!$A$27:$A$30,0),MATCH('MSSP ACPT'!$B$5,'MSSP Assumptions'!$B$26:$I$26,0))",Recompute formula for each TIN; cached Excel result must not be used.
1305,MSSP ACPT — ACPT lookup agreement start year [J16] (J16),year,ACPT lookup agreement start year; J16,model_cell,MSSP ACPT,J16,,Preserve supplied workbook configuration / placeholder unless explicitly overridden.
1306,MSSP ACPT — ACPT lookup modified USPCC growth factor — ESRD [Agreement 2027; PY1] (K16),factor,ACPT lookup modified USPCC growth factor — ESRD; Agreement 2027; PY1,model_cell,MSSP ACPT,K16,,Preserve supplied workbook configuration / placeholder unless explicitly overridden.
1307,MSSP ACPT — ACPT lookup modified USPCC growth factor — ESRD [Agreement 2027; PY2] (L16),factor,ACPT lookup modified USPCC growth factor — ESRD; Agreement 2027; PY2,model_cell,MSSP ACPT,L16,,Preserve supplied workbook configuration / placeholder unless explicitly overridden.
1308,MSSP ACPT — ACPT lookup modified USPCC growth factor — ESRD [Agreement 2027; PY3] (M16),factor,ACPT lookup modified USPCC growth factor — ESRD; Agreement 2027; PY3,model_cell,MSSP ACPT,M16,,Preserve supplied workbook configuration / placeholder unless explicitly overridden.
1309,MSSP ACPT — ACPT lookup modified USPCC growth factor — ESRD [Agreement 2027; PY4] (N16),factor,ACPT lookup modified USPCC growth factor — ESRD; Agreement 2027; PY4,model_cell,MSSP ACPT,N16,,Preserve supplied workbook configuration / placeholder unless explicitly overridden.
1310,MSSP ACPT — ACPT lookup modified USPCC growth factor — ESRD [Agreement 2027; PY5] (O16),factor,ACPT lookup modified USPCC growth factor — ESRD; Agreement 2027; PY5,model_cell,MSSP ACPT,O16,,Preserve supplied workbook configuration / placeholder unless explicitly overridden.
1311,MSSP ACPT — ACPT lookup modified USPCC growth factor — Aged/disabled [Agreement 2027; PY1] (P16),factor,ACPT lookup modified USPCC growth factor — Aged/disabled; Agreement 2027; PY1,model_cell,MSSP ACPT,P16,,Preserve supplied workbook configuration / placeholder unless explicitly overridden.
1312,MSSP ACPT — ACPT lookup modified USPCC growth factor — Aged/disabled [Agreement 2027; PY2] (Q16),factor,ACPT lookup modified USPCC growth factor — Aged/disabled; Agreement 2027; PY2,model_cell,MSSP ACPT,Q16,,Preserve supplied workbook configuration / placeholder unless explicitly overridden.
1313,MSSP ACPT — ACPT lookup modified USPCC growth factor — Aged/disabled [Agreement 2027; PY3] (R16),factor,ACPT lookup modified USPCC growth factor — Aged/disabled; Agreement 2027; PY3,model_cell,MSSP ACPT,R16,,Preserve supplied workbook configuration / placeholder unless explicitly overridden.
1314,MSSP ACPT — ACPT lookup modified USPCC growth factor — Aged/disabled [Agreement 2027; PY4] (S16),factor,ACPT lookup modified USPCC growth factor — Aged/disabled; Agreement 2027; PY4,model_cell,MSSP ACPT,S16,,Preserve supplied workbook configuration / placeholder unless explicitly overridden.
1315,MSSP ACPT — ACPT lookup modified USPCC growth factor — Aged/disabled [Agreement 2027; PY5] (T16),factor,ACPT lookup modified USPCC growth factor — Aged/disabled; Agreement 2027; PY5,model_cell,MSSP ACPT,T16,,Preserve supplied workbook configuration / placeholder unless explicitly overridden.
1316,MSSP ACPT — OACT Truncated National Assignable FFS Per Capita Expenditures for BY3 ($) — Aged/non-dual [BY3] (B17),USD/person-year,OACT Truncated National Assignable FFS Per Capita Expenditures for BY3 ($) — Aged/non-dual; BY3,model_cell,MSSP ACPT,B17,"=INDEX('MSSP Assumptions'!$B$27:$I$30,MATCH('MSSP ACPT'!$A17,'MSSP Assumptions'!$A$27:$A$30,0),MATCH('MSSP ACPT'!$B$5,'MSSP Assumptions'!$B$26:$I$26,0))",Recompute formula for each TIN; cached Excel result must not be used.
1317,MSSP ACPT — Flat Dollar Amount ($) — ESRD [PY1; 2027] (C19),USD/person-year,Flat Dollar Amount ($) — ESRD; PY1; 2027,model_cell,MSSP ACPT,C19,"=IFERROR(($B14*((C11-1))),""-"")",Recompute formula for each TIN; cached Excel result must not be used.
1318,MSSP ACPT — Flat Dollar Amount ($) — ESRD [PY2; 2028] (D19),USD/person-year,Flat Dollar Amount ($) — ESRD; PY2; 2028,model_cell,MSSP ACPT,D19,"=IFERROR(($B14*((D11-1))),""-"")",Recompute formula for each TIN; cached Excel result must not be used.
1319,MSSP ACPT — Flat Dollar Amount ($) — ESRD [PY3; 2029] (E19),USD/person-year,Flat Dollar Amount ($) — ESRD; PY3; 2029,model_cell,MSSP ACPT,E19,"=IFERROR(($B14*((E11-1))),""-"")",Recompute formula for each TIN; cached Excel result must not be used.
1320,MSSP ACPT — Flat Dollar Amount ($) — ESRD [PY4; 2030] (F19),USD/person-year,Flat Dollar Amount ($) — ESRD; PY4; 2030,model_cell,MSSP ACPT,F19,"=IFERROR(($B14*((F11-1))),""-"")",Recompute formula for each TIN; cached Excel result must not be used.
1321,MSSP ACPT — Flat Dollar Amount ($) — ESRD [PY5; 2031] (G19),USD/person-year,Flat Dollar Amount ($) — ESRD; PY5; 2031,model_cell,MSSP ACPT,G19,"=IFERROR(($B14*((G11-1))),""-"")",Recompute formula for each TIN; cached Excel result must not be used.
1322,MSSP ACPT — Flat Dollar Amount ($) — Disabled [PY1; 2027] (C20),USD/person-year,Flat Dollar Amount ($) — Disabled; PY1; 2027,model_cell,MSSP ACPT,C20,"=IFERROR(($B15*((C$12-1))),""-"")",Recompute formula for each TIN; cached Excel result must not be used.
1323,MSSP ACPT — Flat Dollar Amount ($) — Disabled [PY2; 2028] (D20),USD/person-year,Flat Dollar Amount ($) — Disabled; PY2; 2028,model_cell,MSSP ACPT,D20,"=IFERROR(($B15*((D$12-1))),""-"")",Recompute formula for each TIN; cached Excel result must not be used.
1324,MSSP ACPT — Flat Dollar Amount ($) — Disabled [PY3; 2029] (E20),USD/person-year,Flat Dollar Amount ($) — Disabled; PY3; 2029,model_cell,MSSP ACPT,E20,"=IFERROR(($B15*((E$12-1))),""-"")",Recompute formula for each TIN; cached Excel result must not be used.
1325,MSSP ACPT — Flat Dollar Amount ($) — Disabled [PY4; 2030] (F20),USD/person-year,Flat Dollar Amount ($) — Disabled; PY4; 2030,model_cell,MSSP ACPT,F20,"=IFERROR(($B15*((F$12-1))),""-"")",Recompute formula for each TIN; cached Excel result must not be used.
1326,MSSP ACPT — Flat Dollar Amount ($) — Disabled [PY5; 2031] (G20),USD/person-year,Flat Dollar Amount ($) — Disabled; PY5; 2031,model_cell,MSSP ACPT,G20,"=IFERROR(($B15*((G$12-1))),""-"")",Recompute formula for each TIN; cached Excel result must not be used.
1327,MSSP ACPT — Flat Dollar Amount ($) — Aged/dual [PY1; 2027] (C21),USD/person-year,Flat Dollar Amount ($) — Aged/dual; PY1; 2027,model_cell,MSSP ACPT,C21,"=IFERROR(($B16*((C$12-1))),""-"")",Recompute formula for each TIN; cached Excel result must not be used.
1328,MSSP ACPT — Flat Dollar Amount ($) — Aged/dual [PY2; 2028] (D21),USD/person-year,Flat Dollar Amount ($) — Aged/dual; PY2; 2028,model_cell,MSSP ACPT,D21,"=IFERROR(($B16*((D$12-1))),""-"")",Recompute formula for each TIN; cached Excel result must not be used.
1329,MSSP ACPT — Flat Dollar Amount ($) — Aged/dual [PY3; 2029] (E21),USD/person-year,Flat Dollar Amount ($) — Aged/dual; PY3; 2029,model_cell,MSSP ACPT,E21,"=IFERROR(($B16*((E$12-1))),""-"")",Recompute formula for each TIN; cached Excel result must not be used.
1330,MSSP ACPT — Flat Dollar Amount ($) — Aged/dual [PY4; 2030] (F21),USD/person-year,Flat Dollar Amount ($) — Aged/dual; PY4; 2030,model_cell,MSSP ACPT,F21,"=IFERROR(($B16*((F$12-1))),""-"")",Recompute formula for each TIN; cached Excel result must not be used.
1331,MSSP ACPT — Flat Dollar Amount ($) — Aged/dual [PY5; 2031] (G21),USD/person-year,Flat Dollar Amount ($) — Aged/dual; PY5; 2031,model_cell,MSSP ACPT,G21,"=IFERROR(($B16*((G$12-1))),""-"")",Recompute formula for each TIN; cached Excel result must not be used.
1332,MSSP ACPT — Flat Dollar Amount ($) — Aged/non-dual [PY1; 2027] (C22),USD/person-year,Flat Dollar Amount ($) — Aged/non-dual; PY1; 2027,model_cell,MSSP ACPT,C22,"=IFERROR(($B17*((C$12-1))),""-"")",Recompute formula for each TIN; cached Excel result must not be used.
1333,MSSP ACPT — Flat Dollar Amount ($) — Aged/non-dual [PY2; 2028] (D22),USD/person-year,Flat Dollar Amount ($) — Aged/non-dual; PY2; 2028,model_cell,MSSP ACPT,D22,"=IFERROR(($B17*((D$12-1))),""-"")",Recompute formula for each TIN; cached Excel result must not be used.
1334,MSSP ACPT — Flat Dollar Amount ($) — Aged/non-dual [PY3; 2029] (E22),USD/person-year,Flat Dollar Amount ($) — Aged/non-dual; PY3; 2029,model_cell,MSSP ACPT,E22,"=IFERROR(($B17*((E$12-1))),""-"")",Recompute formula for each TIN; cached Excel result must not be used.
1335,MSSP ACPT — Flat Dollar Amount ($) — Aged/non-dual [PY4; 2030] (F22),USD/person-year,Flat Dollar Amount ($) — Aged/non-dual; PY4; 2030,model_cell,MSSP ACPT,F22,"=IFERROR(($B17*((F$12-1))),""-"")",Recompute formula for each TIN; cached Excel result must not be used.
1336,MSSP ACPT — Flat Dollar Amount ($) — Aged/non-dual [PY5; 2031] (G22),USD/person-year,Flat Dollar Amount ($) — Aged/non-dual; PY5; 2031,model_cell,MSSP ACPT,G22,"=IFERROR(($B17*((G$12-1))),""-"")",Recompute formula for each TIN; cached Excel result must not be used.
1337,MSSP ACPT — ACO Risk-Adjusted Flat Dollar Amount ($) — ESRD [PY1; 2027] (C24),USD/person-year,ACO Risk-Adjusted Flat Dollar Amount ($) — ESRD; PY1; 2027,model_cell,MSSP ACPT,C24,"=IFERROR((C19*'MSSP Historical Benchmark '!$D21),""-"")",Recompute formula for each TIN; cached Excel result must not be used.
1338,MSSP ACPT — ACO Risk-Adjusted Flat Dollar Amount ($) — ESRD [PY2; 2028] (D24),USD/person-year,ACO Risk-Adjusted Flat Dollar Amount ($) — ESRD; PY2; 2028,model_cell,MSSP ACPT,D24,"=IFERROR((D19*'MSSP Historical Benchmark '!$D21),""-"")",Recompute formula for each TIN; cached Excel result must not be used.
1339,MSSP ACPT — ACO Risk-Adjusted Flat Dollar Amount ($) — ESRD [PY3; 2029] (E24),USD/person-year,ACO Risk-Adjusted Flat Dollar Amount ($) — ESRD; PY3; 2029,model_cell,MSSP ACPT,E24,"=IFERROR((E19*'MSSP Historical Benchmark '!$D21),""-"")",Recompute formula for each TIN; cached Excel result must not be used.
1340,MSSP ACPT — ACO Risk-Adjusted Flat Dollar Amount ($) — ESRD [PY4; 2030] (F24),USD/person-year,ACO Risk-Adjusted Flat Dollar Amount ($) — ESRD; PY4; 2030,model_cell,MSSP ACPT,F24,"=IFERROR((F19*'MSSP Historical Benchmark '!$D21),""-"")",Recompute formula for each TIN; cached Excel result must not be used.
1341,MSSP ACPT — ACO Risk-Adjusted Flat Dollar Amount ($) — ESRD [PY5; 2031] (G24),USD/person-year,ACO Risk-Adjusted Flat Dollar Amount ($) — ESRD; PY5; 2031,model_cell,MSSP ACPT,G24,"=IFERROR((G19*'MSSP Historical Benchmark '!$D21),""-"")",Recompute formula for each TIN; cached Excel result must not be used.
1342,MSSP ACPT — ACO Risk-Adjusted Flat Dollar Amount ($) — Disabled [PY1; 2027] (C25),USD/person-year,ACO Risk-Adjusted Flat Dollar Amount ($) — Disabled; PY1; 2027,model_cell,MSSP ACPT,C25,"=IFERROR((C20*'MSSP Historical Benchmark '!$D22),""-"")",Recompute formula for each TIN; cached Excel result must not be used.
1343,MSSP ACPT — ACO Risk-Adjusted Flat Dollar Amount ($) — Disabled [PY2; 2028] (D25),USD/person-year,ACO Risk-Adjusted Flat Dollar Amount ($) — Disabled; PY2; 2028,model_cell,MSSP ACPT,D25,"=IFERROR((D20*'MSSP Historical Benchmark '!$D22),""-"")",Recompute formula for each TIN; cached Excel result must not be used.
1344,MSSP ACPT — ACO Risk-Adjusted Flat Dollar Amount ($) — Disabled [PY3; 2029] (E25),USD/person-year,ACO Risk-Adjusted Flat Dollar Amount ($) — Disabled; PY3; 2029,model_cell,MSSP ACPT,E25,"=IFERROR((E20*'MSSP Historical Benchmark '!$D22),""-"")",Recompute formula for each TIN; cached Excel result must not be used.
1345,MSSP ACPT — ACO Risk-Adjusted Flat Dollar Amount ($) — Disabled [PY4; 2030] (F25),USD/person-year,ACO Risk-Adjusted Flat Dollar Amount ($) — Disabled; PY4; 2030,model_cell,MSSP ACPT,F25,"=IFERROR((F20*'MSSP Historical Benchmark '!$D22),""-"")",Recompute formula for each TIN; cached Excel result must not be used.
1346,MSSP ACPT — ACO Risk-Adjusted Flat Dollar Amount ($) — Disabled [PY5; 2031] (G25),USD/person-year,ACO Risk-Adjusted Flat Dollar Amount ($) — Disabled; PY5; 2031,model_cell,MSSP ACPT,G25,"=IFERROR((G20*'MSSP Historical Benchmark '!$D22),""-"")",Recompute formula for each TIN; cached Excel result must not be used.
1347,MSSP ACPT — ACO Risk-Adjusted Flat Dollar Amount ($) — Aged/dual [PY1; 2027] (C26),USD/person-year,ACO Risk-Adjusted Flat Dollar Amount ($) — Aged/dual; PY1; 2027,model_cell,MSSP ACPT,C26,"=IFERROR((C21*'MSSP Historical Benchmark '!$D23),""-"")",Recompute formula for each TIN; cached Excel result must not be used.
1348,MSSP ACPT — ACO Risk-Adjusted Flat Dollar Amount ($) — Aged/dual [PY2; 2028] (D26),USD/person-year,ACO Risk-Adjusted Flat Dollar Amount ($) — Aged/dual; PY2; 2028,model_cell,MSSP ACPT,D26,"=IFERROR((D21*'MSSP Historical Benchmark '!$D23),""-"")",Recompute formula for each TIN; cached Excel result must not be used.
1349,MSSP ACPT — ACO Risk-Adjusted Flat Dollar Amount ($) — Aged/dual [PY3; 2029] (E26),USD/person-year,ACO Risk-Adjusted Flat Dollar Amount ($) — Aged/dual; PY3; 2029,model_cell,MSSP ACPT,E26,"=IFERROR((E21*'MSSP Historical Benchmark '!$D23),""-"")",Recompute formula for each TIN; cached Excel result must not be used.
1350,MSSP ACPT — ACO Risk-Adjusted Flat Dollar Amount ($) — Aged/dual [PY4; 2030] (F26),USD/person-year,ACO Risk-Adjusted Flat Dollar Amount ($) — Aged/dual; PY4; 2030,model_cell,MSSP ACPT,F26,"=IFERROR((F21*'MSSP Historical Benchmark '!$D23),""-"")",Recompute formula for each TIN; cached Excel result must not be used.
1351,MSSP ACPT — ACO Risk-Adjusted Flat Dollar Amount ($) — Aged/dual [PY5; 2031] (G26),USD/person-year,ACO Risk-Adjusted Flat Dollar Amount ($) — Aged/dual; PY5; 2031,model_cell,MSSP ACPT,G26,"=IFERROR((G21*'MSSP Historical Benchmark '!$D23),""-"")",Recompute formula for each TIN; cached Excel result must not be used.
1352,MSSP ACPT — ACO Risk-Adjusted Flat Dollar Amount ($) — Aged/non-dual [PY1; 2027] (C27),USD/person-year,ACO Risk-Adjusted Flat Dollar Amount ($) — Aged/non-dual; PY1; 2027,model_cell,MSSP ACPT,C27,"=IFERROR((C22*'MSSP Historical Benchmark '!$D24),""-"")",Recompute formula for each TIN; cached Excel result must not be used.
1353,MSSP ACPT — ACO Risk-Adjusted Flat Dollar Amount ($) — Aged/non-dual [PY2; 2028] (D27),USD/person-year,ACO Risk-Adjusted Flat Dollar Amount ($) — Aged/non-dual; PY2; 2028,model_cell,MSSP ACPT,D27,"=IFERROR((D22*'MSSP Historical Benchmark '!$D24),""-"")",Recompute formula for each TIN; cached Excel result must not be used.
1354,MSSP ACPT — ACO Risk-Adjusted Flat Dollar Amount ($) — Aged/non-dual [PY3; 2029] (E27),USD/person-year,ACO Risk-Adjusted Flat Dollar Amount ($) — Aged/non-dual; PY3; 2029,model_cell,MSSP ACPT,E27,"=IFERROR((E22*'MSSP Historical Benchmark '!$D24),""-"")",Recompute formula for each TIN; cached Excel result must not be used.
1355,MSSP ACPT — ACO Risk-Adjusted Flat Dollar Amount ($) — Aged/non-dual [PY4; 2030] (F27),USD/person-year,ACO Risk-Adjusted Flat Dollar Amount ($) — Aged/non-dual; PY4; 2030,model_cell,MSSP ACPT,F27,"=IFERROR((F22*'MSSP Historical Benchmark '!$D24),""-"")",Recompute formula for each TIN; cached Excel result must not be used.
1356,MSSP ACPT — ACO Risk-Adjusted Flat Dollar Amount ($) — Aged/non-dual [PY5; 2031] (G27),USD/person-year,ACO Risk-Adjusted Flat Dollar Amount ($) — Aged/non-dual; PY5; 2031,model_cell,MSSP ACPT,G27,"=IFERROR((G22*'MSSP Historical Benchmark '!$D24),""-"")",Recompute formula for each TIN; cached Excel result must not be used.
1357,MSSP ACPT — ACPT — ESRD [PY1; 2027] (C29),factor,ACPT — ESRD; PY1; 2027,model_cell,MSSP ACPT,C29,"=IFERROR(((C24/'MSSP Historical Benchmark '!$E59)+1),0)",Recompute formula for each TIN; cached Excel result must not be used.
1358,MSSP ACPT — ACPT — ESRD [PY2; 2028] (D29),factor,ACPT — ESRD; PY2; 2028,model_cell,MSSP ACPT,D29,"=IFERROR(((D24/'MSSP Historical Benchmark '!$E59)+1),0)",Recompute formula for each TIN; cached Excel result must not be used.
1359,MSSP ACPT — ACPT — ESRD [PY3; 2029] (E29),factor,ACPT — ESRD; PY3; 2029,model_cell,MSSP ACPT,E29,"=IFERROR(((E24/'MSSP Historical Benchmark '!$E59)+1),0)",Recompute formula for each TIN; cached Excel result must not be used.
1360,MSSP ACPT — ACPT — ESRD [PY4; 2030] (F29),factor,ACPT — ESRD; PY4; 2030,model_cell,MSSP ACPT,F29,"=IFERROR(((F24/'MSSP Historical Benchmark '!$E59)+1),0)",Recompute formula for each TIN; cached Excel result must not be used.
1361,MSSP ACPT — ACPT — ESRD [PY5; 2031] (G29),factor,ACPT — ESRD; PY5; 2031,model_cell,MSSP ACPT,G29,"=IFERROR(((G24/'MSSP Historical Benchmark '!$E59)+1),0)",Recompute formula for each TIN; cached Excel result must not be used.
1362,MSSP ACPT — ACPT — Disabled [PY1; 2027] (C30),factor,ACPT — Disabled; PY1; 2027,model_cell,MSSP ACPT,C30,"=IFERROR(((C25/'MSSP Historical Benchmark '!$E60)+1),0)",Recompute formula for each TIN; cached Excel result must not be used.
1363,MSSP ACPT — ACPT — Disabled [PY2; 2028] (D30),factor,ACPT — Disabled; PY2; 2028,model_cell,MSSP ACPT,D30,"=IFERROR(((D25/'MSSP Historical Benchmark '!$E60)+1),0)",Recompute formula for each TIN; cached Excel result must not be used.
1364,MSSP ACPT — ACPT — Disabled [PY3; 2029] (E30),factor,ACPT — Disabled; PY3; 2029,model_cell,MSSP ACPT,E30,"=IFERROR(((E25/'MSSP Historical Benchmark '!$E60)+1),0)",Recompute formula for each TIN; cached Excel result must not be used.
1365,MSSP ACPT — ACPT — Disabled [PY4; 2030] (F30),factor,ACPT — Disabled; PY4; 2030,model_cell,MSSP ACPT,F30,"=IFERROR(((F25/'MSSP Historical Benchmark '!$E60)+1),0)",Recompute formula for each TIN; cached Excel result must not be used.
1366,MSSP ACPT — ACPT — Disabled [PY5; 2031] (G30),factor,ACPT — Disabled; PY5; 2031,model_cell,MSSP ACPT,G30,"=IFERROR(((G25/'MSSP Historical Benchmark '!$E60)+1),0)",Recompute formula for each TIN; cached Excel result must not be used.
1367,MSSP ACPT — ACPT — Aged/dual [PY1; 2027] (C31),factor,ACPT — Aged/dual; PY1; 2027,model_cell,MSSP ACPT,C31,"=IFERROR(((C26/'MSSP Historical Benchmark '!$E61)+1),0)",Recompute formula for each TIN; cached Excel result must not be used.
1368,MSSP ACPT — ACPT — Aged/dual [PY2; 2028] (D31),factor,ACPT — Aged/dual; PY2; 2028,model_cell,MSSP ACPT,D31,"=IFERROR(((D26/'MSSP Historical Benchmark '!$E61)+1),0)",Recompute formula for each TIN; cached Excel result must not be used.
1369,MSSP ACPT — ACPT — Aged/dual [PY3; 2029] (E31),factor,ACPT — Aged/dual; PY3; 2029,model_cell,MSSP ACPT,E31,"=IFERROR(((E26/'MSSP Historical Benchmark '!$E61)+1),0)",Recompute formula for each TIN; cached Excel result must not be used.
1370,MSSP ACPT — ACPT — Aged/dual [PY4; 2030] (F31),factor,ACPT — Aged/dual; PY4; 2030,model_cell,MSSP ACPT,F31,"=IFERROR(((F26/'MSSP Historical Benchmark '!$E61)+1),0)",Recompute formula for each TIN; cached Excel result must not be used.
1371,MSSP ACPT — ACPT — Aged/dual [PY5; 2031] (G31),factor,ACPT — Aged/dual; PY5; 2031,model_cell,MSSP ACPT,G31,"=IFERROR(((G26/'MSSP Historical Benchmark '!$E61)+1),0)",Recompute formula for each TIN; cached Excel result must not be used.
1372,MSSP ACPT — ACPT — Aged/non-dual [PY1; 2027] (C32),factor,ACPT — Aged/non-dual; PY1; 2027,model_cell,MSSP ACPT,C32,"=IFERROR(((C27/'MSSP Historical Benchmark '!$E62)+1),0)",Recompute formula for each TIN; cached Excel result must not be used.
1373,MSSP ACPT — ACPT — Aged/non-dual [PY2; 2028] (D32),factor,ACPT — Aged/non-dual; PY2; 2028,model_cell,MSSP ACPT,D32,"=IFERROR(((D27/'MSSP Historical Benchmark '!$E62)+1),0)",Recompute formula for each TIN; cached Excel result must not be used.
1374,MSSP ACPT — ACPT — Aged/non-dual [PY3; 2029] (E32),factor,ACPT — Aged/non-dual; PY3; 2029,model_cell,MSSP ACPT,E32,"=IFERROR(((E27/'MSSP Historical Benchmark '!$E62)+1),0)",Recompute formula for each TIN; cached Excel result must not be used.
1375,MSSP ACPT — ACPT — Aged/non-dual [PY4; 2030] (F32),factor,ACPT — Aged/non-dual; PY4; 2030,model_cell,MSSP ACPT,F32,"=IFERROR(((F27/'MSSP Historical Benchmark '!$E62)+1),0)",Recompute formula for each TIN; cached Excel result must not be used.
1376,MSSP ACPT — ACPT — Aged/non-dual [PY5; 2031] (G32),factor,ACPT — Aged/non-dual; PY5; 2031,model_cell,MSSP ACPT,G32,"=IFERROR(((G27/'MSSP Historical Benchmark '!$E62)+1),0)",Recompute formula for each TIN; cached Excel result must not be used.
1377,MSSP Trend Factor — Trend calculation year [BY1] (B4),year,Trend calculation year; BY1,model_cell,MSSP Trend Factor,B4,=(C4-1),Recompute formula for each TIN; cached Excel result must not be used.
1378,MSSP Trend Factor — Trend calculation year [BY2] (C4),year,Trend calculation year; BY2,model_cell,MSSP Trend Factor,C4,=(D4-1),Recompute formula for each TIN; cached Excel result must not be used.
1379,MSSP Trend Factor — Trend calculation year [BY3] (D4),year,Trend calculation year; BY3,model_cell,MSSP Trend Factor,D4,='MSSP Parameters'!C4,Recompute formula for each TIN; cached Excel result must not be used.
1380,MSSP Trend Factor — Trend calculation year [PY] (F4),year,Trend calculation year; PY,model_cell,MSSP Trend Factor,F4,,Preserve supplied workbook configuration / placeholder unless explicitly overridden.
1381,MSSP Trend Factor — National expense weighted by TIN BY3 person years [BY3] (D6),USD/person-year,National expense weighted by TIN BY3 person years; BY3,model_cell,MSSP Trend Factor,D6,"=SUMPRODUCT(D7:D10,'MSSP Historical Benchmark '!D46:D49)",Recompute formula for each TIN; cached Excel result must not be used.
1382,MSSP Trend Factor — OACT National Assignable FFS Per Capita Expenditures ($) — ESRD [BY1] (B7),USD/person-year,OACT National Assignable FFS Per Capita Expenditures ($) — ESRD; BY1,model_cell,MSSP Trend Factor,B7,"=INDEX('MSSP Assumptions'!$B$10:$H$13,1,MATCH(B$4,'MSSP Assumptions'!$B$9:$H$9,0))",Recompute formula for each TIN; cached Excel result must not be used.
1383,MSSP Trend Factor — OACT National Assignable FFS Per Capita Expenditures ($) — ESRD [BY2] (C7),USD/person-year,OACT National Assignable FFS Per Capita Expenditures ($) — ESRD; BY2,model_cell,MSSP Trend Factor,C7,"=INDEX('MSSP Assumptions'!$B$10:$H$13,1,MATCH(C$4,'MSSP Assumptions'!$B$9:$H$9,0))",Recompute formula for each TIN; cached Excel result must not be used.
1384,MSSP Trend Factor — OACT National Assignable FFS Per Capita Expenditures ($) — ESRD [BY3] (D7),USD/person-year,OACT National Assignable FFS Per Capita Expenditures ($) — ESRD; BY3,model_cell,MSSP Trend Factor,D7,"=INDEX('MSSP Assumptions'!$B$10:$I$13,1,MATCH(D$4,'MSSP Assumptions'!$B$9:$I$9,0))",Recompute formula for each TIN; cached Excel result must not be used.
1385,MSSP Trend Factor — OACT National Assignable FFS Per Capita Expenditures ($) — ESRD [PY2027] (F7),USD/person-year,OACT National Assignable FFS Per Capita Expenditures ($) — ESRD; PY2027,model_cell,MSSP Trend Factor,F7,=('MSSP Trend Factor'!$D$7*K7),Recompute formula for each TIN; cached Excel result must not be used.
1386,MSSP Trend Factor — OACT National Assignable FFS Per Capita Expenditures ($) — ESRD [BY1 to BY2 growth] (I7),factor,OACT National Assignable FFS Per Capita Expenditures ($) — ESRD; BY1 to BY2 growth,model_cell,MSSP Trend Factor,I7,=('MSSP Trend Factor'!$C$7/'MSSP Trend Factor'!$B$7),Recompute formula for each TIN; cached Excel result must not be used.
1387,MSSP Trend Factor — OACT National Assignable FFS Per Capita Expenditures ($) — ESRD [BY2 to BY3 growth] (J7),factor,OACT National Assignable FFS Per Capita Expenditures ($) — ESRD; BY2 to BY3 growth,model_cell,MSSP Trend Factor,J7,=('MSSP Trend Factor'!$D$7/'MSSP Trend Factor'!$C$7),Recompute formula for each TIN; cached Excel result must not be used.
1388,MSSP Trend Factor — OACT National Assignable FFS Per Capita Expenditures ($) — ESRD [Average annual growth] (K7),factor,OACT National Assignable FFS Per Capita Expenditures ($) — ESRD; Average annual growth,model_cell,MSSP Trend Factor,K7,=AVERAGE(I7:J7),Recompute formula for each TIN; cached Excel result must not be used.
1389,MSSP Trend Factor — OACT National Assignable FFS Per Capita Expenditures ($) — Disabled [BY1] (B8),USD/person-year,OACT National Assignable FFS Per Capita Expenditures ($) — Disabled; BY1,model_cell,MSSP Trend Factor,B8,"=INDEX('MSSP Assumptions'!$B$10:$H$13,2,MATCH(B$4,'MSSP Assumptions'!$B$9:$H$9,0))",Recompute formula for each TIN; cached Excel result must not be used.
1390,MSSP Trend Factor — OACT National Assignable FFS Per Capita Expenditures ($) — Disabled [BY2] (C8),USD/person-year,OACT National Assignable FFS Per Capita Expenditures ($) — Disabled; BY2,model_cell,MSSP Trend Factor,C8,"=INDEX('MSSP Assumptions'!$B$10:$H$13,2,MATCH(C$4,'MSSP Assumptions'!$B$9:$H$9,0))",Recompute formula for each TIN; cached Excel result must not be used.
1391,MSSP Trend Factor — OACT National Assignable FFS Per Capita Expenditures ($) — Disabled [BY3] (D8),USD/person-year,OACT National Assignable FFS Per Capita Expenditures ($) — Disabled; BY3,model_cell,MSSP Trend Factor,D8,"=INDEX('MSSP Assumptions'!$B$10:$I$13,2,MATCH(D$4,'MSSP Assumptions'!$B$9:$I$9,0))",Recompute formula for each TIN; cached Excel result must not be used.
1392,MSSP Trend Factor — OACT National Assignable FFS Per Capita Expenditures ($) — Disabled [PY2027] (F8),USD/person-year,OACT National Assignable FFS Per Capita Expenditures ($) — Disabled; PY2027,model_cell,MSSP Trend Factor,F8,=('MSSP Trend Factor'!$D$8*K8),Recompute formula for each TIN; cached Excel result must not be used.
1393,MSSP Trend Factor — OACT National Assignable FFS Per Capita Expenditures ($) — Disabled [BY1 to BY2 growth] (I8),factor,OACT National Assignable FFS Per Capita Expenditures ($) — Disabled; BY1 to BY2 growth,model_cell,MSSP Trend Factor,I8,=('MSSP Trend Factor'!$C$8/'MSSP Trend Factor'!$B$8),Recompute formula for each TIN; cached Excel result must not be used.
1394,MSSP Trend Factor — OACT National Assignable FFS Per Capita Expenditures ($) — Disabled [BY2 to BY3 growth] (J8),factor,OACT National Assignable FFS Per Capita Expenditures ($) — Disabled; BY2 to BY3 growth,model_cell,MSSP Trend Factor,J8,=('MSSP Trend Factor'!$D$8/'MSSP Trend Factor'!$C$8),Recompute formula for each TIN; cached Excel result must not be used.
1395,MSSP Trend Factor — OACT National Assignable FFS Per Capita Expenditures ($) — Disabled [Average annual growth] (K8),factor,OACT National Assignable FFS Per Capita Expenditures ($) — Disabled; Average annual growth,model_cell,MSSP Trend Factor,K8,=AVERAGE(I8:J8),Recompute formula for each TIN; cached Excel result must not be used.
1396,MSSP Trend Factor — OACT National Assignable FFS Per Capita Expenditures ($) — Aged/dual [BY1] (B9),USD/person-year,OACT National Assignable FFS Per Capita Expenditures ($) — Aged/dual; BY1,model_cell,MSSP Trend Factor,B9,"=INDEX('MSSP Assumptions'!$B$10:$H$13,3,MATCH(B$4,'MSSP Assumptions'!$B$9:$H$9,0))",Recompute formula for each TIN; cached Excel result must not be used.
1397,MSSP Trend Factor — OACT National Assignable FFS Per Capita Expenditures ($) — Aged/dual [BY2] (C9),USD/person-year,OACT National Assignable FFS Per Capita Expenditures ($) — Aged/dual; BY2,model_cell,MSSP Trend Factor,C9,"=INDEX('MSSP Assumptions'!$B$10:$H$13,3,MATCH(C$4,'MSSP Assumptions'!$B$9:$H$9,0))",Recompute formula for each TIN; cached Excel result must not be used.
1398,MSSP Trend Factor — OACT National Assignable FFS Per Capita Expenditures ($) — Aged/dual [BY3] (D9),USD/person-year,OACT National Assignable FFS Per Capita Expenditures ($) — Aged/dual; BY3,model_cell,MSSP Trend Factor,D9,"=INDEX('MSSP Assumptions'!$B$10:$I$13,3,MATCH(D$4,'MSSP Assumptions'!$B$9:$I$9,0))",Recompute formula for each TIN; cached Excel result must not be used.
1399,MSSP Trend Factor — OACT National Assignable FFS Per Capita Expenditures ($) — Aged/dual [PY2027] (F9),USD/person-year,OACT National Assignable FFS Per Capita Expenditures ($) — Aged/dual; PY2027,model_cell,MSSP Trend Factor,F9,=('MSSP Trend Factor'!$D$9*K9),Recompute formula for each TIN; cached Excel result must not be used.
1400,MSSP Trend Factor — OACT National Assignable FFS Per Capita Expenditures ($) — Aged/dual [BY1 to BY2 growth] (I9),factor,OACT National Assignable FFS Per Capita Expenditures ($) — Aged/dual; BY1 to BY2 growth,model_cell,MSSP Trend Factor,I9,=('MSSP Trend Factor'!$C$9/'MSSP Trend Factor'!$B$9),Recompute formula for each TIN; cached Excel result must not be used.
1401,MSSP Trend Factor — OACT National Assignable FFS Per Capita Expenditures ($) — Aged/dual [BY2 to BY3 growth] (J9),factor,OACT National Assignable FFS Per Capita Expenditures ($) — Aged/dual; BY2 to BY3 growth,model_cell,MSSP Trend Factor,J9,=('MSSP Trend Factor'!$D$9/'MSSP Trend Factor'!$C$9),Recompute formula for each TIN; cached Excel result must not be used.
1402,MSSP Trend Factor — OACT National Assignable FFS Per Capita Expenditures ($) — Aged/dual [Average annual growth] (K9),factor,OACT National Assignable FFS Per Capita Expenditures ($) — Aged/dual; Average annual growth,model_cell,MSSP Trend Factor,K9,=AVERAGE(I9:J9),Recompute formula for each TIN; cached Excel result must not be used.
1403,MSSP Trend Factor — OACT National Assignable FFS Per Capita Expenditures ($) — Aged/non-dual [BY1] (B10),USD/person-year,OACT National Assignable FFS Per Capita Expenditures ($) — Aged/non-dual; BY1,model_cell,MSSP Trend Factor,B10,"=INDEX('MSSP Assumptions'!$B$10:$H$13,4,MATCH(B$4,'MSSP Assumptions'!$B$9:$H$9,0))",Recompute formula for each TIN; cached Excel result must not be used.
1404,MSSP Trend Factor — OACT National Assignable FFS Per Capita Expenditures ($) — Aged/non-dual [BY2] (C10),USD/person-year,OACT National Assignable FFS Per Capita Expenditures ($) — Aged/non-dual; BY2,model_cell,MSSP Trend Factor,C10,"=INDEX('MSSP Assumptions'!$B$10:$H$13,4,MATCH(C$4,'MSSP Assumptions'!$B$9:$H$9,0))",Recompute formula for each TIN; cached Excel result must not be used.
1405,MSSP Trend Factor — OACT National Assignable FFS Per Capita Expenditures ($) — Aged/non-dual [BY3] (D10),USD/person-year,OACT National Assignable FFS Per Capita Expenditures ($) — Aged/non-dual; BY3,model_cell,MSSP Trend Factor,D10,"=INDEX('MSSP Assumptions'!$B$10:$I$13,4,MATCH(D$4,'MSSP Assumptions'!$B$9:$I$9,0))",Recompute formula for each TIN; cached Excel result must not be used.
1406,MSSP Trend Factor — OACT National Assignable FFS Per Capita Expenditures ($) — Aged/non-dual [PY2027] (F10),USD/person-year,OACT National Assignable FFS Per Capita Expenditures ($) — Aged/non-dual; PY2027,model_cell,MSSP Trend Factor,F10,=('MSSP Trend Factor'!$D$10*K10),Recompute formula for each TIN; cached Excel result must not be used.
1407,MSSP Trend Factor — OACT National Assignable FFS Per Capita Expenditures ($) — Aged/non-dual [BY1 to BY2 growth] (I10),factor,OACT National Assignable FFS Per Capita Expenditures ($) — Aged/non-dual; BY1 to BY2 growth,model_cell,MSSP Trend Factor,I10,=('MSSP Trend Factor'!$C$10/'MSSP Trend Factor'!$B$10),Recompute formula for each TIN; cached Excel result must not be used.
1408,MSSP Trend Factor — OACT National Assignable FFS Per Capita Expenditures ($) — Aged/non-dual [BY2 to BY3 growth] (J10),factor,OACT National Assignable FFS Per Capita Expenditures ($) — Aged/non-dual; BY2 to BY3 growth,model_cell,MSSP Trend Factor,J10,=('MSSP Trend Factor'!$D$10/'MSSP Trend Factor'!$C$10),Recompute formula for each TIN; cached Excel result must not be used.
1409,MSSP Trend Factor — OACT National Assignable FFS Per Capita Expenditures ($) — Aged/non-dual [Average annual growth] (K10),factor,OACT National Assignable FFS Per Capita Expenditures ($) — Aged/non-dual; Average annual growth,model_cell,MSSP Trend Factor,K10,=AVERAGE(I10:J10),Recompute formula for each TIN; cached Excel result must not be used.
1410,MSSP Trend Factor — National Expenditure Trend Factor — ESRD [BY1] (B12),factor,National Expenditure Trend Factor — ESRD; BY1,model_cell,MSSP Trend Factor,B12,=($D7/B7),Recompute formula for each TIN; cached Excel result must not be used.
1411,MSSP Trend Factor — National Expenditure Trend Factor — ESRD [BY2] (C12),factor,National Expenditure Trend Factor — ESRD; BY2,model_cell,MSSP Trend Factor,C12,=($D7/C7),Recompute formula for each TIN; cached Excel result must not be used.
1412,MSSP Trend Factor — National Expenditure Trend Factor — ESRD [BY3] (D12),factor,National Expenditure Trend Factor — ESRD; BY3,model_cell,MSSP Trend Factor,D12,=($D7/D7),Recompute formula for each TIN; cached Excel result must not be used.
1413,MSSP Trend Factor — National Expenditure Trend Factor — ESRD [PY2027] (F12),factor,National Expenditure Trend Factor — ESRD; PY2027,model_cell,MSSP Trend Factor,F12,=(F7/D7),Recompute formula for each TIN; cached Excel result must not be used.
1414,MSSP Trend Factor — National Expenditure Trend Factor — Disabled [BY1] (B13),factor,National Expenditure Trend Factor — Disabled; BY1,model_cell,MSSP Trend Factor,B13,=($D8/B8),Recompute formula for each TIN; cached Excel result must not be used.
1415,MSSP Trend Factor — National Expenditure Trend Factor — Disabled [BY2] (C13),factor,National Expenditure Trend Factor — Disabled; BY2,model_cell,MSSP Trend Factor,C13,=($D8/C8),Recompute formula for each TIN; cached Excel result must not be used.
1416,MSSP Trend Factor — National Expenditure Trend Factor — Disabled [BY3] (D13),factor,National Expenditure Trend Factor — Disabled; BY3,model_cell,MSSP Trend Factor,D13,=($D8/D8),Recompute formula for each TIN; cached Excel result must not be used.
1417,MSSP Trend Factor — National Expenditure Trend Factor — Disabled [PY2027] (F13),factor,National Expenditure Trend Factor — Disabled; PY2027,model_cell,MSSP Trend Factor,F13,=(F8/D8),Recompute formula for each TIN; cached Excel result must not be used.
1418,MSSP Trend Factor — National Expenditure Trend Factor — Aged/dual [BY1] (B14),factor,National Expenditure Trend Factor — Aged/dual; BY1,model_cell,MSSP Trend Factor,B14,=($D9/B9),Recompute formula for each TIN; cached Excel result must not be used.
1419,MSSP Trend Factor — National Expenditure Trend Factor — Aged/dual [BY2] (C14),factor,National Expenditure Trend Factor — Aged/dual; BY2,model_cell,MSSP Trend Factor,C14,=($D9/C9),Recompute formula for each TIN; cached Excel result must not be used.
1420,MSSP Trend Factor — National Expenditure Trend Factor — Aged/dual [BY3] (D14),factor,National Expenditure Trend Factor — Aged/dual; BY3,model_cell,MSSP Trend Factor,D14,=($D9/D9),Recompute formula for each TIN; cached Excel result must not be used.
1421,MSSP Trend Factor — National Expenditure Trend Factor — Aged/dual [PY2027] (F14),factor,National Expenditure Trend Factor — Aged/dual; PY2027,model_cell,MSSP Trend Factor,F14,=(F9/D9),Recompute formula for each TIN; cached Excel result must not be used.
1422,MSSP Trend Factor — National Expenditure Trend Factor — Aged/non-dual [BY1] (B15),factor,National Expenditure Trend Factor — Aged/non-dual; BY1,model_cell,MSSP Trend Factor,B15,=($D10/B10),Recompute formula for each TIN; cached Excel result must not be used.
1423,MSSP Trend Factor — National Expenditure Trend Factor — Aged/non-dual [BY2] (C15),factor,National Expenditure Trend Factor — Aged/non-dual; BY2,model_cell,MSSP Trend Factor,C15,=($D10/C10),Recompute formula for each TIN; cached Excel result must not be used.
1424,MSSP Trend Factor — National Expenditure Trend Factor — Aged/non-dual [BY3] (D15),factor,National Expenditure Trend Factor — Aged/non-dual; BY3,model_cell,MSSP Trend Factor,D15,=($D10/D10),Recompute formula for each TIN; cached Excel result must not be used.
1425,MSSP Trend Factor — National Expenditure Trend Factor — Aged/non-dual [PY2027] (F15),factor,National Expenditure Trend Factor — Aged/non-dual; PY2027,model_cell,MSSP Trend Factor,F15,=(F10/D10),Recompute formula for each TIN; cached Excel result must not be used.
1426,MSSP Trend Factor — Risk-Adjusted Regional Per Capita Expenditures ($) — ESRD [BY1] (B17),USD/person-year,Risk-Adjusted Regional Per Capita Expenditures ($) — ESRD; BY1,model_cell,MSSP Trend Factor,B17,"=INDEX('MSSP Assignable'!$FV$2:$GC$2,1,MATCH(B$4,'MSSP Assignable'!$FV$1:$GC$1,0))",Recompute formula for each TIN; cached Excel result must not be used.
1427,MSSP Trend Factor — Risk-Adjusted Regional Per Capita Expenditures ($) — ESRD [BY2] (C17),USD/person-year,Risk-Adjusted Regional Per Capita Expenditures ($) — ESRD; BY2,model_cell,MSSP Trend Factor,C17,"=INDEX('MSSP Assignable'!$FV$2:$GC$2,1,MATCH(C$4,'MSSP Assignable'!$FV$1:$GC$1,0))",Recompute formula for each TIN; cached Excel result must not be used.
1428,MSSP Trend Factor — Risk-Adjusted Regional Per Capita Expenditures ($) — ESRD [BY3] (D17),USD/person-year,Risk-Adjusted Regional Per Capita Expenditures ($) — ESRD; BY3,model_cell,MSSP Trend Factor,D17,"=IF(($D$4=2026),('MSSP Trend Factor'!$C$17*K17),INDEX('MSSP Assignable'!$FV$2:$GC$2,1,MATCH(D$4,'MSSP Assignable'!$FV$1:$GC$1,0)))",Recompute formula for each TIN; cached Excel result must not be used.
1429,MSSP Trend Factor — Risk-Adjusted Regional Per Capita Expenditures ($) — ESRD [PY2027] (F17),USD/person-year,Risk-Adjusted Regional Per Capita Expenditures ($) — ESRD; PY2027,model_cell,MSSP Trend Factor,F17,=('MSSP Trend Factor'!$D$17*K17),Recompute formula for each TIN; cached Excel result must not be used.
1430,MSSP Trend Factor — Risk-Adjusted Regional Per Capita Expenditures ($) — ESRD [BY1 to BY2 growth] (I17),factor,Risk-Adjusted Regional Per Capita Expenditures ($) — ESRD; BY1 to BY2 growth,model_cell,MSSP Trend Factor,I17,"=IFERROR(('MSSP Assignable'!GA2/'MSSP Assignable'!FZ2),0)",Recompute formula for each TIN; cached Excel result must not be used.
1431,MSSP Trend Factor — Risk-Adjusted Regional Per Capita Expenditures ($) — ESRD [BY2 to BY3 growth] (J17),factor,Risk-Adjusted Regional Per Capita Expenditures ($) — ESRD; BY2 to BY3 growth,model_cell,MSSP Trend Factor,J17,"=IFERROR(('MSSP Assignable'!GB2/'MSSP Assignable'!GA2),0)",Recompute formula for each TIN; cached Excel result must not be used.
1432,MSSP Trend Factor — Risk-Adjusted Regional Per Capita Expenditures ($) — ESRD [Average annual growth] (K17),factor,Risk-Adjusted Regional Per Capita Expenditures ($) — ESRD; Average annual growth,model_cell,MSSP Trend Factor,K17,=AVERAGE(I17:J17),Recompute formula for each TIN; cached Excel result must not be used.
1433,MSSP Trend Factor — Risk-Adjusted Regional Per Capita Expenditures ($) — Disabled [BY1] (B18),USD/person-year,Risk-Adjusted Regional Per Capita Expenditures ($) — Disabled; BY1,model_cell,MSSP Trend Factor,B18,"=INDEX('MSSP Assignable'!$GD$2:$GK$2,1,MATCH(B$4,'MSSP Assignable'!$GD$1:$GK$1,0))",Recompute formula for each TIN; cached Excel result must not be used.
1434,MSSP Trend Factor — Risk-Adjusted Regional Per Capita Expenditures ($) — Disabled [BY2] (C18),USD/person-year,Risk-Adjusted Regional Per Capita Expenditures ($) — Disabled; BY2,model_cell,MSSP Trend Factor,C18,"=INDEX('MSSP Assignable'!$GD$2:$GK$2,1,MATCH(C$4,'MSSP Assignable'!$GD$1:$GK$1,0))",Recompute formula for each TIN; cached Excel result must not be used.
1435,MSSP Trend Factor — Risk-Adjusted Regional Per Capita Expenditures ($) — Disabled [BY3] (D18),USD/person-year,Risk-Adjusted Regional Per Capita Expenditures ($) — Disabled; BY3,model_cell,MSSP Trend Factor,D18,"=IF(($D$4=2026),('MSSP Trend Factor'!$C$18*K18),INDEX('MSSP Assignable'!$GD$2:$GK$2,1,MATCH(D$4,'MSSP Assignable'!$GD$1:$GK$1,0)))",Recompute formula for each TIN; cached Excel result must not be used.
1436,MSSP Trend Factor — Risk-Adjusted Regional Per Capita Expenditures ($) — Disabled [PY2027] (F18),USD/person-year,Risk-Adjusted Regional Per Capita Expenditures ($) — Disabled; PY2027,model_cell,MSSP Trend Factor,F18,=('MSSP Trend Factor'!$D$18*K18),Recompute formula for each TIN; cached Excel result must not be used.
1437,MSSP Trend Factor — Risk-Adjusted Regional Per Capita Expenditures ($) — Disabled [BY1 to BY2 growth] (I18),factor,Risk-Adjusted Regional Per Capita Expenditures ($) — Disabled; BY1 to BY2 growth,model_cell,MSSP Trend Factor,I18,"=IFERROR(('MSSP Assignable'!GI2/'MSSP Assignable'!GH2),0)",Recompute formula for each TIN; cached Excel result must not be used.
1438,MSSP Trend Factor — Risk-Adjusted Regional Per Capita Expenditures ($) — Disabled [BY2 to BY3 growth] (J18),factor,Risk-Adjusted Regional Per Capita Expenditures ($) — Disabled; BY2 to BY3 growth,model_cell,MSSP Trend Factor,J18,"=IFERROR(('MSSP Assignable'!GJ2/'MSSP Assignable'!GI2),0)",Recompute formula for each TIN; cached Excel result must not be used.
1439,MSSP Trend Factor — Risk-Adjusted Regional Per Capita Expenditures ($) — Disabled [Average annual growth] (K18),factor,Risk-Adjusted Regional Per Capita Expenditures ($) — Disabled; Average annual growth,model_cell,MSSP Trend Factor,K18,=AVERAGE(I18:J18),Recompute formula for each TIN; cached Excel result must not be used.
1440,MSSP Trend Factor — Risk-Adjusted Regional Per Capita Expenditures ($) — Aged/dual [BY1] (B19),USD/person-year,Risk-Adjusted Regional Per Capita Expenditures ($) — Aged/dual; BY1,model_cell,MSSP Trend Factor,B19,"=INDEX('MSSP Assignable'!$GL$2:$GS$2,1,MATCH(B$4,'MSSP Assignable'!$GL$1:$GS$1,0))",Recompute formula for each TIN; cached Excel result must not be used.
1441,MSSP Trend Factor — Risk-Adjusted Regional Per Capita Expenditures ($) — Aged/dual [BY2] (C19),USD/person-year,Risk-Adjusted Regional Per Capita Expenditures ($) — Aged/dual; BY2,model_cell,MSSP Trend Factor,C19,"=INDEX('MSSP Assignable'!$GL$2:$GS$2,1,MATCH(C$4,'MSSP Assignable'!$GL$1:$GS$1,0))",Recompute formula for each TIN; cached Excel result must not be used.
1442,MSSP Trend Factor — Risk-Adjusted Regional Per Capita Expenditures ($) — Aged/dual [BY3] (D19),USD/person-year,Risk-Adjusted Regional Per Capita Expenditures ($) — Aged/dual; BY3,model_cell,MSSP Trend Factor,D19,"=IF(($D$4=2026),('MSSP Trend Factor'!$C$19*K19),INDEX('MSSP Assignable'!$GL$2:$GS$2,1,MATCH(D$4,'MSSP Assignable'!$GL$1:$GS$1,0)))",Recompute formula for each TIN; cached Excel result must not be used.
1443,MSSP Trend Factor — Risk-Adjusted Regional Per Capita Expenditures ($) — Aged/dual [PY2027] (F19),USD/person-year,Risk-Adjusted Regional Per Capita Expenditures ($) — Aged/dual; PY2027,model_cell,MSSP Trend Factor,F19,=('MSSP Trend Factor'!$D$19*K19),Recompute formula for each TIN; cached Excel result must not be used.
1444,MSSP Trend Factor — Risk-Adjusted Regional Per Capita Expenditures ($) — Aged/dual [BY1 to BY2 growth] (I19),factor,Risk-Adjusted Regional Per Capita Expenditures ($) — Aged/dual; BY1 to BY2 growth,model_cell,MSSP Trend Factor,I19,"=IFERROR(('MSSP Assignable'!GQ2/'MSSP Assignable'!GP2),0)",Recompute formula for each TIN; cached Excel result must not be used.
1445,MSSP Trend Factor — Risk-Adjusted Regional Per Capita Expenditures ($) — Aged/dual [BY2 to BY3 growth] (J19),factor,Risk-Adjusted Regional Per Capita Expenditures ($) — Aged/dual; BY2 to BY3 growth,model_cell,MSSP Trend Factor,J19,"=IFERROR(('MSSP Assignable'!GR2/'MSSP Assignable'!GQ2),0)",Recompute formula for each TIN; cached Excel result must not be used.
1446,MSSP Trend Factor — Risk-Adjusted Regional Per Capita Expenditures ($) — Aged/dual [Average annual growth] (K19),factor,Risk-Adjusted Regional Per Capita Expenditures ($) — Aged/dual; Average annual growth,model_cell,MSSP Trend Factor,K19,=AVERAGE(I19:J19),Recompute formula for each TIN; cached Excel result must not be used.
1447,MSSP Trend Factor — Risk-Adjusted Regional Per Capita Expenditures ($) — Aged/non-dual [BY1] (B20),USD/person-year,Risk-Adjusted Regional Per Capita Expenditures ($) — Aged/non-dual; BY1,model_cell,MSSP Trend Factor,B20,"=INDEX('MSSP Assignable'!$GT$2:$HA$2,1,MATCH(B$4,'MSSP Assignable'!$GT$1:$HA$1,0))",Recompute formula for each TIN; cached Excel result must not be used.
1448,MSSP Trend Factor — Risk-Adjusted Regional Per Capita Expenditures ($) — Aged/non-dual [BY2] (C20),USD/person-year,Risk-Adjusted Regional Per Capita Expenditures ($) — Aged/non-dual; BY2,model_cell,MSSP Trend Factor,C20,"=INDEX('MSSP Assignable'!$GT$2:$HA$2,1,MATCH(C$4,'MSSP Assignable'!$GT$1:$HA$1,0))",Recompute formula for each TIN; cached Excel result must not be used.
1449,MSSP Trend Factor — Risk-Adjusted Regional Per Capita Expenditures ($) — Aged/non-dual [BY3] (D20),USD/person-year,Risk-Adjusted Regional Per Capita Expenditures ($) — Aged/non-dual; BY3,model_cell,MSSP Trend Factor,D20,"=IF((D4=2026),('MSSP Trend Factor'!$C$20*K20),INDEX('MSSP Assignable'!$GT$2:$HA$2,1,MATCH(D$4,'MSSP Assignable'!$GT$1:$HA$1,0)))",Recompute formula for each TIN; cached Excel result must not be used.
1450,MSSP Trend Factor — Risk-Adjusted Regional Per Capita Expenditures ($) — Aged/non-dual [PY2027] (F20),USD/person-year,Risk-Adjusted Regional Per Capita Expenditures ($) — Aged/non-dual; PY2027,model_cell,MSSP Trend Factor,F20,=('MSSP Trend Factor'!$D$20*K20),Recompute formula for each TIN; cached Excel result must not be used.
1451,MSSP Trend Factor — Risk-Adjusted Regional Per Capita Expenditures ($) — Aged/non-dual [BY1 to BY2 growth] (I20),factor,Risk-Adjusted Regional Per Capita Expenditures ($) — Aged/non-dual; BY1 to BY2 growth,model_cell,MSSP Trend Factor,I20,"=IFERROR(('MSSP Assignable'!GY2/'MSSP Assignable'!GX2),0)",Recompute formula for each TIN; cached Excel result must not be used.
1452,MSSP Trend Factor — Risk-Adjusted Regional Per Capita Expenditures ($) — Aged/non-dual [BY2 to BY3 growth] (J20),factor,Risk-Adjusted Regional Per Capita Expenditures ($) — Aged/non-dual; BY2 to BY3 growth,model_cell,MSSP Trend Factor,J20,"=IFERROR(('MSSP Assignable'!GZ2/'MSSP Assignable'!GY2),0)",Recompute formula for each TIN; cached Excel result must not be used.
1453,MSSP Trend Factor — Risk-Adjusted Regional Per Capita Expenditures ($) — Aged/non-dual [Average annual growth] (K20),factor,Risk-Adjusted Regional Per Capita Expenditures ($) — Aged/non-dual; Average annual growth,model_cell,MSSP Trend Factor,K20,=AVERAGE(I20:J20),Recompute formula for each TIN; cached Excel result must not be used.
1454,MSSP Trend Factor — Regional Expenditure Trend Factor — ESRD [BY1] (B22),factor,Regional Expenditure Trend Factor — ESRD; BY1,model_cell,MSSP Trend Factor,B22,"=IFERROR(($D17/B17),B12)",Recompute formula for each TIN; cached Excel result must not be used.
1455,MSSP Trend Factor — Regional Expenditure Trend Factor — ESRD [BY2] (C22),factor,Regional Expenditure Trend Factor — ESRD; BY2,model_cell,MSSP Trend Factor,C22,"=IFERROR(($D17/C17),C12)",Recompute formula for each TIN; cached Excel result must not be used.
1456,MSSP Trend Factor — Regional Expenditure Trend Factor — ESRD [BY3] (D22),factor,Regional Expenditure Trend Factor — ESRD; BY3,model_cell,MSSP Trend Factor,D22,"=IFERROR(($D17/D17),D12)",Recompute formula for each TIN; cached Excel result must not be used.
1457,MSSP Trend Factor — Regional Expenditure Trend Factor — ESRD [PY2027] (F22),factor,Regional Expenditure Trend Factor — ESRD; PY2027,model_cell,MSSP Trend Factor,F22,"=(IFERROR((F17/D17),F12)^(($F$4-$D$4)))",Recompute formula for each TIN; cached Excel result must not be used.
1458,MSSP Trend Factor — Regional Expenditure Trend Factor — Disabled [BY1] (B23),factor,Regional Expenditure Trend Factor — Disabled; BY1,model_cell,MSSP Trend Factor,B23,"=IFERROR(($D18/B18),B13)",Recompute formula for each TIN; cached Excel result must not be used.
1459,MSSP Trend Factor — Regional Expenditure Trend Factor — Disabled [BY2] (C23),factor,Regional Expenditure Trend Factor — Disabled; BY2,model_cell,MSSP Trend Factor,C23,"=IFERROR(($D18/C18),C13)",Recompute formula for each TIN; cached Excel result must not be used.
1460,MSSP Trend Factor — Regional Expenditure Trend Factor — Disabled [BY3] (D23),factor,Regional Expenditure Trend Factor — Disabled; BY3,model_cell,MSSP Trend Factor,D23,"=IFERROR(($D18/D18),D13)",Recompute formula for each TIN; cached Excel result must not be used.
1461,MSSP Trend Factor — Regional Expenditure Trend Factor — Disabled [PY2027] (F23),factor,Regional Expenditure Trend Factor — Disabled; PY2027,model_cell,MSSP Trend Factor,F23,"=(IFERROR((F18/D18),F13)^(($F$4-$D$4)))",Recompute formula for each TIN; cached Excel result must not be used.
1462,MSSP Trend Factor — Regional Expenditure Trend Factor — Aged/dual [BY1] (B24),factor,Regional Expenditure Trend Factor — Aged/dual; BY1,model_cell,MSSP Trend Factor,B24,"=IFERROR(($D19/B19),B14)",Recompute formula for each TIN; cached Excel result must not be used.
1463,MSSP Trend Factor — Regional Expenditure Trend Factor — Aged/dual [BY2] (C24),factor,Regional Expenditure Trend Factor — Aged/dual; BY2,model_cell,MSSP Trend Factor,C24,"=IFERROR(($D19/C19),C14)",Recompute formula for each TIN; cached Excel result must not be used.
1464,MSSP Trend Factor — Regional Expenditure Trend Factor — Aged/dual [BY3] (D24),factor,Regional Expenditure Trend Factor — Aged/dual; BY3,model_cell,MSSP Trend Factor,D24,"=IFERROR(($D19/D19),D14)",Recompute formula for each TIN; cached Excel result must not be used.
1465,MSSP Trend Factor — Regional Expenditure Trend Factor — Aged/dual [PY2027] (F24),factor,Regional Expenditure Trend Factor — Aged/dual; PY2027,model_cell,MSSP Trend Factor,F24,"=(IFERROR((F19/D19),F14)^(($F$4-$D$4)))",Recompute formula for each TIN; cached Excel result must not be used.
1466,MSSP Trend Factor — Regional Expenditure Trend Factor — Aged/non-dual [BY1] (B25),factor,Regional Expenditure Trend Factor — Aged/non-dual; BY1,model_cell,MSSP Trend Factor,B25,"=IFERROR(($D20/B20),B15)",Recompute formula for each TIN; cached Excel result must not be used.
1467,MSSP Trend Factor — Regional Expenditure Trend Factor — Aged/non-dual [BY2] (C25),factor,Regional Expenditure Trend Factor — Aged/non-dual; BY2,model_cell,MSSP Trend Factor,C25,"=IFERROR(($D20/C20),C15)",Recompute formula for each TIN; cached Excel result must not be used.
1468,MSSP Trend Factor — Regional Expenditure Trend Factor — Aged/non-dual [BY3] (D25),factor,Regional Expenditure Trend Factor — Aged/non-dual; BY3,model_cell,MSSP Trend Factor,D25,"=IFERROR(($D20/D20),D15)",Recompute formula for each TIN; cached Excel result must not be used.
1469,MSSP Trend Factor — Regional Expenditure Trend Factor — Aged/non-dual [PY2027] (F25),factor,Regional Expenditure Trend Factor — Aged/non-dual; PY2027,model_cell,MSSP Trend Factor,F25,"=(IFERROR((F20/D20),F15)^(($F$4-$D$4)))",Recompute formula for each TIN; cached Excel result must not be used.
1470,MSSP Trend Factor — National Weight — ESRD [BY1] (B27),ratio,National Weight — ESRD; BY1,model_cell,MSSP Trend Factor,B27,='MSSP Assignable'!HJ$1,Recompute formula for each TIN; cached Excel result must not be used.
1471,MSSP Trend Factor — National Weight — ESRD [BY2] (C27),ratio,National Weight — ESRD; BY2,model_cell,MSSP Trend Factor,C27,='MSSP Trend Factor'!$B$27,Recompute formula for each TIN; cached Excel result must not be used.
1472,MSSP Trend Factor — National Weight — ESRD [BY3] (D27),ratio,National Weight — ESRD; BY3,model_cell,MSSP Trend Factor,D27,='MSSP Trend Factor'!$B$27,Recompute formula for each TIN; cached Excel result must not be used.
1473,MSSP Trend Factor — National Weight — ESRD [PY2027] (F27),ratio,National Weight — ESRD; PY2027,model_cell,MSSP Trend Factor,F27,='MSSP Trend Factor'!$D$27,Recompute formula for each TIN; cached Excel result must not be used.
1474,MSSP Trend Factor — National Weight — Disabled [BY1] (B28),ratio,National Weight — Disabled; BY1,model_cell,MSSP Trend Factor,B28,='MSSP Assignable'!HK$1,Recompute formula for each TIN; cached Excel result must not be used.
1475,MSSP Trend Factor — National Weight — Disabled [BY2] (C28),ratio,National Weight — Disabled; BY2,model_cell,MSSP Trend Factor,C28,='MSSP Trend Factor'!$B$28,Recompute formula for each TIN; cached Excel result must not be used.
1476,MSSP Trend Factor — National Weight — Disabled [BY3] (D28),ratio,National Weight — Disabled; BY3,model_cell,MSSP Trend Factor,D28,='MSSP Trend Factor'!$B$28,Recompute formula for each TIN; cached Excel result must not be used.
1477,MSSP Trend Factor — National Weight — Disabled [PY2027] (F28),ratio,National Weight — Disabled; PY2027,model_cell,MSSP Trend Factor,F28,='MSSP Trend Factor'!$D$28,Recompute formula for each TIN; cached Excel result must not be used.
1478,MSSP Trend Factor — National Weight — Aged/dual [BY1] (B29),ratio,National Weight — Aged/dual; BY1,model_cell,MSSP Trend Factor,B29,='MSSP Assignable'!HL$1,Recompute formula for each TIN; cached Excel result must not be used.
1479,MSSP Trend Factor — National Weight — Aged/dual [BY2] (C29),ratio,National Weight — Aged/dual; BY2,model_cell,MSSP Trend Factor,C29,='MSSP Trend Factor'!$B$29,Recompute formula for each TIN; cached Excel result must not be used.
1480,MSSP Trend Factor — National Weight — Aged/dual [BY3] (D29),ratio,National Weight — Aged/dual; BY3,model_cell,MSSP Trend Factor,D29,='MSSP Trend Factor'!$B$29,Recompute formula for each TIN; cached Excel result must not be used.
1481,MSSP Trend Factor — National Weight — Aged/dual [PY2027] (F29),ratio,National Weight — Aged/dual; PY2027,model_cell,MSSP Trend Factor,F29,='MSSP Trend Factor'!$D$29,Recompute formula for each TIN; cached Excel result must not be used.
1482,MSSP Trend Factor — National Weight — Aged/non-dual [BY1] (B30),ratio,National Weight — Aged/non-dual; BY1,model_cell,MSSP Trend Factor,B30,='MSSP Assignable'!HM$1,Recompute formula for each TIN; cached Excel result must not be used.
1483,MSSP Trend Factor — National Weight — Aged/non-dual [BY2] (C30),ratio,National Weight — Aged/non-dual; BY2,model_cell,MSSP Trend Factor,C30,='MSSP Trend Factor'!$B$30,Recompute formula for each TIN; cached Excel result must not be used.
1484,MSSP Trend Factor — National Weight — Aged/non-dual [BY3] (D30),ratio,National Weight — Aged/non-dual; BY3,model_cell,MSSP Trend Factor,D30,='MSSP Trend Factor'!$B$30,Recompute formula for each TIN; cached Excel result must not be used.
1485,MSSP Trend Factor — National Weight — Aged/non-dual [PY2027] (F30),ratio,National Weight — Aged/non-dual; PY2027,model_cell,MSSP Trend Factor,F30,='MSSP Trend Factor'!$D$30,Recompute formula for each TIN; cached Excel result must not be used.
1486,MSSP Trend Factor — Regional Weight — ESRD [BY1] (B32),ratio,Regional Weight — ESRD; BY1,model_cell,MSSP Trend Factor,B32,=(1-B27),Recompute formula for each TIN; cached Excel result must not be used.
1487,MSSP Trend Factor — Regional Weight — ESRD [BY2] (C32),ratio,Regional Weight — ESRD; BY2,model_cell,MSSP Trend Factor,C32,=(1-C27),Recompute formula for each TIN; cached Excel result must not be used.
1488,MSSP Trend Factor — Regional Weight — ESRD [BY3] (D32),ratio,Regional Weight — ESRD; BY3,model_cell,MSSP Trend Factor,D32,=(1-D27),Recompute formula for each TIN; cached Excel result must not be used.
1489,MSSP Trend Factor — Regional Weight — ESRD [PY2027] (F32),ratio,Regional Weight — ESRD; PY2027,model_cell,MSSP Trend Factor,F32,=(1-F27),Recompute formula for each TIN; cached Excel result must not be used.
1490,MSSP Trend Factor — Regional Weight — Disabled [BY1] (B33),ratio,Regional Weight — Disabled; BY1,model_cell,MSSP Trend Factor,B33,=(1-B28),Recompute formula for each TIN; cached Excel result must not be used.
1491,MSSP Trend Factor — Regional Weight — Disabled [BY2] (C33),ratio,Regional Weight — Disabled; BY2,model_cell,MSSP Trend Factor,C33,=(1-C28),Recompute formula for each TIN; cached Excel result must not be used.
1492,MSSP Trend Factor — Regional Weight — Disabled [BY3] (D33),ratio,Regional Weight — Disabled; BY3,model_cell,MSSP Trend Factor,D33,=(1-D28),Recompute formula for each TIN; cached Excel result must not be used.
1493,MSSP Trend Factor — Regional Weight — Disabled [PY2027] (F33),ratio,Regional Weight — Disabled; PY2027,model_cell,MSSP Trend Factor,F33,=(1-F28),Recompute formula for each TIN; cached Excel result must not be used.
1494,MSSP Trend Factor — Regional Weight — Aged/dual [BY1] (B34),ratio,Regional Weight — Aged/dual; BY1,model_cell,MSSP Trend Factor,B34,=(1-B29),Recompute formula for each TIN; cached Excel result must not be used.
1495,MSSP Trend Factor — Regional Weight — Aged/dual [BY2] (C34),ratio,Regional Weight — Aged/dual; BY2,model_cell,MSSP Trend Factor,C34,=(1-C29),Recompute formula for each TIN; cached Excel result must not be used.
1496,MSSP Trend Factor — Regional Weight — Aged/dual [BY3] (D34),ratio,Regional Weight — Aged/dual; BY3,model_cell,MSSP Trend Factor,D34,=(1-D29),Recompute formula for each TIN; cached Excel result must not be used.
1497,MSSP Trend Factor — Regional Weight — Aged/dual [PY2027] (F34),ratio,Regional Weight — Aged/dual; PY2027,model_cell,MSSP Trend Factor,F34,=(1-F29),Recompute formula for each TIN; cached Excel result must not be used.
1498,MSSP Trend Factor — Regional Weight — Aged/non-dual [BY1] (B35),ratio,Regional Weight — Aged/non-dual; BY1,model_cell,MSSP Trend Factor,B35,=(1-B30),Recompute formula for each TIN; cached Excel result must not be used.
1499,MSSP Trend Factor — Regional Weight — Aged/non-dual [BY2] (C35),ratio,Regional Weight — Aged/non-dual; BY2,model_cell,MSSP Trend Factor,C35,=(1-C30),Recompute formula for each TIN; cached Excel result must not be used.
1500,MSSP Trend Factor — Regional Weight — Aged/non-dual [BY3] (D35),ratio,Regional Weight — Aged/non-dual; BY3,model_cell,MSSP Trend Factor,D35,=(1-D30),Recompute formula for each TIN; cached Excel result must not be used.
1501,MSSP Trend Factor — Regional Weight — Aged/non-dual [PY2027] (F35),ratio,Regional Weight — Aged/non-dual; PY2027,model_cell,MSSP Trend Factor,F35,=(1-F30),Recompute formula for each TIN; cached Excel result must not be used.
1502,MSSP Trend Factor — National-Regional Blended Trend Factor — ESRD [BY1] (B37),factor,National-Regional Blended Trend Factor — ESRD; BY1,model_cell,MSSP Trend Factor,B37,=((B32*B22)+(B27*B12)),Recompute formula for each TIN; cached Excel result must not be used.
1503,MSSP Trend Factor — National-Regional Blended Trend Factor — ESRD [BY2] (C37),factor,National-Regional Blended Trend Factor — ESRD; BY2,model_cell,MSSP Trend Factor,C37,=((C32*C22)+(C27*C12)),Recompute formula for each TIN; cached Excel result must not be used.
1504,MSSP Trend Factor — National-Regional Blended Trend Factor — ESRD [BY3] (D37),factor,National-Regional Blended Trend Factor — ESRD; BY3,model_cell,MSSP Trend Factor,D37,=((D32*D22)+(D27*D12)),Recompute formula for each TIN; cached Excel result must not be used.
1505,MSSP Trend Factor — National-Regional Blended Trend Factor — ESRD [PY2027] (F37),factor,National-Regional Blended Trend Factor — ESRD; PY2027,model_cell,MSSP Trend Factor,F37,"=IF((F22=""-""),(F12*F27),((F12*F27)+(F22*F32)))",Recompute formula for each TIN; cached Excel result must not be used.
1506,MSSP Trend Factor — National-Regional Blended Trend Factor — Disabled [BY1] (B38),factor,National-Regional Blended Trend Factor — Disabled; BY1,model_cell,MSSP Trend Factor,B38,=((B33*B23)+(B28*B13)),Recompute formula for each TIN; cached Excel result must not be used.
1507,MSSP Trend Factor — National-Regional Blended Trend Factor — Disabled [BY2] (C38),factor,National-Regional Blended Trend Factor — Disabled; BY2,model_cell,MSSP Trend Factor,C38,=((C33*C23)+(C28*C13)),Recompute formula for each TIN; cached Excel result must not be used.
1508,MSSP Trend Factor — National-Regional Blended Trend Factor — Disabled [BY3] (D38),factor,National-Regional Blended Trend Factor — Disabled; BY3,model_cell,MSSP Trend Factor,D38,=((D33*D23)+(D28*D13)),Recompute formula for each TIN; cached Excel result must not be used.
1509,MSSP Trend Factor — National-Regional Blended Trend Factor — Disabled [PY2027] (F38),factor,National-Regional Blended Trend Factor — Disabled; PY2027,model_cell,MSSP Trend Factor,F38,"=IF((F23=""-""),(F13*F28),((F13*F28)+(F23*F33)))",Recompute formula for each TIN; cached Excel result must not be used.
1510,MSSP Trend Factor — National-Regional Blended Trend Factor — Aged/dual [BY1] (B39),factor,National-Regional Blended Trend Factor — Aged/dual; BY1,model_cell,MSSP Trend Factor,B39,=((B34*B24)+(B29*B14)),Recompute formula for each TIN; cached Excel result must not be used.
1511,MSSP Trend Factor — National-Regional Blended Trend Factor — Aged/dual [BY2] (C39),factor,National-Regional Blended Trend Factor — Aged/dual; BY2,model_cell,MSSP Trend Factor,C39,=((C34*C24)+(C29*C14)),Recompute formula for each TIN; cached Excel result must not be used.
1512,MSSP Trend Factor — National-Regional Blended Trend Factor — Aged/dual [BY3] (D39),factor,National-Regional Blended Trend Factor — Aged/dual; BY3,model_cell,MSSP Trend Factor,D39,=((D34*D24)+(D29*D14)),Recompute formula for each TIN; cached Excel result must not be used.
1513,MSSP Trend Factor — National-Regional Blended Trend Factor — Aged/dual [PY2027] (F39),factor,National-Regional Blended Trend Factor — Aged/dual; PY2027,model_cell,MSSP Trend Factor,F39,"=IF((F24=""-""),(F14*F29),((F14*F29)+(F24*F34)))",Recompute formula for each TIN; cached Excel result must not be used.
1514,MSSP Trend Factor — National-Regional Blended Trend Factor — Aged/non-dual [BY1] (B40),factor,National-Regional Blended Trend Factor — Aged/non-dual; BY1,model_cell,MSSP Trend Factor,B40,=((B35*B25)+(B30*B15)),Recompute formula for each TIN; cached Excel result must not be used.
1515,MSSP Trend Factor — National-Regional Blended Trend Factor — Aged/non-dual [BY2] (C40),factor,National-Regional Blended Trend Factor — Aged/non-dual; BY2,model_cell,MSSP Trend Factor,C40,=((C35*C25)+(C30*C15)),Recompute formula for each TIN; cached Excel result must not be used.
1516,MSSP Trend Factor — National-Regional Blended Trend Factor — Aged/non-dual [BY3] (D40),factor,National-Regional Blended Trend Factor — Aged/non-dual; BY3,model_cell,MSSP Trend Factor,D40,=((D35*D25)+(D30*D15)),Recompute formula for each TIN; cached Excel result must not be used.
1517,MSSP Trend Factor — National-Regional Blended Trend Factor — Aged/non-dual [PY2027] (F40),factor,National-Regional Blended Trend Factor — Aged/non-dual; PY2027,model_cell,MSSP Trend Factor,F40,"=IF((F25=""-""),(F15*F30),((F15*F30)+(F25*F35)))",Recompute formula for each TIN; cached Excel result must not be used.
1518,Provider input — Total beneficiaries [2019],beneficiaries,TIN-level treated and aggregated input passed to the formula engine. PAID and RISK rows are normalized by treated member months.,model_cell,MSSP PROSP,B3,,Fresh SAS input; do not copy cached workbook values.
1519,Provider input — Total beneficiaries [2020],beneficiaries,TIN-level treated and aggregated input passed to the formula engine. PAID and RISK rows are normalized by treated member months.,model_cell,MSSP PROSP,C3,,Fresh SAS input; do not copy cached workbook values.
1520,Provider input — Total beneficiaries [2021],beneficiaries,TIN-level treated and aggregated input passed to the formula engine. PAID and RISK rows are normalized by treated member months.,model_cell,MSSP PROSP,D3,,Fresh SAS input; do not copy cached workbook values.
1521,Provider input — Total beneficiaries [2022],beneficiaries,TIN-level treated and aggregated input passed to the formula engine. PAID and RISK rows are normalized by treated member months.,model_cell,MSSP PROSP,E3,,Fresh SAS input; do not copy cached workbook values.
1522,Provider input — Total beneficiaries [2023],beneficiaries,TIN-level treated and aggregated input passed to the formula engine. PAID and RISK rows are normalized by treated member months.,model_cell,MSSP PROSP,F3,,Fresh SAS input; do not copy cached workbook values.
1523,Provider input — Total beneficiaries [2024],beneficiaries,TIN-level treated and aggregated input passed to the formula engine. PAID and RISK rows are normalized by treated member months.,model_cell,MSSP PROSP,G3,,Fresh SAS input; do not copy cached workbook values.
1524,Provider input — Total beneficiaries [2025],beneficiaries,TIN-level treated and aggregated input passed to the formula engine. PAID and RISK rows are normalized by treated member months.,model_cell,MSSP PROSP,H3,,Fresh SAS input; do not copy cached workbook values.
1525,Provider input — Total beneficiaries [2026],beneficiaries,TIN-level treated and aggregated input passed to the formula engine. PAID and RISK rows are normalized by treated member months.,model_cell,MSSP PROSP,I3,,Fresh SAS input; do not copy cached workbook values.
1526,Provider input — Dual / LIS beneficiaries [2019],beneficiaries,TIN-level treated and aggregated input passed to the formula engine. PAID and RISK rows are normalized by treated member months.,model_cell,MSSP PROSP,J3,,Fresh SAS input; do not copy cached workbook values.
1527,Provider input — Dual / LIS beneficiaries [2020],beneficiaries,TIN-level treated and aggregated input passed to the formula engine. PAID and RISK rows are normalized by treated member months.,model_cell,MSSP PROSP,K3,,Fresh SAS input; do not copy cached workbook values.
1528,Provider input — Dual / LIS beneficiaries [2021],beneficiaries,TIN-level treated and aggregated input passed to the formula engine. PAID and RISK rows are normalized by treated member months.,model_cell,MSSP PROSP,L3,,Fresh SAS input; do not copy cached workbook values.
1529,Provider input — Dual / LIS beneficiaries [2022],beneficiaries,TIN-level treated and aggregated input passed to the formula engine. PAID and RISK rows are normalized by treated member months.,model_cell,MSSP PROSP,M3,,Fresh SAS input; do not copy cached workbook values.
1530,Provider input — Dual / LIS beneficiaries [2023],beneficiaries,TIN-level treated and aggregated input passed to the formula engine. PAID and RISK rows are normalized by treated member months.,model_cell,MSSP PROSP,N3,,Fresh SAS input; do not copy cached workbook values.
1531,Provider input — Dual / LIS beneficiaries [2024],beneficiaries,TIN-level treated and aggregated input passed to the formula engine. PAID and RISK rows are normalized by treated member months.,model_cell,MSSP PROSP,O3,,Fresh SAS input; do not copy cached workbook values.
1532,Provider input — Dual / LIS beneficiaries [2025],beneficiaries,TIN-level treated and aggregated input passed to the formula engine. PAID and RISK rows are normalized by treated member months.,model_cell,MSSP PROSP,P3,,Fresh SAS input; do not copy cached workbook values.
1533,Provider input — Dual / LIS beneficiaries [2026],beneficiaries,TIN-level treated and aggregated input passed to the formula engine. PAID and RISK rows are normalized by treated member months.,model_cell,MSSP PROSP,Q3,,Fresh SAS input; do not copy cached workbook values.
1534,Provider input — Beneficiaries [2019 ESRD],beneficiaries,TIN-level treated and aggregated input passed to the formula engine. PAID and RISK rows are normalized by treated member months.,model_cell,MSSP PROSP,R3,,Fresh SAS input; do not copy cached workbook values.
1535,Provider input — Beneficiaries [2020 ESRD],beneficiaries,TIN-level treated and aggregated input passed to the formula engine. PAID and RISK rows are normalized by treated member months.,model_cell,MSSP PROSP,S3,,Fresh SAS input; do not copy cached workbook values.
1536,Provider input — Beneficiaries [2021 ESRD],beneficiaries,TIN-level treated and aggregated input passed to the formula engine. PAID and RISK rows are normalized by treated member months.,model_cell,MSSP PROSP,T3,,Fresh SAS input; do not copy cached workbook values.
1537,Provider input — Beneficiaries [2022 ESRD],beneficiaries,TIN-level treated and aggregated input passed to the formula engine. PAID and RISK rows are normalized by treated member months.,model_cell,MSSP PROSP,U3,,Fresh SAS input; do not copy cached workbook values.
1538,Provider input — Beneficiaries [2023 ESRD],beneficiaries,TIN-level treated and aggregated input passed to the formula engine. PAID and RISK rows are normalized by treated member months.,model_cell,MSSP PROSP,V3,,Fresh SAS input; do not copy cached workbook values.
1539,Provider input — Beneficiaries [2024 ESRD],beneficiaries,TIN-level treated and aggregated input passed to the formula engine. PAID and RISK rows are normalized by treated member months.,model_cell,MSSP PROSP,W3,,Fresh SAS input; do not copy cached workbook values.
1540,Provider input — Beneficiaries [2025 ESRD],beneficiaries,TIN-level treated and aggregated input passed to the formula engine. PAID and RISK rows are normalized by treated member months.,model_cell,MSSP PROSP,X3,,Fresh SAS input; do not copy cached workbook values.
1541,Provider input — Beneficiaries [2026 ESRD],beneficiaries,TIN-level treated and aggregated input passed to the formula engine. PAID and RISK rows are normalized by treated member months.,model_cell,MSSP PROSP,Y3,,Fresh SAS input; do not copy cached workbook values.
1542,Provider input — Beneficiaries [2019 Disabled],beneficiaries,TIN-level treated and aggregated input passed to the formula engine. PAID and RISK rows are normalized by treated member months.,model_cell,MSSP PROSP,Z3,,Fresh SAS input; do not copy cached workbook values.
1543,Provider input — Beneficiaries [2020 Disabled],beneficiaries,TIN-level treated and aggregated input passed to the formula engine. PAID and RISK rows are normalized by treated member months.,model_cell,MSSP PROSP,AA3,,Fresh SAS input; do not copy cached workbook values.
1544,Provider input — Beneficiaries [2021 Disabled],beneficiaries,TIN-level treated and aggregated input passed to the formula engine. PAID and RISK rows are normalized by treated member months.,model_cell,MSSP PROSP,AB3,,Fresh SAS input; do not copy cached workbook values.
1545,Provider input — Beneficiaries [2022 Disabled],beneficiaries,TIN-level treated and aggregated input passed to the formula engine. PAID and RISK rows are normalized by treated member months.,model_cell,MSSP PROSP,AC3,,Fresh SAS input; do not copy cached workbook values.
1546,Provider input — Beneficiaries [2023 Disabled],beneficiaries,TIN-level treated and aggregated input passed to the formula engine. PAID and RISK rows are normalized by treated member months.,model_cell,MSSP PROSP,AD3,,Fresh SAS input; do not copy cached workbook values.
1547,Provider input — Beneficiaries [2024 Disabled],beneficiaries,TIN-level treated and aggregated input passed to the formula engine. PAID and RISK rows are normalized by treated member months.,model_cell,MSSP PROSP,AE3,,Fresh SAS input; do not copy cached workbook values.
1548,Provider input — Beneficiaries [2025 Disabled],beneficiaries,TIN-level treated and aggregated input passed to the formula engine. PAID and RISK rows are normalized by treated member months.,model_cell,MSSP PROSP,AF3,,Fresh SAS input; do not copy cached workbook values.
1549,Provider input — Beneficiaries [2026 Disabled],beneficiaries,TIN-level treated and aggregated input passed to the formula engine. PAID and RISK rows are normalized by treated member months.,model_cell,MSSP PROSP,AG3,,Fresh SAS input; do not copy cached workbook values.
1550,Provider input — Beneficiaries [2019 Aged dual],beneficiaries,TIN-level treated and aggregated input passed to the formula engine. PAID and RISK rows are normalized by treated member months.,model_cell,MSSP PROSP,AH3,,Fresh SAS input; do not copy cached workbook values.
1551,Provider input — Beneficiaries [2020 Aged dual],beneficiaries,TIN-level treated and aggregated input passed to the formula engine. PAID and RISK rows are normalized by treated member months.,model_cell,MSSP PROSP,AI3,,Fresh SAS input; do not copy cached workbook values.
1552,Provider input — Beneficiaries [2021 Aged dual],beneficiaries,TIN-level treated and aggregated input passed to the formula engine. PAID and RISK rows are normalized by treated member months.,model_cell,MSSP PROSP,AJ3,,Fresh SAS input; do not copy cached workbook values.
1553,Provider input — Beneficiaries [2022 Aged dual],beneficiaries,TIN-level treated and aggregated input passed to the formula engine. PAID and RISK rows are normalized by treated member months.,model_cell,MSSP PROSP,AK3,,Fresh SAS input; do not copy cached workbook values.
1554,Provider input — Beneficiaries [2023 Aged dual],beneficiaries,TIN-level treated and aggregated input passed to the formula engine. PAID and RISK rows are normalized by treated member months.,model_cell,MSSP PROSP,AL3,,Fresh SAS input; do not copy cached workbook values.
1555,Provider input — Beneficiaries [2024 Aged dual],beneficiaries,TIN-level treated and aggregated input passed to the formula engine. PAID and RISK rows are normalized by treated member months.,model_cell,MSSP PROSP,AM3,,Fresh SAS input; do not copy cached workbook values.
1556,Provider input — Beneficiaries [2025 Aged dual],beneficiaries,TIN-level treated and aggregated input passed to the formula engine. PAID and RISK rows are normalized by treated member months.,model_cell,MSSP PROSP,AN3,,Fresh SAS input; do not copy cached workbook values.
1557,Provider input — Beneficiaries [2026 Aged dual],beneficiaries,TIN-level treated and aggregated input passed to the formula engine. PAID and RISK rows are normalized by treated member months.,model_cell,MSSP PROSP,AO3,,Fresh SAS input; do not copy cached workbook values.
1558,Provider input — Beneficiaries [2019 Aged nondual],beneficiaries,TIN-level treated and aggregated input passed to the formula engine. PAID and RISK rows are normalized by treated member months.,model_cell,MSSP PROSP,AP3,,Fresh SAS input; do not copy cached workbook values.
1559,Provider input — Beneficiaries [2020 Aged nondual],beneficiaries,TIN-level treated and aggregated input passed to the formula engine. PAID and RISK rows are normalized by treated member months.,model_cell,MSSP PROSP,AQ3,,Fresh SAS input; do not copy cached workbook values.
1560,Provider input — Beneficiaries [2021 Aged nondual],beneficiaries,TIN-level treated and aggregated input passed to the formula engine. PAID and RISK rows are normalized by treated member months.,model_cell,MSSP PROSP,AR3,,Fresh SAS input; do not copy cached workbook values.
1561,Provider input — Beneficiaries [2022 Aged nondual],beneficiaries,TIN-level treated and aggregated input passed to the formula engine. PAID and RISK rows are normalized by treated member months.,model_cell,MSSP PROSP,AS3,,Fresh SAS input; do not copy cached workbook values.
1562,Provider input — Beneficiaries [2023 Aged nondual],beneficiaries,TIN-level treated and aggregated input passed to the formula engine. PAID and RISK rows are normalized by treated member months.,model_cell,MSSP PROSP,AT3,,Fresh SAS input; do not copy cached workbook values.
1563,Provider input — Beneficiaries [2024 Aged nondual],beneficiaries,TIN-level treated and aggregated input passed to the formula engine. PAID and RISK rows are normalized by treated member months.,model_cell,MSSP PROSP,AU3,,Fresh SAS input; do not copy cached workbook values.
1564,Provider input — Beneficiaries [2025 Aged nondual],beneficiaries,TIN-level treated and aggregated input passed to the formula engine. PAID and RISK rows are normalized by treated member months.,model_cell,MSSP PROSP,AV3,,Fresh SAS input; do not copy cached workbook values.
1565,Provider input — Beneficiaries [2026 Aged nondual],beneficiaries,TIN-level treated and aggregated input passed to the formula engine. PAID and RISK rows are normalized by treated member months.,model_cell,MSSP PROSP,AW3,,Fresh SAS input; do not copy cached workbook values.
1566,Provider input — Member months [2019 ESRD],member-months,TIN-level treated and aggregated input passed to the formula engine. PAID and RISK rows are normalized by treated member months.,model_cell,MSSP PROSP,AX3,,Fresh SAS input; do not copy cached workbook values.
1567,Provider input — Member months [2020 ESRD],member-months,TIN-level treated and aggregated input passed to the formula engine. PAID and RISK rows are normalized by treated member months.,model_cell,MSSP PROSP,AY3,,Fresh SAS input; do not copy cached workbook values.
1568,Provider input — Member months [2021 ESRD],member-months,TIN-level treated and aggregated input passed to the formula engine. PAID and RISK rows are normalized by treated member months.,model_cell,MSSP PROSP,AZ3,,Fresh SAS input; do not copy cached workbook values.
1569,Provider input — Member months [2022 ESRD],member-months,TIN-level treated and aggregated input passed to the formula engine. PAID and RISK rows are normalized by treated member months.,model_cell,MSSP PROSP,BA3,,Fresh SAS input; do not copy cached workbook values.
1570,Provider input — Member months [2023 ESRD],member-months,TIN-level treated and aggregated input passed to the formula engine. PAID and RISK rows are normalized by treated member months.,model_cell,MSSP PROSP,BB3,,Fresh SAS input; do not copy cached workbook values.
1571,Provider input — Member months [2024 ESRD],member-months,TIN-level treated and aggregated input passed to the formula engine. PAID and RISK rows are normalized by treated member months.,model_cell,MSSP PROSP,BC3,,Fresh SAS input; do not copy cached workbook values.
1572,Provider input — Member months [2025 ESRD],member-months,TIN-level treated and aggregated input passed to the formula engine. PAID and RISK rows are normalized by treated member months.,model_cell,MSSP PROSP,BD3,,Fresh SAS input; do not copy cached workbook values.
1573,Provider input — Member months [2026 ESRD],member-months,TIN-level treated and aggregated input passed to the formula engine. PAID and RISK rows are normalized by treated member months.,model_cell,MSSP PROSP,BE3,,Fresh SAS input; do not copy cached workbook values.
1574,Provider input — Member months [2019 Disabled],member-months,TIN-level treated and aggregated input passed to the formula engine. PAID and RISK rows are normalized by treated member months.,model_cell,MSSP PROSP,BF3,,Fresh SAS input; do not copy cached workbook values.
1575,Provider input — Member months [2020 Disabled],member-months,TIN-level treated and aggregated input passed to the formula engine. PAID and RISK rows are normalized by treated member months.,model_cell,MSSP PROSP,BG3,,Fresh SAS input; do not copy cached workbook values.
1576,Provider input — Member months [2021 Disabled],member-months,TIN-level treated and aggregated input passed to the formula engine. PAID and RISK rows are normalized by treated member months.,model_cell,MSSP PROSP,BH3,,Fresh SAS input; do not copy cached workbook values.
1577,Provider input — Member months [2022 Disabled],member-months,TIN-level treated and aggregated input passed to the formula engine. PAID and RISK rows are normalized by treated member months.,model_cell,MSSP PROSP,BI3,,Fresh SAS input; do not copy cached workbook values.
1578,Provider input — Member months [2023 Disabled],member-months,TIN-level treated and aggregated input passed to the formula engine. PAID and RISK rows are normalized by treated member months.,model_cell,MSSP PROSP,BJ3,,Fresh SAS input; do not copy cached workbook values.
1579,Provider input — Member months [2024 Disabled],member-months,TIN-level treated and aggregated input passed to the formula engine. PAID and RISK rows are normalized by treated member months.,model_cell,MSSP PROSP,BK3,,Fresh SAS input; do not copy cached workbook values.
1580,Provider input — Member months [2025 Disabled],member-months,TIN-level treated and aggregated input passed to the formula engine. PAID and RISK rows are normalized by treated member months.,model_cell,MSSP PROSP,BL3,,Fresh SAS input; do not copy cached workbook values.
1581,Provider input — Member months [2026 Disabled],member-months,TIN-level treated and aggregated input passed to the formula engine. PAID and RISK rows are normalized by treated member months.,model_cell,MSSP PROSP,BM3,,Fresh SAS input; do not copy cached workbook values.
1582,Provider input — Member months [2019 Aged dual],member-months,TIN-level treated and aggregated input passed to the formula engine. PAID and RISK rows are normalized by treated member months.,model_cell,MSSP PROSP,BN3,,Fresh SAS input; do not copy cached workbook values.
1583,Provider input — Member months [2020 Aged dual],member-months,TIN-level treated and aggregated input passed to the formula engine. PAID and RISK rows are normalized by treated member months.,model_cell,MSSP PROSP,BO3,,Fresh SAS input; do not copy cached workbook values.
1584,Provider input — Member months [2021 Aged dual],member-months,TIN-level treated and aggregated input passed to the formula engine. PAID and RISK rows are normalized by treated member months.,model_cell,MSSP PROSP,BP3,,Fresh SAS input; do not copy cached workbook values.
1585,Provider input — Member months [2022 Aged dual],member-months,TIN-level treated and aggregated input passed to the formula engine. PAID and RISK rows are normalized by treated member months.,model_cell,MSSP PROSP,BQ3,,Fresh SAS input; do not copy cached workbook values.
1586,Provider input — Member months [2023 Aged dual],member-months,TIN-level treated and aggregated input passed to the formula engine. PAID and RISK rows are normalized by treated member months.,model_cell,MSSP PROSP,BR3,,Fresh SAS input; do not copy cached workbook values.
1587,Provider input — Member months [2024 Aged dual],member-months,TIN-level treated and aggregated input passed to the formula engine. PAID and RISK rows are normalized by treated member months.,model_cell,MSSP PROSP,BS3,,Fresh SAS input; do not copy cached workbook values.
1588,Provider input — Member months [2025 Aged dual],member-months,TIN-level treated and aggregated input passed to the formula engine. PAID and RISK rows are normalized by treated member months.,model_cell,MSSP PROSP,BT3,,Fresh SAS input; do not copy cached workbook values.
1589,Provider input — Member months [2026 Aged dual],member-months,TIN-level treated and aggregated input passed to the formula engine. PAID and RISK rows are normalized by treated member months.,model_cell,MSSP PROSP,BU3,,Fresh SAS input; do not copy cached workbook values.
1590,Provider input — Member months [2019 Aged nondual],member-months,TIN-level treated and aggregated input passed to the formula engine. PAID and RISK rows are normalized by treated member months.,model_cell,MSSP PROSP,BV3,,Fresh SAS input; do not copy cached workbook values.
1591,Provider input — Member months [2020 Aged nondual],member-months,TIN-level treated and aggregated input passed to the formula engine. PAID and RISK rows are normalized by treated member months.,model_cell,MSSP PROSP,BW3,,Fresh SAS input; do not copy cached workbook values.
1592,Provider input — Member months [2021 Aged nondual],member-months,TIN-level treated and aggregated input passed to the formula engine. PAID and RISK rows are normalized by treated member months.,model_cell,MSSP PROSP,BX3,,Fresh SAS input; do not copy cached workbook values.
1593,Provider input — Member months [2022 Aged nondual],member-months,TIN-level treated and aggregated input passed to the formula engine. PAID and RISK rows are normalized by treated member months.,model_cell,MSSP PROSP,BY3,,Fresh SAS input; do not copy cached workbook values.
1594,Provider input — Member months [2023 Aged nondual],member-months,TIN-level treated and aggregated input passed to the formula engine. PAID and RISK rows are normalized by treated member months.,model_cell,MSSP PROSP,BZ3,,Fresh SAS input; do not copy cached workbook values.
1595,Provider input — Member months [2024 Aged nondual],member-months,TIN-level treated and aggregated input passed to the formula engine. PAID and RISK rows are normalized by treated member months.,model_cell,MSSP PROSP,CA3,,Fresh SAS input; do not copy cached workbook values.
1596,Provider input — Member months [2025 Aged nondual],member-months,TIN-level treated and aggregated input passed to the formula engine. PAID and RISK rows are normalized by treated member months.,model_cell,MSSP PROSP,CB3,,Fresh SAS input; do not copy cached workbook values.
1597,Provider input — Member months [2026 Aged nondual],member-months,TIN-level treated and aggregated input passed to the formula engine. PAID and RISK rows are normalized by treated member months.,model_cell,MSSP PROSP,CC3,,Fresh SAS input; do not copy cached workbook values.
1598,Provider input — Truncated expense PMPM [2019 ESRD],USD/member-month,TIN-level treated and aggregated input passed to the formula engine. PAID and RISK rows are normalized by treated member months.,model_cell,MSSP PROSP,CD3,,Fresh SAS input; do not copy cached workbook values.
1599,Provider input — Truncated expense PMPM [2020 ESRD],USD/member-month,TIN-level treated and aggregated input passed to the formula engine. PAID and RISK rows are normalized by treated member months.,model_cell,MSSP PROSP,CE3,,Fresh SAS input; do not copy cached workbook values.
1600,Provider input — Truncated expense PMPM [2021 ESRD],USD/member-month,TIN-level treated and aggregated input passed to the formula engine. PAID and RISK rows are normalized by treated member months.,model_cell,MSSP PROSP,CF3,,Fresh SAS input; do not copy cached workbook values.
1601,Provider input — Truncated expense PMPM [2022 ESRD],USD/member-month,TIN-level treated and aggregated input passed to the formula engine. PAID and RISK rows are normalized by treated member months.,model_cell,MSSP PROSP,CG3,,Fresh SAS input; do not copy cached workbook values.
1602,Provider input — Truncated expense PMPM [2023 ESRD],USD/member-month,TIN-level treated and aggregated input passed to the formula engine. PAID and RISK rows are normalized by treated member months.,model_cell,MSSP PROSP,CH3,,Fresh SAS input; do not copy cached workbook values.
1603,Provider input — Truncated expense PMPM [2024 ESRD],USD/member-month,TIN-level treated and aggregated input passed to the formula engine. PAID and RISK rows are normalized by treated member months.,model_cell,MSSP PROSP,CI3,,Fresh SAS input; do not copy cached workbook values.
1604,Provider input — Truncated expense PMPM [2025 ESRD],USD/member-month,TIN-level treated and aggregated input passed to the formula engine. PAID and RISK rows are normalized by treated member months.,model_cell,MSSP PROSP,CJ3,,Fresh SAS input; do not copy cached workbook values.
1605,Provider input — Truncated expense PMPM [2026 ESRD],USD/member-month,TIN-level treated and aggregated input passed to the formula engine. PAID and RISK rows are normalized by treated member months.,model_cell,MSSP PROSP,CK3,,Fresh SAS input; do not copy cached workbook values.
1606,Provider input — Truncated expense PMPM [2019 Disabled],USD/member-month,TIN-level treated and aggregated input passed to the formula engine. PAID and RISK rows are normalized by treated member months.,model_cell,MSSP PROSP,CL3,,Fresh SAS input; do not copy cached workbook values.
1607,Provider input — Truncated expense PMPM [2020 Disabled],USD/member-month,TIN-level treated and aggregated input passed to the formula engine. PAID and RISK rows are normalized by treated member months.,model_cell,MSSP PROSP,CM3,,Fresh SAS input; do not copy cached workbook values.
1608,Provider input — Truncated expense PMPM [2021 Disabled],USD/member-month,TIN-level treated and aggregated input passed to the formula engine. PAID and RISK rows are normalized by treated member months.,model_cell,MSSP PROSP,CN3,,Fresh SAS input; do not copy cached workbook values.
1609,Provider input — Truncated expense PMPM [2022 Disabled],USD/member-month,TIN-level treated and aggregated input passed to the formula engine. PAID and RISK rows are normalized by treated member months.,model_cell,MSSP PROSP,CO3,,Fresh SAS input; do not copy cached workbook values.
1610,Provider input — Truncated expense PMPM [2023 Disabled],USD/member-month,TIN-level treated and aggregated input passed to the formula engine. PAID and RISK rows are normalized by treated member months.,model_cell,MSSP PROSP,CP3,,Fresh SAS input; do not copy cached workbook values.
1611,Provider input — Truncated expense PMPM [2024 Disabled],USD/member-month,TIN-level treated and aggregated input passed to the formula engine. PAID and RISK rows are normalized by treated member months.,model_cell,MSSP PROSP,CQ3,,Fresh SAS input; do not copy cached workbook values.
1612,Provider input — Truncated expense PMPM [2025 Disabled],USD/member-month,TIN-level treated and aggregated input passed to the formula engine. PAID and RISK rows are normalized by treated member months.,model_cell,MSSP PROSP,CR3,,Fresh SAS input; do not copy cached workbook values.
1613,Provider input — Truncated expense PMPM [2026 Disabled],USD/member-month,TIN-level treated and aggregated input passed to the formula engine. PAID and RISK rows are normalized by treated member months.,model_cell,MSSP PROSP,CS3,,Fresh SAS input; do not copy cached workbook values.
1614,Provider input — Truncated expense PMPM [2019 Aged dual],USD/member-month,TIN-level treated and aggregated input passed to the formula engine. PAID and RISK rows are normalized by treated member months.,model_cell,MSSP PROSP,CT3,,Fresh SAS input; do not copy cached workbook values.
1615,Provider input — Truncated expense PMPM [2020 Aged dual],USD/member-month,TIN-level treated and aggregated input passed to the formula engine. PAID and RISK rows are normalized by treated member months.,model_cell,MSSP PROSP,CU3,,Fresh SAS input; do not copy cached workbook values.
1616,Provider input — Truncated expense PMPM [2021 Aged dual],USD/member-month,TIN-level treated and aggregated input passed to the formula engine. PAID and RISK rows are normalized by treated member months.,model_cell,MSSP PROSP,CV3,,Fresh SAS input; do not copy cached workbook values.
1617,Provider input — Truncated expense PMPM [2022 Aged dual],USD/member-month,TIN-level treated and aggregated input passed to the formula engine. PAID and RISK rows are normalized by treated member months.,model_cell,MSSP PROSP,CW3,,Fresh SAS input; do not copy cached workbook values.
1618,Provider input — Truncated expense PMPM [2023 Aged dual],USD/member-month,TIN-level treated and aggregated input passed to the formula engine. PAID and RISK rows are normalized by treated member months.,model_cell,MSSP PROSP,CX3,,Fresh SAS input; do not copy cached workbook values.
1619,Provider input — Truncated expense PMPM [2024 Aged dual],USD/member-month,TIN-level treated and aggregated input passed to the formula engine. PAID and RISK rows are normalized by treated member months.,model_cell,MSSP PROSP,CY3,,Fresh SAS input; do not copy cached workbook values.
1620,Provider input — Truncated expense PMPM [2025 Aged dual],USD/member-month,TIN-level treated and aggregated input passed to the formula engine. PAID and RISK rows are normalized by treated member months.,model_cell,MSSP PROSP,CZ3,,Fresh SAS input; do not copy cached workbook values.
1621,Provider input — Truncated expense PMPM [2026 Aged dual],USD/member-month,TIN-level treated and aggregated input passed to the formula engine. PAID and RISK rows are normalized by treated member months.,model_cell,MSSP PROSP,DA3,,Fresh SAS input; do not copy cached workbook values.
1622,Provider input — Truncated expense PMPM [2019 Aged nondual],USD/member-month,TIN-level treated and aggregated input passed to the formula engine. PAID and RISK rows are normalized by treated member months.,model_cell,MSSP PROSP,DB3,,Fresh SAS input; do not copy cached workbook values.
1623,Provider input — Truncated expense PMPM [2020 Aged nondual],USD/member-month,TIN-level treated and aggregated input passed to the formula engine. PAID and RISK rows are normalized by treated member months.,model_cell,MSSP PROSP,DC3,,Fresh SAS input; do not copy cached workbook values.
1624,Provider input — Truncated expense PMPM [2021 Aged nondual],USD/member-month,TIN-level treated and aggregated input passed to the formula engine. PAID and RISK rows are normalized by treated member months.,model_cell,MSSP PROSP,DD3,,Fresh SAS input; do not copy cached workbook values.
1625,Provider input — Truncated expense PMPM [2022 Aged nondual],USD/member-month,TIN-level treated and aggregated input passed to the formula engine. PAID and RISK rows are normalized by treated member months.,model_cell,MSSP PROSP,DE3,,Fresh SAS input; do not copy cached workbook values.
1626,Provider input — Truncated expense PMPM [2023 Aged nondual],USD/member-month,TIN-level treated and aggregated input passed to the formula engine. PAID and RISK rows are normalized by treated member months.,model_cell,MSSP PROSP,DF3,,Fresh SAS input; do not copy cached workbook values.
1627,Provider input — Truncated expense PMPM [2024 Aged nondual],USD/member-month,TIN-level treated and aggregated input passed to the formula engine. PAID and RISK rows are normalized by treated member months.,model_cell,MSSP PROSP,DG3,,Fresh SAS input; do not copy cached workbook values.
1628,Provider input — Truncated expense PMPM [2025 Aged nondual],USD/member-month,TIN-level treated and aggregated input passed to the formula engine. PAID and RISK rows are normalized by treated member months.,model_cell,MSSP PROSP,DH3,,Fresh SAS input; do not copy cached workbook values.
1629,Provider input — Truncated expense PMPM [2026 Aged nondual],USD/member-month,TIN-level treated and aggregated input passed to the formula engine. PAID and RISK rows are normalized by treated member months.,model_cell,MSSP PROSP,DI3,,Fresh SAS input; do not copy cached workbook values.
1630,Provider input — ESRD model risk (workbook header RISK_V28) [2019 ESRD],risk score,"TIN-level treated and aggregated input passed to the formula engine. PAID and RISK rows are normalized by treated member months. ESRD uses ESRD_RISK_ACTUAL, not generic ESRD_RSK_V28, despite the workbook header.",model_cell,MSSP PROSP,DJ3,,Fresh SAS input; do not copy cached workbook values.
1631,Provider input — ESRD model risk (workbook header RISK_V28) [2020 ESRD],risk score,"TIN-level treated and aggregated input passed to the formula engine. PAID and RISK rows are normalized by treated member months. ESRD uses ESRD_RISK_ACTUAL, not generic ESRD_RSK_V28, despite the workbook header.",model_cell,MSSP PROSP,DK3,,Fresh SAS input; do not copy cached workbook values.
1632,Provider input — ESRD model risk (workbook header RISK_V28) [2021 ESRD],risk score,"TIN-level treated and aggregated input passed to the formula engine. PAID and RISK rows are normalized by treated member months. ESRD uses ESRD_RISK_ACTUAL, not generic ESRD_RSK_V28, despite the workbook header.",model_cell,MSSP PROSP,DL3,,Fresh SAS input; do not copy cached workbook values.
1633,Provider input — ESRD model risk (workbook header RISK_V28) [2022 ESRD],risk score,"TIN-level treated and aggregated input passed to the formula engine. PAID and RISK rows are normalized by treated member months. ESRD uses ESRD_RISK_ACTUAL, not generic ESRD_RSK_V28, despite the workbook header.",model_cell,MSSP PROSP,DM3,,Fresh SAS input; do not copy cached workbook values.
1634,Provider input — ESRD model risk (workbook header RISK_V28) [2023 ESRD],risk score,"TIN-level treated and aggregated input passed to the formula engine. PAID and RISK rows are normalized by treated member months. ESRD uses ESRD_RISK_ACTUAL, not generic ESRD_RSK_V28, despite the workbook header.",model_cell,MSSP PROSP,DN3,,Fresh SAS input; do not copy cached workbook values.
1635,Provider input — ESRD model risk (workbook header RISK_V28) [2024 ESRD],risk score,"TIN-level treated and aggregated input passed to the formula engine. PAID and RISK rows are normalized by treated member months. ESRD uses ESRD_RISK_ACTUAL, not generic ESRD_RSK_V28, despite the workbook header.",model_cell,MSSP PROSP,DO3,,Fresh SAS input; do not copy cached workbook values.
1636,Provider input — ESRD model risk (workbook header RISK_V28) [2025 ESRD],risk score,"TIN-level treated and aggregated input passed to the formula engine. PAID and RISK rows are normalized by treated member months. ESRD uses ESRD_RISK_ACTUAL, not generic ESRD_RSK_V28, despite the workbook header.",model_cell,MSSP PROSP,DP3,,Fresh SAS input; do not copy cached workbook values.
1637,Provider input — ESRD model risk (workbook header RISK_V28) [2026 ESRD],risk score,"TIN-level treated and aggregated input passed to the formula engine. PAID and RISK rows are normalized by treated member months. ESRD uses ESRD_RISK_ACTUAL, not generic ESRD_RSK_V28, despite the workbook header.",model_cell,MSSP PROSP,DQ3,,Fresh SAS input; do not copy cached workbook values.
1638,Provider input — Risk V28 [2019 Disabled],risk score,TIN-level treated and aggregated input passed to the formula engine. PAID and RISK rows are normalized by treated member months.,model_cell,MSSP PROSP,DR3,,Fresh SAS input; do not copy cached workbook values.
1639,Provider input — Risk V28 [2020 Disabled],risk score,TIN-level treated and aggregated input passed to the formula engine. PAID and RISK rows are normalized by treated member months.,model_cell,MSSP PROSP,DS3,,Fresh SAS input; do not copy cached workbook values.
1640,Provider input — Risk V28 [2021 Disabled],risk score,TIN-level treated and aggregated input passed to the formula engine. PAID and RISK rows are normalized by treated member months.,model_cell,MSSP PROSP,DT3,,Fresh SAS input; do not copy cached workbook values.
1641,Provider input — Risk V28 [2022 Disabled],risk score,TIN-level treated and aggregated input passed to the formula engine. PAID and RISK rows are normalized by treated member months.,model_cell,MSSP PROSP,DU3,,Fresh SAS input; do not copy cached workbook values.
1642,Provider input — Risk V28 [2023 Disabled],risk score,TIN-level treated and aggregated input passed to the formula engine. PAID and RISK rows are normalized by treated member months.,model_cell,MSSP PROSP,DV3,,Fresh SAS input; do not copy cached workbook values.
1643,Provider input — Risk V28 [2024 Disabled],risk score,TIN-level treated and aggregated input passed to the formula engine. PAID and RISK rows are normalized by treated member months.,model_cell,MSSP PROSP,DW3,,Fresh SAS input; do not copy cached workbook values.
1644,Provider input — Risk V28 [2025 Disabled],risk score,TIN-level treated and aggregated input passed to the formula engine. PAID and RISK rows are normalized by treated member months.,model_cell,MSSP PROSP,DX3,,Fresh SAS input; do not copy cached workbook values.
1645,Provider input — Risk V28 [2026 Disabled],risk score,TIN-level treated and aggregated input passed to the formula engine. PAID and RISK rows are normalized by treated member months.,model_cell,MSSP PROSP,DY3,,Fresh SAS input; do not copy cached workbook values.
1646,Provider input — Risk V28 [2019 Aged dual],risk score,TIN-level treated and aggregated input passed to the formula engine. PAID and RISK rows are normalized by treated member months.,model_cell,MSSP PROSP,DZ3,,Fresh SAS input; do not copy cached workbook values.
1647,Provider input — Risk V28 [2020 Aged dual],risk score,TIN-level treated and aggregated input passed to the formula engine. PAID and RISK rows are normalized by treated member months.,model_cell,MSSP PROSP,EA3,,Fresh SAS input; do not copy cached workbook values.
1648,Provider input — Risk V28 [2021 Aged dual],risk score,TIN-level treated and aggregated input passed to the formula engine. PAID and RISK rows are normalized by treated member months.,model_cell,MSSP PROSP,EB3,,Fresh SAS input; do not copy cached workbook values.
1649,Provider input — Risk V28 [2022 Aged dual],risk score,TIN-level treated and aggregated input passed to the formula engine. PAID and RISK rows are normalized by treated member months.,model_cell,MSSP PROSP,EC3,,Fresh SAS input; do not copy cached workbook values.
1650,Provider input — Risk V28 [2023 Aged dual],risk score,TIN-level treated and aggregated input passed to the formula engine. PAID and RISK rows are normalized by treated member months.,model_cell,MSSP PROSP,ED3,,Fresh SAS input; do not copy cached workbook values.
1651,Provider input — Risk V28 [2024 Aged dual],risk score,TIN-level treated and aggregated input passed to the formula engine. PAID and RISK rows are normalized by treated member months.,model_cell,MSSP PROSP,EE3,,Fresh SAS input; do not copy cached workbook values.
1652,Provider input — Risk V28 [2025 Aged dual],risk score,TIN-level treated and aggregated input passed to the formula engine. PAID and RISK rows are normalized by treated member months.,model_cell,MSSP PROSP,EF3,,Fresh SAS input; do not copy cached workbook values.
1653,Provider input — Risk V28 [2026 Aged dual],risk score,TIN-level treated and aggregated input passed to the formula engine. PAID and RISK rows are normalized by treated member months.,model_cell,MSSP PROSP,EG3,,Fresh SAS input; do not copy cached workbook values.
1654,Provider input — Risk V28 [2019 Aged nondual],risk score,TIN-level treated and aggregated input passed to the formula engine. PAID and RISK rows are normalized by treated member months.,model_cell,MSSP PROSP,EH3,,Fresh SAS input; do not copy cached workbook values.
1655,Provider input — Risk V28 [2020 Aged nondual],risk score,TIN-level treated and aggregated input passed to the formula engine. PAID and RISK rows are normalized by treated member months.,model_cell,MSSP PROSP,EI3,,Fresh SAS input; do not copy cached workbook values.
1656,Provider input — Risk V28 [2021 Aged nondual],risk score,TIN-level treated and aggregated input passed to the formula engine. PAID and RISK rows are normalized by treated member months.,model_cell,MSSP PROSP,EJ3,,Fresh SAS input; do not copy cached workbook values.
1657,Provider input — Risk V28 [2022 Aged nondual],risk score,TIN-level treated and aggregated input passed to the formula engine. PAID and RISK rows are normalized by treated member months.,model_cell,MSSP PROSP,EK3,,Fresh SAS input; do not copy cached workbook values.
1658,Provider input — Risk V28 [2023 Aged nondual],risk score,TIN-level treated and aggregated input passed to the formula engine. PAID and RISK rows are normalized by treated member months.,model_cell,MSSP PROSP,EL3,,Fresh SAS input; do not copy cached workbook values.
1659,Provider input — Risk V28 [2024 Aged nondual],risk score,TIN-level treated and aggregated input passed to the formula engine. PAID and RISK rows are normalized by treated member months.,model_cell,MSSP PROSP,EM3,,Fresh SAS input; do not copy cached workbook values.
1660,Provider input — Risk V28 [2025 Aged nondual],risk score,TIN-level treated and aggregated input passed to the formula engine. PAID and RISK rows are normalized by treated member months.,model_cell,MSSP PROSP,EN3,,Fresh SAS input; do not copy cached workbook values.
1661,Provider input — Risk V28 [2026 Aged nondual],risk score,TIN-level treated and aggregated input passed to the formula engine. PAID and RISK rows are normalized by treated member months.,model_cell,MSSP PROSP,EO3,,Fresh SAS input; do not copy cached workbook values.
1662,National assignable beneficiaries [ESRD] (Assignable HB1),beneficiaries,"Aggregate of national county sources and, where indicated, the current TIN assigned-county distribution; use the exact original formula ranges.",model_cell,MSSP Assignable,HB1,=SUM(HB5:HB4334),Rebuilt from supplied national SAS and TIN county weights. Repeated county-level rows remain in replay inputs.
1663,National assignable beneficiaries [Disabled] (Assignable HC1),beneficiaries,"Aggregate of national county sources and, where indicated, the current TIN assigned-county distribution; use the exact original formula ranges.",model_cell,MSSP Assignable,HC1,=SUM(HC5:HC4334),Rebuilt from supplied national SAS and TIN county weights. Repeated county-level rows remain in replay inputs.
1664,National assignable beneficiaries [Aged dual] (Assignable HD1),beneficiaries,"Aggregate of national county sources and, where indicated, the current TIN assigned-county distribution; use the exact original formula ranges.",model_cell,MSSP Assignable,HD1,=SUM(HD5:HD4334),Rebuilt from supplied national SAS and TIN county weights. Repeated county-level rows remain in replay inputs.
1665,National assignable beneficiaries [Aged nondual] (Assignable HE1),beneficiaries,"Aggregate of national county sources and, where indicated, the current TIN assigned-county distribution; use the exact original formula ranges.",model_cell,MSSP Assignable,HE1,=SUM(HE5:HE4334),Rebuilt from supplied national SAS and TIN county weights. Repeated county-level rows remain in replay inputs.
1666,TIN assigned county beneficiaries used as regional weights [ESRD] (Assignable HF1),beneficiaries,"Aggregate of national county sources and, where indicated, the current TIN assigned-county distribution; use the exact original formula ranges.",model_cell,MSSP Assignable,HF1,=SUM(HF5:HF4334),Rebuilt from supplied national SAS and TIN county weights. Repeated county-level rows remain in replay inputs.
1667,TIN assigned county beneficiaries used as regional weights [Disabled] (Assignable HG1),beneficiaries,"Aggregate of national county sources and, where indicated, the current TIN assigned-county distribution; use the exact original formula ranges.",model_cell,MSSP Assignable,HG1,=SUM(HG5:HG4334),Rebuilt from supplied national SAS and TIN county weights. Repeated county-level rows remain in replay inputs.
1668,TIN assigned county beneficiaries used as regional weights [Aged dual] (Assignable HH1),beneficiaries,"Aggregate of national county sources and, where indicated, the current TIN assigned-county distribution; use the exact original formula ranges.",model_cell,MSSP Assignable,HH1,=SUM(HH5:HH4334),Rebuilt from supplied national SAS and TIN county weights. Repeated county-level rows remain in replay inputs.
1669,TIN assigned county beneficiaries used as regional weights [Aged nondual] (Assignable HI1),beneficiaries,"Aggregate of national county sources and, where indicated, the current TIN assigned-county distribution; use the exact original formula ranges.",model_cell,MSSP Assignable,HI1,=SUM(HI5:HI4334),Rebuilt from supplied national SAS and TIN county weights. Repeated county-level rows remain in replay inputs.
1670,County-weighted national share [ESRD] (Assignable HJ1),ratio,"Aggregate of national county sources and, where indicated, the current TIN assigned-county distribution; use the exact original formula ranges.",model_cell,MSSP Assignable,HJ1,=SUM(HJ5:HJ4334),Rebuilt from supplied national SAS and TIN county weights. Repeated county-level rows remain in replay inputs.
1671,County-weighted national share [Disabled] (Assignable HK1),ratio,"Aggregate of national county sources and, where indicated, the current TIN assigned-county distribution; use the exact original formula ranges.",model_cell,MSSP Assignable,HK1,=SUM(HK5:HK4334),Rebuilt from supplied national SAS and TIN county weights. Repeated county-level rows remain in replay inputs.
1672,County-weighted national share [Aged dual] (Assignable HL1),ratio,"Aggregate of national county sources and, where indicated, the current TIN assigned-county distribution; use the exact original formula ranges.",model_cell,MSSP Assignable,HL1,=SUM(HL5:HL4334),Rebuilt from supplied national SAS and TIN county weights. Repeated county-level rows remain in replay inputs.
1673,County-weighted national share [Aged nondual] (Assignable HM1),ratio,"Aggregate of national county sources and, where indicated, the current TIN assigned-county distribution; use the exact original formula ranges.",model_cell,MSSP Assignable,HM1,=SUM(HM5:HM4334),Rebuilt from supplied national SAS and TIN county weights. Repeated county-level rows remain in replay inputs.
1674,TIN county-weighted regional Risk-adjusted annualized expense [2019 ESRD] (Assignable FV2),USD/person-year,"Aggregate of national county sources and, where indicated, the current TIN assigned-county distribution; use the exact original formula ranges.",model_cell,MSSP Assignable,FV2,"=IFERROR((SUMPRODUCT(FV5:FV4347,$HF$5:$HF$4347)/SUM($HF$5:$HF$4347)),0)",Rebuilt from supplied national SAS and TIN county weights. Repeated county-level rows remain in replay inputs.
1675,TIN county-weighted regional Risk-adjusted annualized expense [2020 ESRD] (Assignable FW2),USD/person-year,"Aggregate of national county sources and, where indicated, the current TIN assigned-county distribution; use the exact original formula ranges.",model_cell,MSSP Assignable,FW2,"=IFERROR((SUMPRODUCT(FW5:FW4347,$HF$5:$HF$4347)/SUM($HF$5:$HF$4347)),0)",Rebuilt from supplied national SAS and TIN county weights. Repeated county-level rows remain in replay inputs.
1676,TIN county-weighted regional Risk-adjusted annualized expense [2021 ESRD] (Assignable FX2),USD/person-year,"Aggregate of national county sources and, where indicated, the current TIN assigned-county distribution; use the exact original formula ranges.",model_cell,MSSP Assignable,FX2,"=IFERROR((SUMPRODUCT(FX5:FX4347,$HF$5:$HF$4347)/SUM($HF$5:$HF$4347)),0)",Rebuilt from supplied national SAS and TIN county weights. Repeated county-level rows remain in replay inputs.
1677,TIN county-weighted regional Risk-adjusted annualized expense [2022 ESRD] (Assignable FY2),USD/person-year,"Aggregate of national county sources and, where indicated, the current TIN assigned-county distribution; use the exact original formula ranges.",model_cell,MSSP Assignable,FY2,"=IFERROR((SUMPRODUCT(FY5:FY4347,$HF$5:$HF$4347)/SUM($HF$5:$HF$4347)),0)",Rebuilt from supplied national SAS and TIN county weights. Repeated county-level rows remain in replay inputs.
1678,TIN county-weighted regional Risk-adjusted annualized expense [2023 ESRD] (Assignable FZ2),USD/person-year,"Aggregate of national county sources and, where indicated, the current TIN assigned-county distribution; use the exact original formula ranges.",model_cell,MSSP Assignable,FZ2,"=IFERROR((SUMPRODUCT(FZ5:FZ4347,$HF$5:$HF$4347)/SUM($HF$5:$HF$4347)),0)",Rebuilt from supplied national SAS and TIN county weights. Repeated county-level rows remain in replay inputs.
1679,TIN county-weighted regional Risk-adjusted annualized expense [2024 ESRD] (Assignable GA2),USD/person-year,"Aggregate of national county sources and, where indicated, the current TIN assigned-county distribution; use the exact original formula ranges.",model_cell,MSSP Assignable,GA2,"=IFERROR((SUMPRODUCT(GA5:GA4347,$HF$5:$HF$4347)/SUM($HF$5:$HF$4347)),0)",Rebuilt from supplied national SAS and TIN county weights. Repeated county-level rows remain in replay inputs.
1680,TIN county-weighted regional Risk-adjusted annualized expense [2025 ESRD] (Assignable GB2),USD/person-year,"Aggregate of national county sources and, where indicated, the current TIN assigned-county distribution; use the exact original formula ranges.",model_cell,MSSP Assignable,GB2,"=IFERROR((SUMPRODUCT(GB5:GB4347,$HF$5:$HF$4347)/SUM($HF$5:$HF$4347)),0)",Rebuilt from supplied national SAS and TIN county weights. Repeated county-level rows remain in replay inputs.
1681,TIN county-weighted regional Risk-adjusted annualized expense [2026 ESRD] (Assignable GC2),USD/person-year,"Aggregate of national county sources and, where indicated, the current TIN assigned-county distribution; use the exact original formula ranges.",model_cell,MSSP Assignable,GC2,"=IFERROR((SUMPRODUCT(GC5:GC4347,$HF$5:$HF$4347)/SUM($HF$5:$HF$4347)),0)",Rebuilt from supplied national SAS and TIN county weights. Repeated county-level rows remain in replay inputs.
1682,TIN county-weighted regional Risk-adjusted annualized expense [2019 Disabled] (Assignable GD2),USD/person-year,"Aggregate of national county sources and, where indicated, the current TIN assigned-county distribution; use the exact original formula ranges.",model_cell,MSSP Assignable,GD2,"=IFERROR((SUMPRODUCT(GD5:GD4350,$HG$5:$HG$4350)/SUM($HG$5:$HG$4350)),0)",Rebuilt from supplied national SAS and TIN county weights. Repeated county-level rows remain in replay inputs.
1683,TIN county-weighted regional Risk-adjusted annualized expense [2020 Disabled] (Assignable GE2),USD/person-year,"Aggregate of national county sources and, where indicated, the current TIN assigned-county distribution; use the exact original formula ranges.",model_cell,MSSP Assignable,GE2,"=IFERROR((SUMPRODUCT(GE5:GE4350,$HG$5:$HG$4350)/SUM($HG$5:$HG$4350)),0)",Rebuilt from supplied national SAS and TIN county weights. Repeated county-level rows remain in replay inputs.
1684,TIN county-weighted regional Risk-adjusted annualized expense [2021 Disabled] (Assignable GF2),USD/person-year,"Aggregate of national county sources and, where indicated, the current TIN assigned-county distribution; use the exact original formula ranges.",model_cell,MSSP Assignable,GF2,"=IFERROR((SUMPRODUCT(GF5:GF4350,$HG$5:$HG$4350)/SUM($HG$5:$HG$4350)),0)",Rebuilt from supplied national SAS and TIN county weights. Repeated county-level rows remain in replay inputs.
1685,TIN county-weighted regional Risk-adjusted annualized expense [2022 Disabled] (Assignable GG2),USD/person-year,"Aggregate of national county sources and, where indicated, the current TIN assigned-county distribution; use the exact original formula ranges.",model_cell,MSSP Assignable,GG2,"=IFERROR((SUMPRODUCT(GG5:GG4350,$HG$5:$HG$4350)/SUM($HG$5:$HG$4350)),0)",Rebuilt from supplied national SAS and TIN county weights. Repeated county-level rows remain in replay inputs.
1686,TIN county-weighted regional Risk-adjusted annualized expense [2023 Disabled] (Assignable GH2),USD/person-year,"Aggregate of national county sources and, where indicated, the current TIN assigned-county distribution; use the exact original formula ranges.",model_cell,MSSP Assignable,GH2,"=IFERROR((SUMPRODUCT(GH5:GH4350,$HG$5:$HG$4350)/SUM($HG$5:$HG$4350)),0)",Rebuilt from supplied national SAS and TIN county weights. Repeated county-level rows remain in replay inputs.
1687,TIN county-weighted regional Risk-adjusted annualized expense [2024 Disabled] (Assignable GI2),USD/person-year,"Aggregate of national county sources and, where indicated, the current TIN assigned-county distribution; use the exact original formula ranges.",model_cell,MSSP Assignable,GI2,"=IFERROR((SUMPRODUCT(GI5:GI4350,$HG$5:$HG$4350)/SUM($HG$5:$HG$4350)),0)",Rebuilt from supplied national SAS and TIN county weights. Repeated county-level rows remain in replay inputs.
1688,TIN county-weighted regional Risk-adjusted annualized expense [2025 Disabled] (Assignable GJ2),USD/person-year,"Aggregate of national county sources and, where indicated, the current TIN assigned-county distribution; use the exact original formula ranges.",model_cell,MSSP Assignable,GJ2,"=IFERROR((SUMPRODUCT(GJ5:GJ4350,$HG$5:$HG$4350)/SUM($HG$5:$HG$4350)),0)",Rebuilt from supplied national SAS and TIN county weights. Repeated county-level rows remain in replay inputs.
1689,TIN county-weighted regional Risk-adjusted annualized expense [2026 Disabled] (Assignable GK2),USD/person-year,"Aggregate of national county sources and, where indicated, the current TIN assigned-county distribution; use the exact original formula ranges.",model_cell,MSSP Assignable,GK2,"=IFERROR((SUMPRODUCT(GK5:GK4350,$HG$5:$HG$4350)/SUM($HG$5:$HG$4350)),0)",Rebuilt from supplied national SAS and TIN county weights. Repeated county-level rows remain in replay inputs.
1690,TIN county-weighted regional Risk-adjusted annualized expense [2019 Aged dual] (Assignable GL2),USD/person-year,"Aggregate of national county sources and, where indicated, the current TIN assigned-county distribution; use the exact original formula ranges.",model_cell,MSSP Assignable,GL2,"=IFERROR((SUMPRODUCT(GL5:GL4350,$HH$5:$HH$4350)/SUM($HH$5:$HH$4350)),0)",Rebuilt from supplied national SAS and TIN county weights. Repeated county-level rows remain in replay inputs.
1691,TIN county-weighted regional Risk-adjusted annualized expense [2020 Aged dual] (Assignable GM2),USD/person-year,"Aggregate of national county sources and, where indicated, the current TIN assigned-county distribution; use the exact original formula ranges.",model_cell,MSSP Assignable,GM2,"=IFERROR((SUMPRODUCT(GM5:GM4350,$HH$5:$HH$4350)/SUM($HH$5:$HH$4350)),0)",Rebuilt from supplied national SAS and TIN county weights. Repeated county-level rows remain in replay inputs.
1692,TIN county-weighted regional Risk-adjusted annualized expense [2021 Aged dual] (Assignable GN2),USD/person-year,"Aggregate of national county sources and, where indicated, the current TIN assigned-county distribution; use the exact original formula ranges.",model_cell,MSSP Assignable,GN2,"=IFERROR((SUMPRODUCT(GN5:GN4350,$HH$5:$HH$4350)/SUM($HH$5:$HH$4350)),0)",Rebuilt from supplied national SAS and TIN county weights. Repeated county-level rows remain in replay inputs.
1693,TIN county-weighted regional Risk-adjusted annualized expense [2022 Aged dual] (Assignable GO2),USD/person-year,"Aggregate of national county sources and, where indicated, the current TIN assigned-county distribution; use the exact original formula ranges.",model_cell,MSSP Assignable,GO2,"=IFERROR((SUMPRODUCT(GO5:GO4350,$HH$5:$HH$4350)/SUM($HH$5:$HH$4350)),0)",Rebuilt from supplied national SAS and TIN county weights. Repeated county-level rows remain in replay inputs.
1694,TIN county-weighted regional Risk-adjusted annualized expense [2023 Aged dual] (Assignable GP2),USD/person-year,"Aggregate of national county sources and, where indicated, the current TIN assigned-county distribution; use the exact original formula ranges.",model_cell,MSSP Assignable,GP2,"=IFERROR((SUMPRODUCT(GP5:GP4350,$HH$5:$HH$4350)/SUM($HH$5:$HH$4350)),0)",Rebuilt from supplied national SAS and TIN county weights. Repeated county-level rows remain in replay inputs.
1695,TIN county-weighted regional Risk-adjusted annualized expense [2024 Aged dual] (Assignable GQ2),USD/person-year,"Aggregate of national county sources and, where indicated, the current TIN assigned-county distribution; use the exact original formula ranges.",model_cell,MSSP Assignable,GQ2,"=IFERROR((SUMPRODUCT(GQ5:GQ4350,$HH$5:$HH$4350)/SUM($HH$5:$HH$4350)),0)",Rebuilt from supplied national SAS and TIN county weights. Repeated county-level rows remain in replay inputs.
1696,TIN county-weighted regional Risk-adjusted annualized expense [2025 Aged dual] (Assignable GR2),USD/person-year,"Aggregate of national county sources and, where indicated, the current TIN assigned-county distribution; use the exact original formula ranges.",model_cell,MSSP Assignable,GR2,"=IFERROR((SUMPRODUCT(GR5:GR4350,$HH$5:$HH$4350)/SUM($HH$5:$HH$4350)),0)",Rebuilt from supplied national SAS and TIN county weights. Repeated county-level rows remain in replay inputs.
1697,TIN county-weighted regional Risk-adjusted annualized expense [2026 Aged dual] (Assignable GS2),USD/person-year,"Aggregate of national county sources and, where indicated, the current TIN assigned-county distribution; use the exact original formula ranges.",model_cell,MSSP Assignable,GS2,"=IFERROR((SUMPRODUCT(GS5:GS4350,$HH$5:$HH$4350)/SUM($HH$5:$HH$4350)),0)",Rebuilt from supplied national SAS and TIN county weights. Repeated county-level rows remain in replay inputs.
1698,TIN county-weighted regional Risk-adjusted annualized expense [2019 Aged nondual] (Assignable GT2),USD/person-year,"Aggregate of national county sources and, where indicated, the current TIN assigned-county distribution; use the exact original formula ranges.",model_cell,MSSP Assignable,GT2,"=IFERROR((SUMPRODUCT(GT5:GT4350,$HI$5:$HI$4350)/SUM($HI$5:$HI$4350)),0)",Rebuilt from supplied national SAS and TIN county weights. Repeated county-level rows remain in replay inputs.
1699,TIN county-weighted regional Risk-adjusted annualized expense [2020 Aged nondual] (Assignable GU2),USD/person-year,"Aggregate of national county sources and, where indicated, the current TIN assigned-county distribution; use the exact original formula ranges.",model_cell,MSSP Assignable,GU2,"=IFERROR((SUMPRODUCT(GU5:GU4350,$HI$5:$HI$4350)/SUM($HI$5:$HI$4350)),0)",Rebuilt from supplied national SAS and TIN county weights. Repeated county-level rows remain in replay inputs.
1700,TIN county-weighted regional Risk-adjusted annualized expense [2021 Aged nondual] (Assignable GV2),USD/person-year,"Aggregate of national county sources and, where indicated, the current TIN assigned-county distribution; use the exact original formula ranges.",model_cell,MSSP Assignable,GV2,"=IFERROR((SUMPRODUCT(GV5:GV4350,$HI$5:$HI$4350)/SUM($HI$5:$HI$4350)),0)",Rebuilt from supplied national SAS and TIN county weights. Repeated county-level rows remain in replay inputs.
1701,TIN county-weighted regional Risk-adjusted annualized expense [2022 Aged nondual] (Assignable GW2),USD/person-year,"Aggregate of national county sources and, where indicated, the current TIN assigned-county distribution; use the exact original formula ranges.",model_cell,MSSP Assignable,GW2,"=IFERROR((SUMPRODUCT(GW5:GW4350,$HI$5:$HI$4350)/SUM($HI$5:$HI$4350)),0)",Rebuilt from supplied national SAS and TIN county weights. Repeated county-level rows remain in replay inputs.
1702,TIN county-weighted regional Risk-adjusted annualized expense [2023 Aged nondual] (Assignable GX2),USD/person-year,"Aggregate of national county sources and, where indicated, the current TIN assigned-county distribution; use the exact original formula ranges.",model_cell,MSSP Assignable,GX2,"=IFERROR((SUMPRODUCT(GX5:GX4350,$HI$5:$HI$4350)/SUM($HI$5:$HI$4350)),0)",Rebuilt from supplied national SAS and TIN county weights. Repeated county-level rows remain in replay inputs.
1703,TIN county-weighted regional Risk-adjusted annualized expense [2024 Aged nondual] (Assignable GY2),USD/person-year,"Aggregate of national county sources and, where indicated, the current TIN assigned-county distribution; use the exact original formula ranges.",model_cell,MSSP Assignable,GY2,"=IFERROR((SUMPRODUCT(GY5:GY4350,$HI$5:$HI$4350)/SUM($HI$5:$HI$4350)),0)",Rebuilt from supplied national SAS and TIN county weights. Repeated county-level rows remain in replay inputs.
1704,TIN county-weighted regional Risk-adjusted annualized expense [2025 Aged nondual] (Assignable GZ2),USD/person-year,"Aggregate of national county sources and, where indicated, the current TIN assigned-county distribution; use the exact original formula ranges.",model_cell,MSSP Assignable,GZ2,"=IFERROR((SUMPRODUCT(GZ5:GZ4350,$HI$5:$HI$4350)/SUM($HI$5:$HI$4350)),0)",Rebuilt from supplied national SAS and TIN county weights. Repeated county-level rows remain in replay inputs.
1705,TIN county-weighted regional Risk-adjusted annualized expense [2026 Aged nondual] (Assignable HA2),USD/person-year,"Aggregate of national county sources and, where indicated, the current TIN assigned-county distribution; use the exact original formula ranges.",model_cell,MSSP Assignable,HA2,"=IFERROR((SUMPRODUCT(HA5:HA4350,$HI$5:$HI$4350)/SUM($HI$5:$HI$4350)),0)",Rebuilt from supplied national SAS and TIN county weights. Repeated county-level rows remain in replay inputs.
1706,National Total beneficiaries [2019] (Assignable B3),beneficiaries,"Aggregate of national county sources and, where indicated, the current TIN assigned-county distribution; use the exact original formula ranges.",model_cell,MSSP Assignable,B3,=SUM(B5:B4350),Rebuilt from supplied national SAS and TIN county weights. Repeated county-level rows remain in replay inputs.
1707,National Total beneficiaries [2020] (Assignable C3),beneficiaries,"Aggregate of national county sources and, where indicated, the current TIN assigned-county distribution; use the exact original formula ranges.",model_cell,MSSP Assignable,C3,=SUM(C5:C4350),Rebuilt from supplied national SAS and TIN county weights. Repeated county-level rows remain in replay inputs.
1708,National Total beneficiaries [2021] (Assignable D3),beneficiaries,"Aggregate of national county sources and, where indicated, the current TIN assigned-county distribution; use the exact original formula ranges.",model_cell,MSSP Assignable,D3,=SUM(D5:D4350),Rebuilt from supplied national SAS and TIN county weights. Repeated county-level rows remain in replay inputs.
1709,National Total beneficiaries [2022] (Assignable E3),beneficiaries,"Aggregate of national county sources and, where indicated, the current TIN assigned-county distribution; use the exact original formula ranges.",model_cell,MSSP Assignable,E3,=SUM(E5:E4350),Rebuilt from supplied national SAS and TIN county weights. Repeated county-level rows remain in replay inputs.
1710,National Total beneficiaries [2023] (Assignable F3),beneficiaries,"Aggregate of national county sources and, where indicated, the current TIN assigned-county distribution; use the exact original formula ranges.",model_cell,MSSP Assignable,F3,=SUM(F5:F4350),Rebuilt from supplied national SAS and TIN county weights. Repeated county-level rows remain in replay inputs.
1711,National Total beneficiaries [2024] (Assignable G3),beneficiaries,"Aggregate of national county sources and, where indicated, the current TIN assigned-county distribution; use the exact original formula ranges.",model_cell,MSSP Assignable,G3,=SUM(G5:G4350),Rebuilt from supplied national SAS and TIN county weights. Repeated county-level rows remain in replay inputs.
1712,National Total beneficiaries [2025] (Assignable H3),beneficiaries,"Aggregate of national county sources and, where indicated, the current TIN assigned-county distribution; use the exact original formula ranges.",model_cell,MSSP Assignable,H3,=SUM(H5:H4350),Rebuilt from supplied national SAS and TIN county weights. Repeated county-level rows remain in replay inputs.
1713,National Total beneficiaries [2026] (Assignable I3),beneficiaries,"Aggregate of national county sources and, where indicated, the current TIN assigned-county distribution; use the exact original formula ranges.",model_cell,MSSP Assignable,I3,=SUM(I5:I4350),Rebuilt from supplied national SAS and TIN county weights. Repeated county-level rows remain in replay inputs.
1714,National Dual / LIS beneficiaries [2019] (Assignable J3),beneficiaries,"Aggregate of national county sources and, where indicated, the current TIN assigned-county distribution; use the exact original formula ranges.",model_cell,MSSP Assignable,J3,=SUM(J5:J4350),Rebuilt from supplied national SAS and TIN county weights. Repeated county-level rows remain in replay inputs.
1715,National Dual / LIS beneficiaries [2020] (Assignable K3),beneficiaries,"Aggregate of national county sources and, where indicated, the current TIN assigned-county distribution; use the exact original formula ranges.",model_cell,MSSP Assignable,K3,=SUM(K5:K4350),Rebuilt from supplied national SAS and TIN county weights. Repeated county-level rows remain in replay inputs.
1716,National Dual / LIS beneficiaries [2021] (Assignable L3),beneficiaries,"Aggregate of national county sources and, where indicated, the current TIN assigned-county distribution; use the exact original formula ranges.",model_cell,MSSP Assignable,L3,=SUM(L5:L4350),Rebuilt from supplied national SAS and TIN county weights. Repeated county-level rows remain in replay inputs.
1717,National Dual / LIS beneficiaries [2022] (Assignable M3),beneficiaries,"Aggregate of national county sources and, where indicated, the current TIN assigned-county distribution; use the exact original formula ranges.",model_cell,MSSP Assignable,M3,=SUM(M5:M4350),Rebuilt from supplied national SAS and TIN county weights. Repeated county-level rows remain in replay inputs.
1718,National Dual / LIS beneficiaries [2023] (Assignable N3),beneficiaries,"Aggregate of national county sources and, where indicated, the current TIN assigned-county distribution; use the exact original formula ranges.",model_cell,MSSP Assignable,N3,=SUM(N5:N4350),Rebuilt from supplied national SAS and TIN county weights. Repeated county-level rows remain in replay inputs.
1719,National Dual / LIS beneficiaries [2024] (Assignable O3),beneficiaries,"Aggregate of national county sources and, where indicated, the current TIN assigned-county distribution; use the exact original formula ranges.",model_cell,MSSP Assignable,O3,=SUM(O5:O4350),Rebuilt from supplied national SAS and TIN county weights. Repeated county-level rows remain in replay inputs.
1720,National Dual / LIS beneficiaries [2025] (Assignable P3),beneficiaries,"Aggregate of national county sources and, where indicated, the current TIN assigned-county distribution; use the exact original formula ranges.",model_cell,MSSP Assignable,P3,=SUM(P5:P4350),Rebuilt from supplied national SAS and TIN county weights. Repeated county-level rows remain in replay inputs.
1721,National Dual / LIS beneficiaries [2026] (Assignable Q3),beneficiaries,"Aggregate of national county sources and, where indicated, the current TIN assigned-county distribution; use the exact original formula ranges.",model_cell,MSSP Assignable,Q3,=SUM(Q5:Q4350),Rebuilt from supplied national SAS and TIN county weights. Repeated county-level rows remain in replay inputs.
1722,National Beneficiaries [2019 ESRD] (Assignable R3),beneficiaries,"Aggregate of national county sources and, where indicated, the current TIN assigned-county distribution; use the exact original formula ranges.",model_cell,MSSP Assignable,R3,=SUM(R5:R4350),Rebuilt from supplied national SAS and TIN county weights. Repeated county-level rows remain in replay inputs.
1723,National Beneficiaries [2020 ESRD] (Assignable S3),beneficiaries,"Aggregate of national county sources and, where indicated, the current TIN assigned-county distribution; use the exact original formula ranges.",model_cell,MSSP Assignable,S3,=SUM(S5:S4350),Rebuilt from supplied national SAS and TIN county weights. Repeated county-level rows remain in replay inputs.
1724,National Beneficiaries [2021 ESRD] (Assignable T3),beneficiaries,"Aggregate of national county sources and, where indicated, the current TIN assigned-county distribution; use the exact original formula ranges.",model_cell,MSSP Assignable,T3,=SUM(T5:T4350),Rebuilt from supplied national SAS and TIN county weights. Repeated county-level rows remain in replay inputs.
1725,National Beneficiaries [2022 ESRD] (Assignable U3),beneficiaries,"Aggregate of national county sources and, where indicated, the current TIN assigned-county distribution; use the exact original formula ranges.",model_cell,MSSP Assignable,U3,=SUM(U5:U4350),Rebuilt from supplied national SAS and TIN county weights. Repeated county-level rows remain in replay inputs.
1726,National Beneficiaries [2023 ESRD] (Assignable V3),beneficiaries,"Aggregate of national county sources and, where indicated, the current TIN assigned-county distribution; use the exact original formula ranges.",model_cell,MSSP Assignable,V3,=SUM(V5:V4350),Rebuilt from supplied national SAS and TIN county weights. Repeated county-level rows remain in replay inputs.
1727,National Beneficiaries [2024 ESRD] (Assignable W3),beneficiaries,"Aggregate of national county sources and, where indicated, the current TIN assigned-county distribution; use the exact original formula ranges.",model_cell,MSSP Assignable,W3,=SUM(W5:W4350),Rebuilt from supplied national SAS and TIN county weights. Repeated county-level rows remain in replay inputs.
1728,National Beneficiaries [2025 ESRD] (Assignable X3),beneficiaries,"Aggregate of national county sources and, where indicated, the current TIN assigned-county distribution; use the exact original formula ranges.",model_cell,MSSP Assignable,X3,=SUM(X5:X4350),Rebuilt from supplied national SAS and TIN county weights. Repeated county-level rows remain in replay inputs.
1729,National Beneficiaries [2026 ESRD] (Assignable Y3),beneficiaries,"Aggregate of national county sources and, where indicated, the current TIN assigned-county distribution; use the exact original formula ranges.",model_cell,MSSP Assignable,Y3,=SUM(Y5:Y4350),Rebuilt from supplied national SAS and TIN county weights. Repeated county-level rows remain in replay inputs.
1730,National Beneficiaries [2019 Disabled] (Assignable Z3),beneficiaries,"Aggregate of national county sources and, where indicated, the current TIN assigned-county distribution; use the exact original formula ranges.",model_cell,MSSP Assignable,Z3,=SUM(Z5:Z4350),Rebuilt from supplied national SAS and TIN county weights. Repeated county-level rows remain in replay inputs.
1731,National Beneficiaries [2020 Disabled] (Assignable AA3),beneficiaries,"Aggregate of national county sources and, where indicated, the current TIN assigned-county distribution; use the exact original formula ranges.",model_cell,MSSP Assignable,AA3,=SUM(AA5:AA4350),Rebuilt from supplied national SAS and TIN county weights. Repeated county-level rows remain in replay inputs.
1732,National Beneficiaries [2021 Disabled] (Assignable AB3),beneficiaries,"Aggregate of national county sources and, where indicated, the current TIN assigned-county distribution; use the exact original formula ranges.",model_cell,MSSP Assignable,AB3,=SUM(AB5:AB4350),Rebuilt from supplied national SAS and TIN county weights. Repeated county-level rows remain in replay inputs.
1733,National Beneficiaries [2022 Disabled] (Assignable AC3),beneficiaries,"Aggregate of national county sources and, where indicated, the current TIN assigned-county distribution; use the exact original formula ranges.",model_cell,MSSP Assignable,AC3,=SUM(AC5:AC4350),Rebuilt from supplied national SAS and TIN county weights. Repeated county-level rows remain in replay inputs.
1734,National Beneficiaries [2023 Disabled] (Assignable AD3),beneficiaries,"Aggregate of national county sources and, where indicated, the current TIN assigned-county distribution; use the exact original formula ranges.",model_cell,MSSP Assignable,AD3,=SUM(AD5:AD4350),Rebuilt from supplied national SAS and TIN county weights. Repeated county-level rows remain in replay inputs.
1735,National Beneficiaries [2024 Disabled] (Assignable AE3),beneficiaries,"Aggregate of national county sources and, where indicated, the current TIN assigned-county distribution; use the exact original formula ranges.",model_cell,MSSP Assignable,AE3,=SUM(AE5:AE4350),Rebuilt from supplied national SAS and TIN county weights. Repeated county-level rows remain in replay inputs.
1736,National Beneficiaries [2025 Disabled] (Assignable AF3),beneficiaries,"Aggregate of national county sources and, where indicated, the current TIN assigned-county distribution; use the exact original formula ranges.",model_cell,MSSP Assignable,AF3,=SUM(AF5:AF4350),Rebuilt from supplied national SAS and TIN county weights. Repeated county-level rows remain in replay inputs.
1737,National Beneficiaries [2026 Disabled] (Assignable AG3),beneficiaries,"Aggregate of national county sources and, where indicated, the current TIN assigned-county distribution; use the exact original formula ranges.",model_cell,MSSP Assignable,AG3,=SUM(AG5:AG4350),Rebuilt from supplied national SAS and TIN county weights. Repeated county-level rows remain in replay inputs.
1738,National Beneficiaries [2019 Aged dual] (Assignable AH3),beneficiaries,"Aggregate of national county sources and, where indicated, the current TIN assigned-county distribution; use the exact original formula ranges.",model_cell,MSSP Assignable,AH3,=SUM(AH5:AH4350),Rebuilt from supplied national SAS and TIN county weights. Repeated county-level rows remain in replay inputs.
1739,National Beneficiaries [2020 Aged dual] (Assignable AI3),beneficiaries,"Aggregate of national county sources and, where indicated, the current TIN assigned-county distribution; use the exact original formula ranges.",model_cell,MSSP Assignable,AI3,=SUM(AI5:AI4350),Rebuilt from supplied national SAS and TIN county weights. Repeated county-level rows remain in replay inputs.
1740,National Beneficiaries [2021 Aged dual] (Assignable AJ3),beneficiaries,"Aggregate of national county sources and, where indicated, the current TIN assigned-county distribution; use the exact original formula ranges.",model_cell,MSSP Assignable,AJ3,=SUM(AJ5:AJ4350),Rebuilt from supplied national SAS and TIN county weights. Repeated county-level rows remain in replay inputs.
1741,National Beneficiaries [2022 Aged dual] (Assignable AK3),beneficiaries,"Aggregate of national county sources and, where indicated, the current TIN assigned-county distribution; use the exact original formula ranges.",model_cell,MSSP Assignable,AK3,=SUM(AK5:AK4350),Rebuilt from supplied national SAS and TIN county weights. Repeated county-level rows remain in replay inputs.
1742,National Beneficiaries [2023 Aged dual] (Assignable AL3),beneficiaries,"Aggregate of national county sources and, where indicated, the current TIN assigned-county distribution; use the exact original formula ranges.",model_cell,MSSP Assignable,AL3,=SUM(AL5:AL4350),Rebuilt from supplied national SAS and TIN county weights. Repeated county-level rows remain in replay inputs.
1743,National Beneficiaries [2024 Aged dual] (Assignable AM3),beneficiaries,"Aggregate of national county sources and, where indicated, the current TIN assigned-county distribution; use the exact original formula ranges.",model_cell,MSSP Assignable,AM3,=SUM(AM5:AM4350),Rebuilt from supplied national SAS and TIN county weights. Repeated county-level rows remain in replay inputs.
1744,National Beneficiaries [2025 Aged dual] (Assignable AN3),beneficiaries,"Aggregate of national county sources and, where indicated, the current TIN assigned-county distribution; use the exact original formula ranges.",model_cell,MSSP Assignable,AN3,=SUM(AN5:AN4350),Rebuilt from supplied national SAS and TIN county weights. Repeated county-level rows remain in replay inputs.
1745,National Beneficiaries [2026 Aged dual] (Assignable AO3),beneficiaries,"Aggregate of national county sources and, where indicated, the current TIN assigned-county distribution; use the exact original formula ranges.",model_cell,MSSP Assignable,AO3,=SUM(AO5:AO4350),Rebuilt from supplied national SAS and TIN county weights. Repeated county-level rows remain in replay inputs.
1746,National Beneficiaries [2019 Aged nondual] (Assignable AP3),beneficiaries,"Aggregate of national county sources and, where indicated, the current TIN assigned-county distribution; use the exact original formula ranges.",model_cell,MSSP Assignable,AP3,=SUM(AP5:AP4350),Rebuilt from supplied national SAS and TIN county weights. Repeated county-level rows remain in replay inputs.
1747,National Beneficiaries [2020 Aged nondual] (Assignable AQ3),beneficiaries,"Aggregate of national county sources and, where indicated, the current TIN assigned-county distribution; use the exact original formula ranges.",model_cell,MSSP Assignable,AQ3,=SUM(AQ5:AQ4350),Rebuilt from supplied national SAS and TIN county weights. Repeated county-level rows remain in replay inputs.
1748,National Beneficiaries [2021 Aged nondual] (Assignable AR3),beneficiaries,"Aggregate of national county sources and, where indicated, the current TIN assigned-county distribution; use the exact original formula ranges.",model_cell,MSSP Assignable,AR3,=SUM(AR5:AR4350),Rebuilt from supplied national SAS and TIN county weights. Repeated county-level rows remain in replay inputs.
1749,National Beneficiaries [2022 Aged nondual] (Assignable AS3),beneficiaries,"Aggregate of national county sources and, where indicated, the current TIN assigned-county distribution; use the exact original formula ranges.",model_cell,MSSP Assignable,AS3,=SUM(AS5:AS4350),Rebuilt from supplied national SAS and TIN county weights. Repeated county-level rows remain in replay inputs.
1750,National Beneficiaries [2023 Aged nondual] (Assignable AT3),beneficiaries,"Aggregate of national county sources and, where indicated, the current TIN assigned-county distribution; use the exact original formula ranges.",model_cell,MSSP Assignable,AT3,=SUM(AT5:AT4350),Rebuilt from supplied national SAS and TIN county weights. Repeated county-level rows remain in replay inputs.
1751,National Beneficiaries [2024 Aged nondual] (Assignable AU3),beneficiaries,"Aggregate of national county sources and, where indicated, the current TIN assigned-county distribution; use the exact original formula ranges.",model_cell,MSSP Assignable,AU3,=SUM(AU5:AU4350),Rebuilt from supplied national SAS and TIN county weights. Repeated county-level rows remain in replay inputs.
1752,National Beneficiaries [2025 Aged nondual] (Assignable AV3),beneficiaries,"Aggregate of national county sources and, where indicated, the current TIN assigned-county distribution; use the exact original formula ranges.",model_cell,MSSP Assignable,AV3,=SUM(AV5:AV4350),Rebuilt from supplied national SAS and TIN county weights. Repeated county-level rows remain in replay inputs.
1753,National Beneficiaries [2026 Aged nondual] (Assignable AW3),beneficiaries,"Aggregate of national county sources and, where indicated, the current TIN assigned-county distribution; use the exact original formula ranges.",model_cell,MSSP Assignable,AW3,=SUM(AW5:AW4350),Rebuilt from supplied national SAS and TIN county weights. Repeated county-level rows remain in replay inputs.
1754,National Member months [2019 ESRD] (Assignable AX3),member-months,"Aggregate of national county sources and, where indicated, the current TIN assigned-county distribution; use the exact original formula ranges.",model_cell,MSSP Assignable,AX3,=SUM(AX5:AX5000),Rebuilt from supplied national SAS and TIN county weights. Repeated county-level rows remain in replay inputs.
1755,National Member months [2020 ESRD] (Assignable AY3),member-months,"Aggregate of national county sources and, where indicated, the current TIN assigned-county distribution; use the exact original formula ranges.",model_cell,MSSP Assignable,AY3,=SUM(AY5:AY5000),Rebuilt from supplied national SAS and TIN county weights. Repeated county-level rows remain in replay inputs.
1756,National Member months [2021 ESRD] (Assignable AZ3),member-months,"Aggregate of national county sources and, where indicated, the current TIN assigned-county distribution; use the exact original formula ranges.",model_cell,MSSP Assignable,AZ3,=SUM(AZ5:AZ5000),Rebuilt from supplied national SAS and TIN county weights. Repeated county-level rows remain in replay inputs.
1757,National Member months [2022 ESRD] (Assignable BA3),member-months,"Aggregate of national county sources and, where indicated, the current TIN assigned-county distribution; use the exact original formula ranges.",model_cell,MSSP Assignable,BA3,=SUM(BA5:BA5000),Rebuilt from supplied national SAS and TIN county weights. Repeated county-level rows remain in replay inputs.
1758,National Member months [2023 ESRD] (Assignable BB3),member-months,"Aggregate of national county sources and, where indicated, the current TIN assigned-county distribution; use the exact original formula ranges.",model_cell,MSSP Assignable,BB3,=SUM(BB5:BB5000),Rebuilt from supplied national SAS and TIN county weights. Repeated county-level rows remain in replay inputs.
1759,National Member months [2024 ESRD] (Assignable BC3),member-months,"Aggregate of national county sources and, where indicated, the current TIN assigned-county distribution; use the exact original formula ranges.",model_cell,MSSP Assignable,BC3,=SUM(BC5:BC5000),Rebuilt from supplied national SAS and TIN county weights. Repeated county-level rows remain in replay inputs.
1760,National Member months [2025 ESRD] (Assignable BD3),member-months,"Aggregate of national county sources and, where indicated, the current TIN assigned-county distribution; use the exact original formula ranges.",model_cell,MSSP Assignable,BD3,=SUM(BD5:BD5000),Rebuilt from supplied national SAS and TIN county weights. Repeated county-level rows remain in replay inputs.
1761,National Member months [2026 ESRD] (Assignable BE3),member-months,"Aggregate of national county sources and, where indicated, the current TIN assigned-county distribution; use the exact original formula ranges.",model_cell,MSSP Assignable,BE3,=SUM(BE5:BE5000),Rebuilt from supplied national SAS and TIN county weights. Repeated county-level rows remain in replay inputs.
1762,National Member months [2019 Disabled] (Assignable BF3),member-months,"Aggregate of national county sources and, where indicated, the current TIN assigned-county distribution; use the exact original formula ranges.",model_cell,MSSP Assignable,BF3,=SUM(BF5:BF5000),Rebuilt from supplied national SAS and TIN county weights. Repeated county-level rows remain in replay inputs.
1763,National Member months [2020 Disabled] (Assignable BG3),member-months,"Aggregate of national county sources and, where indicated, the current TIN assigned-county distribution; use the exact original formula ranges.",model_cell,MSSP Assignable,BG3,=SUM(BG5:BG5000),Rebuilt from supplied national SAS and TIN county weights. Repeated county-level rows remain in replay inputs.
1764,National Member months [2021 Disabled] (Assignable BH3),member-months,"Aggregate of national county sources and, where indicated, the current TIN assigned-county distribution; use the exact original formula ranges.",model_cell,MSSP Assignable,BH3,=SUM(BH5:BH5000),Rebuilt from supplied national SAS and TIN county weights. Repeated county-level rows remain in replay inputs.
1765,National Member months [2022 Disabled] (Assignable BI3),member-months,"Aggregate of national county sources and, where indicated, the current TIN assigned-county distribution; use the exact original formula ranges.",model_cell,MSSP Assignable,BI3,=SUM(BI5:BI5000),Rebuilt from supplied national SAS and TIN county weights. Repeated county-level rows remain in replay inputs.
1766,National Member months [2023 Disabled] (Assignable BJ3),member-months,"Aggregate of national county sources and, where indicated, the current TIN assigned-county distribution; use the exact original formula ranges.",model_cell,MSSP Assignable,BJ3,=SUM(BJ5:BJ5000),Rebuilt from supplied national SAS and TIN county weights. Repeated county-level rows remain in replay inputs.
1767,National Member months [2024 Disabled] (Assignable BK3),member-months,"Aggregate of national county sources and, where indicated, the current TIN assigned-county distribution; use the exact original formula ranges.",model_cell,MSSP Assignable,BK3,=SUM(BK5:BK5000),Rebuilt from supplied national SAS and TIN county weights. Repeated county-level rows remain in replay inputs.
1768,National Member months [2025 Disabled] (Assignable BL3),member-months,"Aggregate of national county sources and, where indicated, the current TIN assigned-county distribution; use the exact original formula ranges.",model_cell,MSSP Assignable,BL3,=SUM(BL5:BL5000),Rebuilt from supplied national SAS and TIN county weights. Repeated county-level rows remain in replay inputs.
1769,National Member months [2026 Disabled] (Assignable BM3),member-months,"Aggregate of national county sources and, where indicated, the current TIN assigned-county distribution; use the exact original formula ranges.",model_cell,MSSP Assignable,BM3,=SUM(BM5:BM5000),Rebuilt from supplied national SAS and TIN county weights. Repeated county-level rows remain in replay inputs.
1770,National Member months [2019 Aged dual] (Assignable BN3),member-months,"Aggregate of national county sources and, where indicated, the current TIN assigned-county distribution; use the exact original formula ranges.",model_cell,MSSP Assignable,BN3,=SUM(BN5:BN5000),Rebuilt from supplied national SAS and TIN county weights. Repeated county-level rows remain in replay inputs.
1771,National Member months [2020 Aged dual] (Assignable BO3),member-months,"Aggregate of national county sources and, where indicated, the current TIN assigned-county distribution; use the exact original formula ranges.",model_cell,MSSP Assignable,BO3,=SUM(BO5:BO5000),Rebuilt from supplied national SAS and TIN county weights. Repeated county-level rows remain in replay inputs.
1772,National Member months [2021 Aged dual] (Assignable BP3),member-months,"Aggregate of national county sources and, where indicated, the current TIN assigned-county distribution; use the exact original formula ranges.",model_cell,MSSP Assignable,BP3,=SUM(BP5:BP5000),Rebuilt from supplied national SAS and TIN county weights. Repeated county-level rows remain in replay inputs.
1773,National Member months [2022 Aged dual] (Assignable BQ3),member-months,"Aggregate of national county sources and, where indicated, the current TIN assigned-county distribution; use the exact original formula ranges.",model_cell,MSSP Assignable,BQ3,=SUM(BQ5:BQ5000),Rebuilt from supplied national SAS and TIN county weights. Repeated county-level rows remain in replay inputs.
1774,National Member months [2023 Aged dual] (Assignable BR3),member-months,"Aggregate of national county sources and, where indicated, the current TIN assigned-county distribution; use the exact original formula ranges.",model_cell,MSSP Assignable,BR3,=SUM(BR5:BR5000),Rebuilt from supplied national SAS and TIN county weights. Repeated county-level rows remain in replay inputs.
1775,National Member months [2024 Aged dual] (Assignable BS3),member-months,"Aggregate of national county sources and, where indicated, the current TIN assigned-county distribution; use the exact original formula ranges.",model_cell,MSSP Assignable,BS3,=SUM(BS5:BS5000),Rebuilt from supplied national SAS and TIN county weights. Repeated county-level rows remain in replay inputs.
1776,National Member months [2025 Aged dual] (Assignable BT3),member-months,"Aggregate of national county sources and, where indicated, the current TIN assigned-county distribution; use the exact original formula ranges.",model_cell,MSSP Assignable,BT3,=SUM(BT5:BT5000),Rebuilt from supplied national SAS and TIN county weights. Repeated county-level rows remain in replay inputs.
1777,National Member months [2026 Aged dual] (Assignable BU3),member-months,"Aggregate of national county sources and, where indicated, the current TIN assigned-county distribution; use the exact original formula ranges.",model_cell,MSSP Assignable,BU3,=SUM(BU5:BU5000),Rebuilt from supplied national SAS and TIN county weights. Repeated county-level rows remain in replay inputs.
1778,National Member months [2019 Aged nondual] (Assignable BV3),member-months,"Aggregate of national county sources and, where indicated, the current TIN assigned-county distribution; use the exact original formula ranges.",model_cell,MSSP Assignable,BV3,=SUM(BV5:BV5000),Rebuilt from supplied national SAS and TIN county weights. Repeated county-level rows remain in replay inputs.
1779,National Member months [2020 Aged nondual] (Assignable BW3),member-months,"Aggregate of national county sources and, where indicated, the current TIN assigned-county distribution; use the exact original formula ranges.",model_cell,MSSP Assignable,BW3,=SUM(BW5:BW5000),Rebuilt from supplied national SAS and TIN county weights. Repeated county-level rows remain in replay inputs.
1780,National Member months [2021 Aged nondual] (Assignable BX3),member-months,"Aggregate of national county sources and, where indicated, the current TIN assigned-county distribution; use the exact original formula ranges.",model_cell,MSSP Assignable,BX3,=SUM(BX5:BX5000),Rebuilt from supplied national SAS and TIN county weights. Repeated county-level rows remain in replay inputs.
1781,National Member months [2022 Aged nondual] (Assignable BY3),member-months,"Aggregate of national county sources and, where indicated, the current TIN assigned-county distribution; use the exact original formula ranges.",model_cell,MSSP Assignable,BY3,=SUM(BY5:BY5000),Rebuilt from supplied national SAS and TIN county weights. Repeated county-level rows remain in replay inputs.
1782,National Member months [2023 Aged nondual] (Assignable BZ3),member-months,"Aggregate of national county sources and, where indicated, the current TIN assigned-county distribution; use the exact original formula ranges.",model_cell,MSSP Assignable,BZ3,=SUM(BZ5:BZ5000),Rebuilt from supplied national SAS and TIN county weights. Repeated county-level rows remain in replay inputs.
1783,National Member months [2024 Aged nondual] (Assignable CA3),member-months,"Aggregate of national county sources and, where indicated, the current TIN assigned-county distribution; use the exact original formula ranges.",model_cell,MSSP Assignable,CA3,=SUM(CA5:CA5000),Rebuilt from supplied national SAS and TIN county weights. Repeated county-level rows remain in replay inputs.
1784,National Member months [2025 Aged nondual] (Assignable CB3),member-months,"Aggregate of national county sources and, where indicated, the current TIN assigned-county distribution; use the exact original formula ranges.",model_cell,MSSP Assignable,CB3,=SUM(CB5:CB5000),Rebuilt from supplied national SAS and TIN county weights. Repeated county-level rows remain in replay inputs.
1785,National Member months [2026 Aged nondual] (Assignable CC3),member-months,"Aggregate of national county sources and, where indicated, the current TIN assigned-county distribution; use the exact original formula ranges.",model_cell,MSSP Assignable,CC3,=SUM(CC5:CC5000),Rebuilt from supplied national SAS and TIN county weights. Repeated county-level rows remain in replay inputs.
1786,National Truncated expense PMPM [2019 ESRD] (Assignable CD3),USD/member-month,"Aggregate of national county sources and, where indicated, the current TIN assigned-county distribution; use the exact original formula ranges.",model_cell,MSSP Assignable,CD3,"=IFERROR((SUM(CD5:CD4350)/AX3),0)",Rebuilt from supplied national SAS and TIN county weights. Repeated county-level rows remain in replay inputs.
1787,National Truncated expense PMPM [2020 ESRD] (Assignable CE3),USD/member-month,"Aggregate of national county sources and, where indicated, the current TIN assigned-county distribution; use the exact original formula ranges.",model_cell,MSSP Assignable,CE3,"=IFERROR((SUM(CE5:CE4350)/AY3),0)",Rebuilt from supplied national SAS and TIN county weights. Repeated county-level rows remain in replay inputs.
1788,National Truncated expense PMPM [2021 ESRD] (Assignable CF3),USD/member-month,"Aggregate of national county sources and, where indicated, the current TIN assigned-county distribution; use the exact original formula ranges.",model_cell,MSSP Assignable,CF3,"=IFERROR((SUM(CF5:CF4350)/AZ3),0)",Rebuilt from supplied national SAS and TIN county weights. Repeated county-level rows remain in replay inputs.
1789,National Truncated expense PMPM [2022 ESRD] (Assignable CG3),USD/member-month,"Aggregate of national county sources and, where indicated, the current TIN assigned-county distribution; use the exact original formula ranges.",model_cell,MSSP Assignable,CG3,"=IFERROR((SUM(CG5:CG4350)/BA3),0)",Rebuilt from supplied national SAS and TIN county weights. Repeated county-level rows remain in replay inputs.
1790,National Truncated expense PMPM [2023 ESRD] (Assignable CH3),USD/member-month,"Aggregate of national county sources and, where indicated, the current TIN assigned-county distribution; use the exact original formula ranges.",model_cell,MSSP Assignable,CH3,"=IFERROR((SUM(CH5:CH4350)/BB3),0)",Rebuilt from supplied national SAS and TIN county weights. Repeated county-level rows remain in replay inputs.
1791,National Truncated expense PMPM [2024 ESRD] (Assignable CI3),USD/member-month,"Aggregate of national county sources and, where indicated, the current TIN assigned-county distribution; use the exact original formula ranges.",model_cell,MSSP Assignable,CI3,"=IFERROR((SUM(CI5:CI4350)/BC3),0)",Rebuilt from supplied national SAS and TIN county weights. Repeated county-level rows remain in replay inputs.
1792,National Truncated expense PMPM [2025 ESRD] (Assignable CJ3),USD/member-month,"Aggregate of national county sources and, where indicated, the current TIN assigned-county distribution; use the exact original formula ranges.",model_cell,MSSP Assignable,CJ3,"=IFERROR((SUM(CJ5:CJ4350)/BD3),0)",Rebuilt from supplied national SAS and TIN county weights. Repeated county-level rows remain in replay inputs.
1793,National Truncated expense PMPM [2026 ESRD] (Assignable CK3),USD/member-month,"Aggregate of national county sources and, where indicated, the current TIN assigned-county distribution; use the exact original formula ranges.",model_cell,MSSP Assignable,CK3,"=IFERROR((SUM(CK5:CK4350)/BE3),0)",Rebuilt from supplied national SAS and TIN county weights. Repeated county-level rows remain in replay inputs.
1794,National Truncated expense PMPM [2019 Disabled] (Assignable CL3),USD/member-month,"Aggregate of national county sources and, where indicated, the current TIN assigned-county distribution; use the exact original formula ranges.",model_cell,MSSP Assignable,CL3,"=IFERROR((SUM(CL5:CL4350)/BF3),0)",Rebuilt from supplied national SAS and TIN county weights. Repeated county-level rows remain in replay inputs.
1795,National Truncated expense PMPM [2020 Disabled] (Assignable CM3),USD/member-month,"Aggregate of national county sources and, where indicated, the current TIN assigned-county distribution; use the exact original formula ranges.",model_cell,MSSP Assignable,CM3,"=IFERROR((SUM(CM5:CM4350)/BG3),0)",Rebuilt from supplied national SAS and TIN county weights. Repeated county-level rows remain in replay inputs.
1796,National Truncated expense PMPM [2021 Disabled] (Assignable CN3),USD/member-month,"Aggregate of national county sources and, where indicated, the current TIN assigned-county distribution; use the exact original formula ranges.",model_cell,MSSP Assignable,CN3,"=IFERROR((SUM(CN5:CN4350)/BH3),0)",Rebuilt from supplied national SAS and TIN county weights. Repeated county-level rows remain in replay inputs.
1797,National Truncated expense PMPM [2022 Disabled] (Assignable CO3),USD/member-month,"Aggregate of national county sources and, where indicated, the current TIN assigned-county distribution; use the exact original formula ranges.",model_cell,MSSP Assignable,CO3,"=IFERROR((SUM(CO5:CO4350)/BI3),0)",Rebuilt from supplied national SAS and TIN county weights. Repeated county-level rows remain in replay inputs.
1798,National Truncated expense PMPM [2023 Disabled] (Assignable CP3),USD/member-month,"Aggregate of national county sources and, where indicated, the current TIN assigned-county distribution; use the exact original formula ranges.",model_cell,MSSP Assignable,CP3,"=IFERROR((SUM(CP5:CP4350)/BJ3),0)",Rebuilt from supplied national SAS and TIN county weights. Repeated county-level rows remain in replay inputs.
1799,National Truncated expense PMPM [2024 Disabled] (Assignable CQ3),USD/member-month,"Aggregate of national county sources and, where indicated, the current TIN assigned-county distribution; use the exact original formula ranges.",model_cell,MSSP Assignable,CQ3,"=IFERROR((SUM(CQ5:CQ4350)/BK3),0)",Rebuilt from supplied national SAS and TIN county weights. Repeated county-level rows remain in replay inputs.
1800,National Truncated expense PMPM [2025 Disabled] (Assignable CR3),USD/member-month,"Aggregate of national county sources and, where indicated, the current TIN assigned-county distribution; use the exact original formula ranges.",model_cell,MSSP Assignable,CR3,"=IFERROR((SUM(CR5:CR4350)/BL3),0)",Rebuilt from supplied national SAS and TIN county weights. Repeated county-level rows remain in replay inputs.
1801,National Truncated expense PMPM [2026 Disabled] (Assignable CS3),USD/member-month,"Aggregate of national county sources and, where indicated, the current TIN assigned-county distribution; use the exact original formula ranges.",model_cell,MSSP Assignable,CS3,"=IFERROR((SUM(CS5:CS4350)/BM3),0)",Rebuilt from supplied national SAS and TIN county weights. Repeated county-level rows remain in replay inputs.
1802,National Truncated expense PMPM [2019 Aged dual] (Assignable CT3),USD/member-month,"Aggregate of national county sources and, where indicated, the current TIN assigned-county distribution; use the exact original formula ranges.",model_cell,MSSP Assignable,CT3,"=IFERROR((SUM(CT5:CT4350)/BN3),0)",Rebuilt from supplied national SAS and TIN county weights. Repeated county-level rows remain in replay inputs.
1803,National Truncated expense PMPM [2020 Aged dual] (Assignable CU3),USD/member-month,"Aggregate of national county sources and, where indicated, the current TIN assigned-county distribution; use the exact original formula ranges.",model_cell,MSSP Assignable,CU3,"=IFERROR((SUM(CU5:CU4350)/BO3),0)",Rebuilt from supplied national SAS and TIN county weights. Repeated county-level rows remain in replay inputs.
1804,National Truncated expense PMPM [2021 Aged dual] (Assignable CV3),USD/member-month,"Aggregate of national county sources and, where indicated, the current TIN assigned-county distribution; use the exact original formula ranges.",model_cell,MSSP Assignable,CV3,"=IFERROR((SUM(CV5:CV4350)/BP3),0)",Rebuilt from supplied national SAS and TIN county weights. Repeated county-level rows remain in replay inputs.
1805,National Truncated expense PMPM [2022 Aged dual] (Assignable CW3),USD/member-month,"Aggregate of national county sources and, where indicated, the current TIN assigned-county distribution; use the exact original formula ranges.",model_cell,MSSP Assignable,CW3,"=IFERROR((SUM(CW5:CW4350)/BQ3),0)",Rebuilt from supplied national SAS and TIN county weights. Repeated county-level rows remain in replay inputs.
1806,National Truncated expense PMPM [2023 Aged dual] (Assignable CX3),USD/member-month,"Aggregate of national county sources and, where indicated, the current TIN assigned-county distribution; use the exact original formula ranges.",model_cell,MSSP Assignable,CX3,"=IFERROR((SUM(CX5:CX4350)/BR3),0)",Rebuilt from supplied national SAS and TIN county weights. Repeated county-level rows remain in replay inputs.
1807,National Truncated expense PMPM [2024 Aged dual] (Assignable CY3),USD/member-month,"Aggregate of national county sources and, where indicated, the current TIN assigned-county distribution; use the exact original formula ranges.",model_cell,MSSP Assignable,CY3,"=IFERROR((SUM(CY5:CY4350)/BS3),0)",Rebuilt from supplied national SAS and TIN county weights. Repeated county-level rows remain in replay inputs.
1808,National Truncated expense PMPM [2025 Aged dual] (Assignable CZ3),USD/member-month,"Aggregate of national county sources and, where indicated, the current TIN assigned-county distribution; use the exact original formula ranges.",model_cell,MSSP Assignable,CZ3,"=IFERROR((SUM(CZ5:CZ4350)/BT3),0)",Rebuilt from supplied national SAS and TIN county weights. Repeated county-level rows remain in replay inputs.
1809,National Truncated expense PMPM [2026 Aged dual] (Assignable DA3),USD/member-month,"Aggregate of national county sources and, where indicated, the current TIN assigned-county distribution; use the exact original formula ranges.",model_cell,MSSP Assignable,DA3,"=IFERROR((SUM(DA5:DA4350)/BU3),0)",Rebuilt from supplied national SAS and TIN county weights. Repeated county-level rows remain in replay inputs.
1810,National Truncated expense PMPM [2019 Aged nondual] (Assignable DB3),USD/member-month,"Aggregate of national county sources and, where indicated, the current TIN assigned-county distribution; use the exact original formula ranges.",model_cell,MSSP Assignable,DB3,"=IFERROR((SUM(DB5:DB4350)/BV3),0)",Rebuilt from supplied national SAS and TIN county weights. Repeated county-level rows remain in replay inputs.
1811,National Truncated expense PMPM [2020 Aged nondual] (Assignable DC3),USD/member-month,"Aggregate of national county sources and, where indicated, the current TIN assigned-county distribution; use the exact original formula ranges.",model_cell,MSSP Assignable,DC3,"=IFERROR((SUM(DC5:DC4350)/BW3),0)",Rebuilt from supplied national SAS and TIN county weights. Repeated county-level rows remain in replay inputs.
1812,National Truncated expense PMPM [2021 Aged nondual] (Assignable DD3),USD/member-month,"Aggregate of national county sources and, where indicated, the current TIN assigned-county distribution; use the exact original formula ranges.",model_cell,MSSP Assignable,DD3,"=IFERROR((SUM(DD5:DD4350)/BX3),0)",Rebuilt from supplied national SAS and TIN county weights. Repeated county-level rows remain in replay inputs.
1813,National Truncated expense PMPM [2022 Aged nondual] (Assignable DE3),USD/member-month,"Aggregate of national county sources and, where indicated, the current TIN assigned-county distribution; use the exact original formula ranges.",model_cell,MSSP Assignable,DE3,"=IFERROR((SUM(DE5:DE4350)/BY3),0)",Rebuilt from supplied national SAS and TIN county weights. Repeated county-level rows remain in replay inputs.
1814,National Truncated expense PMPM [2023 Aged nondual] (Assignable DF3),USD/member-month,"Aggregate of national county sources and, where indicated, the current TIN assigned-county distribution; use the exact original formula ranges.",model_cell,MSSP Assignable,DF3,"=IFERROR((SUM(DF5:DF4350)/BZ3),0)",Rebuilt from supplied national SAS and TIN county weights. Repeated county-level rows remain in replay inputs.
1815,National Truncated expense PMPM [2024 Aged nondual] (Assignable DG3),USD/member-month,"Aggregate of national county sources and, where indicated, the current TIN assigned-county distribution; use the exact original formula ranges.",model_cell,MSSP Assignable,DG3,"=IFERROR((SUM(DG5:DG4350)/CA3),0)",Rebuilt from supplied national SAS and TIN county weights. Repeated county-level rows remain in replay inputs.
1816,National Truncated expense PMPM [2025 Aged nondual] (Assignable DH3),USD/member-month,"Aggregate of national county sources and, where indicated, the current TIN assigned-county distribution; use the exact original formula ranges.",model_cell,MSSP Assignable,DH3,"=IFERROR((SUM(DH5:DH4350)/CB3),0)",Rebuilt from supplied national SAS and TIN county weights. Repeated county-level rows remain in replay inputs.
1817,National Truncated expense PMPM [2026 Aged nondual] (Assignable DI3),USD/member-month,"Aggregate of national county sources and, where indicated, the current TIN assigned-county distribution; use the exact original formula ranges.",model_cell,MSSP Assignable,DI3,"=IFERROR((SUM(DI5:DI4350)/CC3),0)",Rebuilt from supplied national SAS and TIN county weights. Repeated county-level rows remain in replay inputs.
1818,National Risk V24 [2019 ESRD] (Assignable DJ3),risk score,"Aggregate of national county sources and, where indicated, the current TIN assigned-county distribution; use the exact original formula ranges.",model_cell,MSSP Assignable,DJ3,"=IFERROR((SUM(DJ5:DJ4350)/AX3),0)",Rebuilt from supplied national SAS and TIN county weights. Repeated county-level rows remain in replay inputs.
1819,National Risk V24 [2020 ESRD] (Assignable DK3),risk score,"Aggregate of national county sources and, where indicated, the current TIN assigned-county distribution; use the exact original formula ranges.",model_cell,MSSP Assignable,DK3,"=IFERROR((SUM(DK5:DK4350)/AY3),0)",Rebuilt from supplied national SAS and TIN county weights. Repeated county-level rows remain in replay inputs.
1820,National Risk V24 [2021 ESRD] (Assignable DL3),risk score,"Aggregate of national county sources and, where indicated, the current TIN assigned-county distribution; use the exact original formula ranges.",model_cell,MSSP Assignable,DL3,"=IFERROR((SUM(DL5:DL4350)/AZ3),0)",Rebuilt from supplied national SAS and TIN county weights. Repeated county-level rows remain in replay inputs.
1821,National Risk V24 [2022 ESRD] (Assignable DM3),risk score,"Aggregate of national county sources and, where indicated, the current TIN assigned-county distribution; use the exact original formula ranges.",model_cell,MSSP Assignable,DM3,"=IFERROR((SUM(DM5:DM4350)/BA3),0)",Rebuilt from supplied national SAS and TIN county weights. Repeated county-level rows remain in replay inputs.
1822,National Risk V24 [2023 ESRD] (Assignable DN3),risk score,"Aggregate of national county sources and, where indicated, the current TIN assigned-county distribution; use the exact original formula ranges.",model_cell,MSSP Assignable,DN3,"=IFERROR((SUM(DN5:DN4350)/BB3),0)",Rebuilt from supplied national SAS and TIN county weights. Repeated county-level rows remain in replay inputs.
1823,National Risk V24 [2024 ESRD] (Assignable DO3),risk score,"Aggregate of national county sources and, where indicated, the current TIN assigned-county distribution; use the exact original formula ranges.",model_cell,MSSP Assignable,DO3,"=IFERROR((SUM(DO5:DO4350)/BC3),0)",Rebuilt from supplied national SAS and TIN county weights. Repeated county-level rows remain in replay inputs.
1824,National Risk V24 [2025 ESRD] (Assignable DP3),risk score,"Aggregate of national county sources and, where indicated, the current TIN assigned-county distribution; use the exact original formula ranges.",model_cell,MSSP Assignable,DP3,"=IFERROR((SUM(DP5:DP4350)/BD3),0)",Rebuilt from supplied national SAS and TIN county weights. Repeated county-level rows remain in replay inputs.
1825,National Risk V24 [2026 ESRD] (Assignable DQ3),risk score,"Aggregate of national county sources and, where indicated, the current TIN assigned-county distribution; use the exact original formula ranges.",model_cell,MSSP Assignable,DQ3,"=IFERROR((SUM(DQ5:DQ4350)/BE3),0)",Rebuilt from supplied national SAS and TIN county weights. Repeated county-level rows remain in replay inputs.
1826,National Risk V24 [2019 Disabled] (Assignable DR3),risk score,"Aggregate of national county sources and, where indicated, the current TIN assigned-county distribution; use the exact original formula ranges.",model_cell,MSSP Assignable,DR3,"=IFERROR((SUM(DR5:DR4350)/BF3),0)",Rebuilt from supplied national SAS and TIN county weights. Repeated county-level rows remain in replay inputs.
1827,National Risk V24 [2020 Disabled] (Assignable DS3),risk score,"Aggregate of national county sources and, where indicated, the current TIN assigned-county distribution; use the exact original formula ranges.",model_cell,MSSP Assignable,DS3,"=IFERROR((SUM(DS5:DS4350)/BG3),0)",Rebuilt from supplied national SAS and TIN county weights. Repeated county-level rows remain in replay inputs.
1828,National Risk V24 [2021 Disabled] (Assignable DT3),risk score,"Aggregate of national county sources and, where indicated, the current TIN assigned-county distribution; use the exact original formula ranges.",model_cell,MSSP Assignable,DT3,"=IFERROR((SUM(DT5:DT4350)/BH3),0)",Rebuilt from supplied national SAS and TIN county weights. Repeated county-level rows remain in replay inputs.
1829,National Risk V24 [2022 Disabled] (Assignable DU3),risk score,"Aggregate of national county sources and, where indicated, the current TIN assigned-county distribution; use the exact original formula ranges.",model_cell,MSSP Assignable,DU3,"=IFERROR((SUM(DU5:DU4350)/BI3),0)",Rebuilt from supplied national SAS and TIN county weights. Repeated county-level rows remain in replay inputs.
1830,National Risk V24 [2023 Disabled] (Assignable DV3),risk score,"Aggregate of national county sources and, where indicated, the current TIN assigned-county distribution; use the exact original formula ranges.",model_cell,MSSP Assignable,DV3,"=IFERROR((SUM(DV5:DV4350)/BJ3),0)",Rebuilt from supplied national SAS and TIN county weights. Repeated county-level rows remain in replay inputs.
1831,National Risk V24 [2024 Disabled] (Assignable DW3),risk score,"Aggregate of national county sources and, where indicated, the current TIN assigned-county distribution; use the exact original formula ranges.",model_cell,MSSP Assignable,DW3,"=IFERROR((SUM(DW5:DW4350)/BK3),0)",Rebuilt from supplied national SAS and TIN county weights. Repeated county-level rows remain in replay inputs.
1832,National Risk V24 [2025 Disabled] (Assignable DX3),risk score,"Aggregate of national county sources and, where indicated, the current TIN assigned-county distribution; use the exact original formula ranges.",model_cell,MSSP Assignable,DX3,"=IFERROR((SUM(DX5:DX4350)/BL3),0)",Rebuilt from supplied national SAS and TIN county weights. Repeated county-level rows remain in replay inputs.
1833,National Risk V24 [2026 Disabled] (Assignable DY3),risk score,"Aggregate of national county sources and, where indicated, the current TIN assigned-county distribution; use the exact original formula ranges.",model_cell,MSSP Assignable,DY3,"=IFERROR((SUM(DY5:DY4350)/BM3),0)",Rebuilt from supplied national SAS and TIN county weights. Repeated county-level rows remain in replay inputs.
1834,National Risk V24 [2019 Aged dual] (Assignable DZ3),risk score,"Aggregate of national county sources and, where indicated, the current TIN assigned-county distribution; use the exact original formula ranges.",model_cell,MSSP Assignable,DZ3,"=IFERROR((SUM(DZ5:DZ4350)/BN3),0)",Rebuilt from supplied national SAS and TIN county weights. Repeated county-level rows remain in replay inputs.
1835,National Risk V24 [2020 Aged dual] (Assignable EA3),risk score,"Aggregate of national county sources and, where indicated, the current TIN assigned-county distribution; use the exact original formula ranges.",model_cell,MSSP Assignable,EA3,"=IFERROR((SUM(EA5:EA4350)/BO3),0)",Rebuilt from supplied national SAS and TIN county weights. Repeated county-level rows remain in replay inputs.
1836,National Risk V24 [2021 Aged dual] (Assignable EB3),risk score,"Aggregate of national county sources and, where indicated, the current TIN assigned-county distribution; use the exact original formula ranges.",model_cell,MSSP Assignable,EB3,"=IFERROR((SUM(EB5:EB4350)/BP3),0)",Rebuilt from supplied national SAS and TIN county weights. Repeated county-level rows remain in replay inputs.
1837,National Risk V24 [2022 Aged dual] (Assignable EC3),risk score,"Aggregate of national county sources and, where indicated, the current TIN assigned-county distribution; use the exact original formula ranges.",model_cell,MSSP Assignable,EC3,"=IFERROR((SUM(EC5:EC4350)/BQ3),0)",Rebuilt from supplied national SAS and TIN county weights. Repeated county-level rows remain in replay inputs.
1838,National Risk V24 [2023 Aged dual] (Assignable ED3),risk score,"Aggregate of national county sources and, where indicated, the current TIN assigned-county distribution; use the exact original formula ranges.",model_cell,MSSP Assignable,ED3,"=IFERROR((SUM(ED5:ED4350)/BR3),0)",Rebuilt from supplied national SAS and TIN county weights. Repeated county-level rows remain in replay inputs.
1839,National Risk V24 [2024 Aged dual] (Assignable EE3),risk score,"Aggregate of national county sources and, where indicated, the current TIN assigned-county distribution; use the exact original formula ranges.",model_cell,MSSP Assignable,EE3,"=IFERROR((SUM(EE5:EE4350)/BS3),0)",Rebuilt from supplied national SAS and TIN county weights. Repeated county-level rows remain in replay inputs.
1840,National Risk V24 [2025 Aged dual] (Assignable EF3),risk score,"Aggregate of national county sources and, where indicated, the current TIN assigned-county distribution; use the exact original formula ranges.",model_cell,MSSP Assignable,EF3,"=IFERROR((SUM(EF5:EF4350)/BT3),0)",Rebuilt from supplied national SAS and TIN county weights. Repeated county-level rows remain in replay inputs.
1841,National Risk V24 [2026 Aged dual] (Assignable EG3),risk score,"Aggregate of national county sources and, where indicated, the current TIN assigned-county distribution; use the exact original formula ranges.",model_cell,MSSP Assignable,EG3,"=IFERROR((SUM(EG5:EG4350)/BU3),0)",Rebuilt from supplied national SAS and TIN county weights. Repeated county-level rows remain in replay inputs.
1842,National Risk V24 [2019 Aged nondual] (Assignable EH3),risk score,"Aggregate of national county sources and, where indicated, the current TIN assigned-county distribution; use the exact original formula ranges.",model_cell,MSSP Assignable,EH3,"=IFERROR((SUM(EH5:EH4350)/BV3),0)",Rebuilt from supplied national SAS and TIN county weights. Repeated county-level rows remain in replay inputs.
1843,National Risk V24 [2020 Aged nondual] (Assignable EI3),risk score,"Aggregate of national county sources and, where indicated, the current TIN assigned-county distribution; use the exact original formula ranges.",model_cell,MSSP Assignable,EI3,"=IFERROR((SUM(EI5:EI4350)/BW3),0)",Rebuilt from supplied national SAS and TIN county weights. Repeated county-level rows remain in replay inputs.
1844,National Risk V24 [2021 Aged nondual] (Assignable EJ3),risk score,"Aggregate of national county sources and, where indicated, the current TIN assigned-county distribution; use the exact original formula ranges.",model_cell,MSSP Assignable,EJ3,"=IFERROR((SUM(EJ5:EJ4350)/BX3),0)",Rebuilt from supplied national SAS and TIN county weights. Repeated county-level rows remain in replay inputs.
1845,National Risk V24 [2022 Aged nondual] (Assignable EK3),risk score,"Aggregate of national county sources and, where indicated, the current TIN assigned-county distribution; use the exact original formula ranges.",model_cell,MSSP Assignable,EK3,"=IFERROR((SUM(EK5:EK4350)/BY3),0)",Rebuilt from supplied national SAS and TIN county weights. Repeated county-level rows remain in replay inputs.
1846,National Risk V24 [2023 Aged nondual] (Assignable EL3),risk score,"Aggregate of national county sources and, where indicated, the current TIN assigned-county distribution; use the exact original formula ranges.",model_cell,MSSP Assignable,EL3,"=IFERROR((SUM(EL5:EL4350)/BZ3),0)",Rebuilt from supplied national SAS and TIN county weights. Repeated county-level rows remain in replay inputs.
1847,National Risk V24 [2024 Aged nondual] (Assignable EM3),risk score,"Aggregate of national county sources and, where indicated, the current TIN assigned-county distribution; use the exact original formula ranges.",model_cell,MSSP Assignable,EM3,"=IFERROR((SUM(EM5:EM4350)/CA3),0)",Rebuilt from supplied national SAS and TIN county weights. Repeated county-level rows remain in replay inputs.
1848,National Risk V24 [2025 Aged nondual] (Assignable EN3),risk score,"Aggregate of national county sources and, where indicated, the current TIN assigned-county distribution; use the exact original formula ranges.",model_cell,MSSP Assignable,EN3,"=IFERROR((SUM(EN5:EN4350)/CB3),0)",Rebuilt from supplied national SAS and TIN county weights. Repeated county-level rows remain in replay inputs.
1849,National Risk V24 [2026 Aged nondual] (Assignable EO3),risk score,"Aggregate of national county sources and, where indicated, the current TIN assigned-county distribution; use the exact original formula ranges.",model_cell,MSSP Assignable,EO3,"=IFERROR((SUM(EO5:EO4350)/CC3),0)",Rebuilt from supplied national SAS and TIN county weights. Repeated county-level rows remain in replay inputs.
1850,National Risk score [2019 ESRD] (Assignable EP3),risk score,"Aggregate of national county sources and, where indicated, the current TIN assigned-county distribution; use the exact original formula ranges.",model_cell,MSSP Assignable,EP3,"=IFERROR((SUM(EP5:EP4350)/AX3),0)",Rebuilt from supplied national SAS and TIN county weights. Repeated county-level rows remain in replay inputs.
1851,National Risk score [2020 ESRD] (Assignable EQ3),risk score,"Aggregate of national county sources and, where indicated, the current TIN assigned-county distribution; use the exact original formula ranges.",model_cell,MSSP Assignable,EQ3,"=IFERROR((SUM(EQ5:EQ4350)/AY3),0)",Rebuilt from supplied national SAS and TIN county weights. Repeated county-level rows remain in replay inputs.
1852,National Risk score [2021 ESRD] (Assignable ER3),risk score,"Aggregate of national county sources and, where indicated, the current TIN assigned-county distribution; use the exact original formula ranges.",model_cell,MSSP Assignable,ER3,"=IFERROR((SUM(ER5:ER4350)/AZ3),0)",Rebuilt from supplied national SAS and TIN county weights. Repeated county-level rows remain in replay inputs.
1853,National Risk score [2022 ESRD] (Assignable ES3),risk score,"Aggregate of national county sources and, where indicated, the current TIN assigned-county distribution; use the exact original formula ranges.",model_cell,MSSP Assignable,ES3,"=IFERROR((SUM(ES5:ES4350)/BA3),0)",Rebuilt from supplied national SAS and TIN county weights. Repeated county-level rows remain in replay inputs.
1854,National Risk score [2023 ESRD] (Assignable ET3),risk score,"Aggregate of national county sources and, where indicated, the current TIN assigned-county distribution; use the exact original formula ranges.",model_cell,MSSP Assignable,ET3,"=IFERROR((SUM(ET5:ET4350)/BB3),0)",Rebuilt from supplied national SAS and TIN county weights. Repeated county-level rows remain in replay inputs.
1855,National Risk score [2024 ESRD] (Assignable EU3),risk score,"Aggregate of national county sources and, where indicated, the current TIN assigned-county distribution; use the exact original formula ranges.",model_cell,MSSP Assignable,EU3,"=IFERROR((SUM(EU5:EU4350)/BC3),0)",Rebuilt from supplied national SAS and TIN county weights. Repeated county-level rows remain in replay inputs.
1856,National Risk score [2025 ESRD] (Assignable EV3),risk score,"Aggregate of national county sources and, where indicated, the current TIN assigned-county distribution; use the exact original formula ranges.",model_cell,MSSP Assignable,EV3,"=IFERROR((SUM(EV5:EV4350)/BD3),0)",Rebuilt from supplied national SAS and TIN county weights. Repeated county-level rows remain in replay inputs.
1857,National Risk score [2026 ESRD] (Assignable EW3),risk score,"Aggregate of national county sources and, where indicated, the current TIN assigned-county distribution; use the exact original formula ranges.",model_cell,MSSP Assignable,EW3,"=IFERROR((SUM(EW5:EW4350)/BE3),0)",Rebuilt from supplied national SAS and TIN county weights. Repeated county-level rows remain in replay inputs.
1858,National Risk V28 [2019 Disabled] (Assignable EX3),risk score,"Aggregate of national county sources and, where indicated, the current TIN assigned-county distribution; use the exact original formula ranges.",model_cell,MSSP Assignable,EX3,"=IFERROR((SUM(EX5:EX4350)/BF3),0)",Rebuilt from supplied national SAS and TIN county weights. Repeated county-level rows remain in replay inputs.
1859,National Risk V28 [2020 Disabled] (Assignable EY3),risk score,"Aggregate of national county sources and, where indicated, the current TIN assigned-county distribution; use the exact original formula ranges.",model_cell,MSSP Assignable,EY3,"=IFERROR((SUM(EY5:EY4350)/BG3),0)",Rebuilt from supplied national SAS and TIN county weights. Repeated county-level rows remain in replay inputs.
1860,National Risk V28 [2021 Disabled] (Assignable EZ3),risk score,"Aggregate of national county sources and, where indicated, the current TIN assigned-county distribution; use the exact original formula ranges.",model_cell,MSSP Assignable,EZ3,"=IFERROR((SUM(EZ5:EZ4350)/BH3),0)",Rebuilt from supplied national SAS and TIN county weights. Repeated county-level rows remain in replay inputs.
1861,National Risk V28 [2022 Disabled] (Assignable FA3),risk score,"Aggregate of national county sources and, where indicated, the current TIN assigned-county distribution; use the exact original formula ranges.",model_cell,MSSP Assignable,FA3,"=IFERROR((SUM(FA5:FA4350)/BI3),0)",Rebuilt from supplied national SAS and TIN county weights. Repeated county-level rows remain in replay inputs.
1862,National Risk V28 [2023 Disabled] (Assignable FB3),risk score,"Aggregate of national county sources and, where indicated, the current TIN assigned-county distribution; use the exact original formula ranges.",model_cell,MSSP Assignable,FB3,"=IFERROR((SUM(FB5:FB4350)/BJ3),0)",Rebuilt from supplied national SAS and TIN county weights. Repeated county-level rows remain in replay inputs.
1863,National Risk V28 [2024 Disabled] (Assignable FC3),risk score,"Aggregate of national county sources and, where indicated, the current TIN assigned-county distribution; use the exact original formula ranges.",model_cell,MSSP Assignable,FC3,"=IFERROR((SUM(FC5:FC4350)/BK3),0)",Rebuilt from supplied national SAS and TIN county weights. Repeated county-level rows remain in replay inputs.
1864,National Risk V28 [2025 Disabled] (Assignable FD3),risk score,"Aggregate of national county sources and, where indicated, the current TIN assigned-county distribution; use the exact original formula ranges.",model_cell,MSSP Assignable,FD3,"=IFERROR((SUM(FD5:FD4350)/BL3),0)",Rebuilt from supplied national SAS and TIN county weights. Repeated county-level rows remain in replay inputs.
1865,National Risk V28 [2026 Disabled] (Assignable FE3),risk score,"Aggregate of national county sources and, where indicated, the current TIN assigned-county distribution; use the exact original formula ranges.",model_cell,MSSP Assignable,FE3,"=IFERROR((SUM(FE5:FE4350)/BM3),0)",Rebuilt from supplied national SAS and TIN county weights. Repeated county-level rows remain in replay inputs.
1866,National Risk V28 [2019 Aged dual] (Assignable FF3),risk score,"Aggregate of national county sources and, where indicated, the current TIN assigned-county distribution; use the exact original formula ranges.",model_cell,MSSP Assignable,FF3,"=IFERROR((SUM(FF5:FF4350)/BN3),0)",Rebuilt from supplied national SAS and TIN county weights. Repeated county-level rows remain in replay inputs.
1867,National Risk V28 [2020 Aged dual] (Assignable FG3),risk score,"Aggregate of national county sources and, where indicated, the current TIN assigned-county distribution; use the exact original formula ranges.",model_cell,MSSP Assignable,FG3,"=IFERROR((SUM(FG5:FG4350)/BO3),0)",Rebuilt from supplied national SAS and TIN county weights. Repeated county-level rows remain in replay inputs.
1868,National Risk V28 [2021 Aged dual] (Assignable FH3),risk score,"Aggregate of national county sources and, where indicated, the current TIN assigned-county distribution; use the exact original formula ranges.",model_cell,MSSP Assignable,FH3,"=IFERROR((SUM(FH5:FH4350)/BP3),0)",Rebuilt from supplied national SAS and TIN county weights. Repeated county-level rows remain in replay inputs.
1869,National Risk V28 [2022 Aged dual] (Assignable FI3),risk score,"Aggregate of national county sources and, where indicated, the current TIN assigned-county distribution; use the exact original formula ranges.",model_cell,MSSP Assignable,FI3,"=IFERROR((SUM(FI5:FI4350)/BQ3),0)",Rebuilt from supplied national SAS and TIN county weights. Repeated county-level rows remain in replay inputs.
1870,National Risk V28 [2023 Aged dual] (Assignable FJ3),risk score,"Aggregate of national county sources and, where indicated, the current TIN assigned-county distribution; use the exact original formula ranges.",model_cell,MSSP Assignable,FJ3,"=IFERROR((SUM(FJ5:FJ4350)/BR3),0)",Rebuilt from supplied national SAS and TIN county weights. Repeated county-level rows remain in replay inputs.
1871,National Risk V28 [2024 Aged dual] (Assignable FK3),risk score,"Aggregate of national county sources and, where indicated, the current TIN assigned-county distribution; use the exact original formula ranges.",model_cell,MSSP Assignable,FK3,"=IFERROR((SUM(FK5:FK4350)/BS3),0)",Rebuilt from supplied national SAS and TIN county weights. Repeated county-level rows remain in replay inputs.
1872,National Risk V28 [2025 Aged dual] (Assignable FL3),risk score,"Aggregate of national county sources and, where indicated, the current TIN assigned-county distribution; use the exact original formula ranges.",model_cell,MSSP Assignable,FL3,"=IFERROR((SUM(FL5:FL4350)/BT3),0)",Rebuilt from supplied national SAS and TIN county weights. Repeated county-level rows remain in replay inputs.
1873,National Risk V28 [2026 Aged dual] (Assignable FM3),risk score,"Aggregate of national county sources and, where indicated, the current TIN assigned-county distribution; use the exact original formula ranges.",model_cell,MSSP Assignable,FM3,"=IFERROR((SUM(FM5:FM4350)/BU3),0)",Rebuilt from supplied national SAS and TIN county weights. Repeated county-level rows remain in replay inputs.
1874,National Risk V28 [2019 Aged nondual] (Assignable FN3),risk score,"Aggregate of national county sources and, where indicated, the current TIN assigned-county distribution; use the exact original formula ranges.",model_cell,MSSP Assignable,FN3,"=IFERROR((SUM(FN5:FN4350)/BV3),0)",Rebuilt from supplied national SAS and TIN county weights. Repeated county-level rows remain in replay inputs.
1875,National Risk V28 [2020 Aged nondual] (Assignable FO3),risk score,"Aggregate of national county sources and, where indicated, the current TIN assigned-county distribution; use the exact original formula ranges.",model_cell,MSSP Assignable,FO3,"=IFERROR((SUM(FO5:FO4350)/BW3),0)",Rebuilt from supplied national SAS and TIN county weights. Repeated county-level rows remain in replay inputs.
1876,National Risk V28 [2021 Aged nondual] (Assignable FP3),risk score,"Aggregate of national county sources and, where indicated, the current TIN assigned-county distribution; use the exact original formula ranges.",model_cell,MSSP Assignable,FP3,"=IFERROR((SUM(FP5:FP4350)/BX3),0)",Rebuilt from supplied national SAS and TIN county weights. Repeated county-level rows remain in replay inputs.
1877,National Risk V28 [2022 Aged nondual] (Assignable FQ3),risk score,"Aggregate of national county sources and, where indicated, the current TIN assigned-county distribution; use the exact original formula ranges.",model_cell,MSSP Assignable,FQ3,"=IFERROR((SUM(FQ5:FQ4350)/BY3),0)",Rebuilt from supplied national SAS and TIN county weights. Repeated county-level rows remain in replay inputs.
1878,National Risk V28 [2023 Aged nondual] (Assignable FR3),risk score,"Aggregate of national county sources and, where indicated, the current TIN assigned-county distribution; use the exact original formula ranges.",model_cell,MSSP Assignable,FR3,"=IFERROR((SUM(FR5:FR4350)/BZ3),0)",Rebuilt from supplied national SAS and TIN county weights. Repeated county-level rows remain in replay inputs.
1879,National Risk V28 [2024 Aged nondual] (Assignable FS3),risk score,"Aggregate of national county sources and, where indicated, the current TIN assigned-county distribution; use the exact original formula ranges.",model_cell,MSSP Assignable,FS3,"=IFERROR((SUM(FS5:FS4350)/CA3),0)",Rebuilt from supplied national SAS and TIN county weights. Repeated county-level rows remain in replay inputs.
1880,National Risk V28 [2025 Aged nondual] (Assignable FT3),risk score,"Aggregate of national county sources and, where indicated, the current TIN assigned-county distribution; use the exact original formula ranges.",model_cell,MSSP Assignable,FT3,"=IFERROR((SUM(FT5:FT4350)/CB3),0)",Rebuilt from supplied national SAS and TIN county weights. Repeated county-level rows remain in replay inputs.
1881,National Risk V28 [2026 Aged nondual] (Assignable FU3),risk score,"Aggregate of national county sources and, where indicated, the current TIN assigned-county distribution; use the exact original formula ranges.",model_cell,MSSP Assignable,FU3,"=IFERROR((SUM(FU5:FU4350)/CC3),0)",Rebuilt from supplied national SAS and TIN county weights. Repeated county-level rows remain in replay inputs.
1882,National Risk-adjusted annualized expense [2019 ESRD] (Assignable FV3),USD/person-year,"Aggregate of national county sources and, where indicated, the current TIN assigned-county distribution; use the exact original formula ranges.",model_cell,MSSP Assignable,FV3,"=IFERROR((SUMPRODUCT(FV5:FV5000,AX5:AX5000)/AX3),0)",Rebuilt from supplied national SAS and TIN county weights. Repeated county-level rows remain in replay inputs.
1883,National Risk-adjusted annualized expense [2020 ESRD] (Assignable FW3),USD/person-year,"Aggregate of national county sources and, where indicated, the current TIN assigned-county distribution; use the exact original formula ranges.",model_cell,MSSP Assignable,FW3,"=IFERROR((SUMPRODUCT(FW5:FW5000,AY5:AY5000)/AY3),0)",Rebuilt from supplied national SAS and TIN county weights. Repeated county-level rows remain in replay inputs.
1884,National Risk-adjusted annualized expense [2021 ESRD] (Assignable FX3),USD/person-year,"Aggregate of national county sources and, where indicated, the current TIN assigned-county distribution; use the exact original formula ranges.",model_cell,MSSP Assignable,FX3,"=IFERROR((SUMPRODUCT(FX5:FX5000,AZ5:AZ5000)/AZ3),0)",Rebuilt from supplied national SAS and TIN county weights. Repeated county-level rows remain in replay inputs.
1885,National Risk-adjusted annualized expense [2022 ESRD] (Assignable FY3),USD/person-year,"Aggregate of national county sources and, where indicated, the current TIN assigned-county distribution; use the exact original formula ranges.",model_cell,MSSP Assignable,FY3,"=IFERROR((SUMPRODUCT(FY5:FY5000,BA5:BA5000)/BA3),0)",Rebuilt from supplied national SAS and TIN county weights. Repeated county-level rows remain in replay inputs.
1886,National Risk-adjusted annualized expense [2023 ESRD] (Assignable FZ3),USD/person-year,"Aggregate of national county sources and, where indicated, the current TIN assigned-county distribution; use the exact original formula ranges.",model_cell,MSSP Assignable,FZ3,"=IFERROR((SUMPRODUCT(FZ5:FZ5000,BB5:BB5000)/BB3),0)",Rebuilt from supplied national SAS and TIN county weights. Repeated county-level rows remain in replay inputs.
1887,National Risk-adjusted annualized expense [2024 ESRD] (Assignable GA3),USD/person-year,"Aggregate of national county sources and, where indicated, the current TIN assigned-county distribution; use the exact original formula ranges.",model_cell,MSSP Assignable,GA3,"=IFERROR((SUMPRODUCT(GA5:GA5000,BC5:BC5000)/BC3),0)",Rebuilt from supplied national SAS and TIN county weights. Repeated county-level rows remain in replay inputs.
1888,National Risk-adjusted annualized expense [2025 ESRD] (Assignable GB3),USD/person-year,"Aggregate of national county sources and, where indicated, the current TIN assigned-county distribution; use the exact original formula ranges.",model_cell,MSSP Assignable,GB3,"=IFERROR((SUMPRODUCT(GB5:GB5000,BD5:BD5000)/BD3),0)",Rebuilt from supplied national SAS and TIN county weights. Repeated county-level rows remain in replay inputs.
1889,National Risk-adjusted annualized expense [2026 ESRD] (Assignable GC3),USD/person-year,"Aggregate of national county sources and, where indicated, the current TIN assigned-county distribution; use the exact original formula ranges.",model_cell,MSSP Assignable,GC3,"=IFERROR((SUMPRODUCT(GC5:GC5000,BE5:BE5000)/BE3),0)",Rebuilt from supplied national SAS and TIN county weights. Repeated county-level rows remain in replay inputs.
1890,National Risk-adjusted annualized expense [2019 Disabled] (Assignable GD3),USD/person-year,"Aggregate of national county sources and, where indicated, the current TIN assigned-county distribution; use the exact original formula ranges.",model_cell,MSSP Assignable,GD3,"=IFERROR((SUMPRODUCT(GD5:GD5000,BF5:BF5000)/BF3),0)",Rebuilt from supplied national SAS and TIN county weights. Repeated county-level rows remain in replay inputs.
1891,National Risk-adjusted annualized expense [2020 Disabled] (Assignable GE3),USD/person-year,"Aggregate of national county sources and, where indicated, the current TIN assigned-county distribution; use the exact original formula ranges.",model_cell,MSSP Assignable,GE3,"=IFERROR((SUMPRODUCT(GE5:GE5000,BG5:BG5000)/BG3),0)",Rebuilt from supplied national SAS and TIN county weights. Repeated county-level rows remain in replay inputs.
1892,National Risk-adjusted annualized expense [2021 Disabled] (Assignable GF3),USD/person-year,"Aggregate of national county sources and, where indicated, the current TIN assigned-county distribution; use the exact original formula ranges.",model_cell,MSSP Assignable,GF3,"=IFERROR((SUMPRODUCT(GF5:GF5000,BH5:BH5000)/BH3),0)",Rebuilt from supplied national SAS and TIN county weights. Repeated county-level rows remain in replay inputs.
1893,National Risk-adjusted annualized expense [2022 Disabled] (Assignable GG3),USD/person-year,"Aggregate of national county sources and, where indicated, the current TIN assigned-county distribution; use the exact original formula ranges.",model_cell,MSSP Assignable,GG3,"=IFERROR((SUMPRODUCT(GG5:GG5000,BI5:BI5000)/BI3),0)",Rebuilt from supplied national SAS and TIN county weights. Repeated county-level rows remain in replay inputs.
1894,National Risk-adjusted annualized expense [2023 Disabled] (Assignable GH3),USD/person-year,"Aggregate of national county sources and, where indicated, the current TIN assigned-county distribution; use the exact original formula ranges.",model_cell,MSSP Assignable,GH3,"=IFERROR((SUMPRODUCT(GH5:GH5000,BJ5:BJ5000)/BJ3),0)",Rebuilt from supplied national SAS and TIN county weights. Repeated county-level rows remain in replay inputs.
1895,National Risk-adjusted annualized expense [2024 Disabled] (Assignable GI3),USD/person-year,"Aggregate of national county sources and, where indicated, the current TIN assigned-county distribution; use the exact original formula ranges.",model_cell,MSSP Assignable,GI3,"=IFERROR((SUMPRODUCT(GI5:GI5000,BK5:BK5000)/BK3),0)",Rebuilt from supplied national SAS and TIN county weights. Repeated county-level rows remain in replay inputs.
1896,National Risk-adjusted annualized expense [2025 Disabled] (Assignable GJ3),USD/person-year,"Aggregate of national county sources and, where indicated, the current TIN assigned-county distribution; use the exact original formula ranges.",model_cell,MSSP Assignable,GJ3,"=IFERROR((SUMPRODUCT(GJ5:GJ5000,BL5:BL5000)/BL3),0)",Rebuilt from supplied national SAS and TIN county weights. Repeated county-level rows remain in replay inputs.
1897,National Risk-adjusted annualized expense [2026 Disabled] (Assignable GK3),USD/person-year,"Aggregate of national county sources and, where indicated, the current TIN assigned-county distribution; use the exact original formula ranges.",model_cell,MSSP Assignable,GK3,"=IFERROR((SUMPRODUCT(GK5:GK5000,BM5:BM5000)/BM3),0)",Rebuilt from supplied national SAS and TIN county weights. Repeated county-level rows remain in replay inputs.
1898,National Risk-adjusted annualized expense [2019 Aged dual] (Assignable GL3),USD/person-year,"Aggregate of national county sources and, where indicated, the current TIN assigned-county distribution; use the exact original formula ranges.",model_cell,MSSP Assignable,GL3,"=IFERROR((SUMPRODUCT(GL5:GL5000,BN5:BN5000)/BN3),0)",Rebuilt from supplied national SAS and TIN county weights. Repeated county-level rows remain in replay inputs.
1899,National Risk-adjusted annualized expense [2020 Aged dual] (Assignable GM3),USD/person-year,"Aggregate of national county sources and, where indicated, the current TIN assigned-county distribution; use the exact original formula ranges.",model_cell,MSSP Assignable,GM3,"=IFERROR((SUMPRODUCT(GM5:GM5000,BO5:BO5000)/BO3),0)",Rebuilt from supplied national SAS and TIN county weights. Repeated county-level rows remain in replay inputs.
1900,National Risk-adjusted annualized expense [2021 Aged dual] (Assignable GN3),USD/person-year,"Aggregate of national county sources and, where indicated, the current TIN assigned-county distribution; use the exact original formula ranges.",model_cell,MSSP Assignable,GN3,"=IFERROR((SUMPRODUCT(GN5:GN5000,BP5:BP5000)/BP3),0)",Rebuilt from supplied national SAS and TIN county weights. Repeated county-level rows remain in replay inputs.
1901,National Risk-adjusted annualized expense [2022 Aged dual] (Assignable GO3),USD/person-year,"Aggregate of national county sources and, where indicated, the current TIN assigned-county distribution; use the exact original formula ranges.",model_cell,MSSP Assignable,GO3,"=IFERROR((SUMPRODUCT(GO5:GO5000,BQ5:BQ5000)/BQ3),0)",Rebuilt from supplied national SAS and TIN county weights. Repeated county-level rows remain in replay inputs.
1902,National Risk-adjusted annualized expense [2023 Aged dual] (Assignable GP3),USD/person-year,"Aggregate of national county sources and, where indicated, the current TIN assigned-county distribution; use the exact original formula ranges.",model_cell,MSSP Assignable,GP3,"=IFERROR((SUMPRODUCT(GP5:GP5000,BR5:BR5000)/BR3),0)",Rebuilt from supplied national SAS and TIN county weights. Repeated county-level rows remain in replay inputs.
1903,National Risk-adjusted annualized expense [2024 Aged dual] (Assignable GQ3),USD/person-year,"Aggregate of national county sources and, where indicated, the current TIN assigned-county distribution; use the exact original formula ranges.",model_cell,MSSP Assignable,GQ3,"=IFERROR((SUMPRODUCT(GQ5:GQ5000,BS5:BS5000)/BS3),0)",Rebuilt from supplied national SAS and TIN county weights. Repeated county-level rows remain in replay inputs.
1904,National Risk-adjusted annualized expense [2025 Aged dual] (Assignable GR3),USD/person-year,"Aggregate of national county sources and, where indicated, the current TIN assigned-county distribution; use the exact original formula ranges.",model_cell,MSSP Assignable,GR3,"=IFERROR((SUMPRODUCT(GR5:GR5000,BT5:BT5000)/BT3),0)",Rebuilt from supplied national SAS and TIN county weights. Repeated county-level rows remain in replay inputs.
1905,National Risk-adjusted annualized expense [2026 Aged dual] (Assignable GS3),USD/person-year,"Aggregate of national county sources and, where indicated, the current TIN assigned-county distribution; use the exact original formula ranges.",model_cell,MSSP Assignable,GS3,"=IFERROR((SUMPRODUCT(GS5:GS5000,BU5:BU5000)/BU3),0)",Rebuilt from supplied national SAS and TIN county weights. Repeated county-level rows remain in replay inputs.
1906,National Risk-adjusted annualized expense [2019 Aged nondual] (Assignable GT3),USD/person-year,"Aggregate of national county sources and, where indicated, the current TIN assigned-county distribution; use the exact original formula ranges.",model_cell,MSSP Assignable,GT3,"=IFERROR((SUMPRODUCT(GT5:GT5000,BV5:BV5000)/BV3),0)",Rebuilt from supplied national SAS and TIN county weights. Repeated county-level rows remain in replay inputs.
1907,National Risk-adjusted annualized expense [2020 Aged nondual] (Assignable GU3),USD/person-year,"Aggregate of national county sources and, where indicated, the current TIN assigned-county distribution; use the exact original formula ranges.",model_cell,MSSP Assignable,GU3,"=IFERROR((SUMPRODUCT(GU5:GU5000,BW5:BW5000)/BW3),0)",Rebuilt from supplied national SAS and TIN county weights. Repeated county-level rows remain in replay inputs.
1908,National Risk-adjusted annualized expense [2021 Aged nondual] (Assignable GV3),USD/person-year,"Aggregate of national county sources and, where indicated, the current TIN assigned-county distribution; use the exact original formula ranges.",model_cell,MSSP Assignable,GV3,"=IFERROR((SUMPRODUCT(GV5:GV5000,BX5:BX5000)/BX3),0)",Rebuilt from supplied national SAS and TIN county weights. Repeated county-level rows remain in replay inputs.
1909,National Risk-adjusted annualized expense [2022 Aged nondual] (Assignable GW3),USD/person-year,"Aggregate of national county sources and, where indicated, the current TIN assigned-county distribution; use the exact original formula ranges.",model_cell,MSSP Assignable,GW3,"=IFERROR((SUMPRODUCT(GW5:GW5000,BY5:BY5000)/BY3),0)",Rebuilt from supplied national SAS and TIN county weights. Repeated county-level rows remain in replay inputs.
1910,National Risk-adjusted annualized expense [2023 Aged nondual] (Assignable GX3),USD/person-year,"Aggregate of national county sources and, where indicated, the current TIN assigned-county distribution; use the exact original formula ranges.",model_cell,MSSP Assignable,GX3,"=IFERROR((SUMPRODUCT(GX5:GX5000,BZ5:BZ5000)/BZ3),0)",Rebuilt from supplied national SAS and TIN county weights. Repeated county-level rows remain in replay inputs.
1911,National Risk-adjusted annualized expense [2024 Aged nondual] (Assignable GY3),USD/person-year,"Aggregate of national county sources and, where indicated, the current TIN assigned-county distribution; use the exact original formula ranges.",model_cell,MSSP Assignable,GY3,"=IFERROR((SUMPRODUCT(GY5:GY5000,CA5:CA5000)/CA3),0)",Rebuilt from supplied national SAS and TIN county weights. Repeated county-level rows remain in replay inputs.
1912,National Risk-adjusted annualized expense [2025 Aged nondual] (Assignable GZ3),USD/person-year,"Aggregate of national county sources and, where indicated, the current TIN assigned-county distribution; use the exact original formula ranges.",model_cell,MSSP Assignable,GZ3,"=IFERROR((SUMPRODUCT(GZ5:GZ5000,CB5:CB5000)/CB3),0)",Rebuilt from supplied national SAS and TIN county weights. Repeated county-level rows remain in replay inputs.
1913,National Risk-adjusted annualized expense [2026 Aged nondual] (Assignable HA3),USD/person-year,"Aggregate of national county sources and, where indicated, the current TIN assigned-county distribution; use the exact original formula ranges.",model_cell,MSSP Assignable,HA3,"=IFERROR((SUMPRODUCT(HA5:HA5000,CC5:CC5000)/CC3),0)",Rebuilt from supplied national SAS and TIN county weights. Repeated county-level rows remain in replay inputs.
1914,SAS Raw beneficiaries [2019 ESRD],beneficiaries,Source beneficiary count before any approved replacement.,cohort_field,SAS cohort inputs,,,Missing whole source year remains unavailable; do not fabricate member months or dollars. Use each record before aggregation.
1915,SAS Raw member months [2019 ESRD],member-months,Source member months before blank / -11 replacement.,cohort_field,SAS cohort inputs,,,Missing whole source year remains unavailable; do not fabricate member months or dollars. Use each record before aggregation.
1916,SAS Raw PAID_TRUNC annualized [2019 ESRD],USD/person-year,Source annualized truncated expenditure rate; not PMPM.,cohort_field,SAS cohort inputs,,,Missing whole source year remains unavailable; do not fabricate member months or dollars. Use each record before aggregation.
1917,SAS Raw risk V24 [2019 ESRD],risk score,Source V24 risk score if supplied; missing remains unavailable.,cohort_field,SAS cohort inputs,,,Missing whole source year remains unavailable; do not fabricate member months or dollars. Use each record before aggregation.
1918,SAS Raw risk V28 [2019 ESRD],risk score,Source generic V28 risk score from cohort RSK_V28; ESRD model risk is a separate field.,cohort_field,SAS cohort inputs,,,Missing whole source year remains unavailable; do not fabricate member months or dollars. Use each record before aggregation.
1919,SAS Treated member months [2019 ESRD],member-months,Existing source record: blank member months = 3; -11 member months = 8. Missing year is not fabricated.,cohort_field,SAS cohort inputs,,,Missing whole source year remains unavailable; do not fabricate member months or dollars. Use each record before aggregation.
1920,SAS Treated beneficiaries [2019 ESRD],beneficiaries,Use observed beneficiary count; apply approved imputation to missing or suppressed count. See intake rules for year-specific exposure divisor.,cohort_field,SAS cohort inputs,,,Missing whole source year remains unavailable; do not fabricate member months or dollars. Use each record before aggregation.
1921,SAS Treated PAID_TRUNC annualized [2019 ESRD],USD/person-year,Annualized truncated expenditure after blank-dollar replacement on existing records.,cohort_field,SAS cohort inputs,,,Missing whole source year remains unavailable; do not fabricate member months or dollars. Use each record before aggregation.
1922,SAS Paid numerator [2019 ESRD],USD,"Annualized truncated expenditure multiplied by treated member months / 12, including 2026.",cohort_field,SAS cohort inputs,,,Missing whole source year remains unavailable; do not fabricate member months or dollars. Use each record before aggregation.
1923,SAS Risk V24 numerator [2019 ESRD],risk-score × member-months,Source V24 risk multiplied by treated member months; preserve missing-risk semantics.,cohort_field,SAS cohort inputs,,,Missing whole source year remains unavailable; do not fabricate member months or dollars. Use each record before aggregation.
1924,SAS Risk V28 numerator [2019 ESRD],risk-score × member-months,Source generic V28 risk multiplied by treated member months; preserve missing-risk semantics.,cohort_field,SAS cohort inputs,,,Missing whole source year remains unavailable; do not fabricate member months or dollars. Use each record before aggregation.
1925,SAS Beneficiary status [2019 ESRD],text,Observed / approved imputation / missing-source status.,cohort_field,SAS cohort inputs,,,Missing whole source year remains unavailable; do not fabricate member months or dollars. Use each record before aggregation.
1926,SAS MM status [2019 ESRD],text,Observed / blank to 3 / -11 to 8 / missing-source status.,cohort_field,SAS cohort inputs,,,Missing whole source year remains unavailable; do not fabricate member months or dollars. Use each record before aggregation.
1927,SAS Raw ESRD model risk [2019 ESRD],risk score,Source ESRD_RISK_ACTUAL. Used by the ESRD risk model; distinct from the generic ESRD_RSK_V28 score.,cohort_field,SAS cohort inputs,,,Missing whole source year remains unavailable; do not fabricate member months or dollars. Use each record before aggregation.
1928,SAS ESRD model risk numerator [2019 ESRD],risk-score × member-months,ESRD_RISK_ACTUAL multiplied by treated member months. Feeds provider ESRD_RISK_V28 workbook header and national ESRD_RISK header; provider header is misleading.,cohort_field,SAS cohort inputs,,,Missing whole source year remains unavailable; do not fabricate member months or dollars. Use each record before aggregation.
1929,SAS Raw beneficiaries [2019 Disabled],beneficiaries,Source beneficiary count before any approved replacement.,cohort_field,SAS cohort inputs,,,Missing whole source year remains unavailable; do not fabricate member months or dollars. Use each record before aggregation.
1930,SAS Raw member months [2019 Disabled],member-months,Source member months before blank / -11 replacement.,cohort_field,SAS cohort inputs,,,Missing whole source year remains unavailable; do not fabricate member months or dollars. Use each record before aggregation.
1931,SAS Raw PAID_TRUNC annualized [2019 Disabled],USD/person-year,Source annualized truncated expenditure rate; not PMPM.,cohort_field,SAS cohort inputs,,,Missing whole source year remains unavailable; do not fabricate member months or dollars. Use each record before aggregation.
1932,SAS Raw risk V24 [2019 Disabled],risk score,Source V24 risk score if supplied; missing remains unavailable.,cohort_field,SAS cohort inputs,,,Missing whole source year remains unavailable; do not fabricate member months or dollars. Use each record before aggregation.
1933,SAS Raw risk V28 [2019 Disabled],risk score,Source generic V28 risk score from cohort RSK_V28; ESRD model risk is a separate field.,cohort_field,SAS cohort inputs,,,Missing whole source year remains unavailable; do not fabricate member months or dollars. Use each record before aggregation.
1934,SAS Treated member months [2019 Disabled],member-months,Existing source record: blank member months = 3; -11 member months = 8. Missing year is not fabricated.,cohort_field,SAS cohort inputs,,,Missing whole source year remains unavailable; do not fabricate member months or dollars. Use each record before aggregation.
1935,SAS Treated beneficiaries [2019 Disabled],beneficiaries,Use observed beneficiary count; apply approved imputation to missing or suppressed count. See intake rules for year-specific exposure divisor.,cohort_field,SAS cohort inputs,,,Missing whole source year remains unavailable; do not fabricate member months or dollars. Use each record before aggregation.
1936,SAS Treated PAID_TRUNC annualized [2019 Disabled],USD/person-year,Annualized truncated expenditure after blank-dollar replacement on existing records.,cohort_field,SAS cohort inputs,,,Missing whole source year remains unavailable; do not fabricate member months or dollars. Use each record before aggregation.
1937,SAS Paid numerator [2019 Disabled],USD,"Annualized truncated expenditure multiplied by treated member months / 12, including 2026.",cohort_field,SAS cohort inputs,,,Missing whole source year remains unavailable; do not fabricate member months or dollars. Use each record before aggregation.
1938,SAS Risk V24 numerator [2019 Disabled],risk-score × member-months,Source V24 risk multiplied by treated member months; preserve missing-risk semantics.,cohort_field,SAS cohort inputs,,,Missing whole source year remains unavailable; do not fabricate member months or dollars. Use each record before aggregation.
1939,SAS Risk V28 numerator [2019 Disabled],risk-score × member-months,Source generic V28 risk multiplied by treated member months; preserve missing-risk semantics.,cohort_field,SAS cohort inputs,,,Missing whole source year remains unavailable; do not fabricate member months or dollars. Use each record before aggregation.
1940,SAS Beneficiary status [2019 Disabled],text,Observed / approved imputation / missing-source status.,cohort_field,SAS cohort inputs,,,Missing whole source year remains unavailable; do not fabricate member months or dollars. Use each record before aggregation.
1941,SAS MM status [2019 Disabled],text,Observed / blank to 3 / -11 to 8 / missing-source status.,cohort_field,SAS cohort inputs,,,Missing whole source year remains unavailable; do not fabricate member months or dollars. Use each record before aggregation.
1942,SAS Raw beneficiaries [2019 Aged dual],beneficiaries,Source beneficiary count before any approved replacement.,cohort_field,SAS cohort inputs,,,Missing whole source year remains unavailable; do not fabricate member months or dollars. Use each record before aggregation.
1943,SAS Raw member months [2019 Aged dual],member-months,Source member months before blank / -11 replacement.,cohort_field,SAS cohort inputs,,,Missing whole source year remains unavailable; do not fabricate member months or dollars. Use each record before aggregation.
1944,SAS Raw PAID_TRUNC annualized [2019 Aged dual],USD/person-year,Source annualized truncated expenditure rate; not PMPM.,cohort_field,SAS cohort inputs,,,Missing whole source year remains unavailable; do not fabricate member months or dollars. Use each record before aggregation.
1945,SAS Raw risk V24 [2019 Aged dual],risk score,Source V24 risk score if supplied; missing remains unavailable.,cohort_field,SAS cohort inputs,,,Missing whole source year remains unavailable; do not fabricate member months or dollars. Use each record before aggregation.
1946,SAS Raw risk V28 [2019 Aged dual],risk score,Source generic V28 risk score from cohort RSK_V28; ESRD model risk is a separate field.,cohort_field,SAS cohort inputs,,,Missing whole source year remains unavailable; do not fabricate member months or dollars. Use each record before aggregation.
1947,SAS Treated member months [2019 Aged dual],member-months,Existing source record: blank member months = 3; -11 member months = 8. Missing year is not fabricated.,cohort_field,SAS cohort inputs,,,Missing whole source year remains unavailable; do not fabricate member months or dollars. Use each record before aggregation.
1948,SAS Treated beneficiaries [2019 Aged dual],beneficiaries,Use observed beneficiary count; apply approved imputation to missing or suppressed count. See intake rules for year-specific exposure divisor.,cohort_field,SAS cohort inputs,,,Missing whole source year remains unavailable; do not fabricate member months or dollars. Use each record before aggregation.
1949,SAS Treated PAID_TRUNC annualized [2019 Aged dual],USD/person-year,Annualized truncated expenditure after blank-dollar replacement on existing records.,cohort_field,SAS cohort inputs,,,Missing whole source year remains unavailable; do not fabricate member months or dollars. Use each record before aggregation.
1950,SAS Paid numerator [2019 Aged dual],USD,"Annualized truncated expenditure multiplied by treated member months / 12, including 2026.",cohort_field,SAS cohort inputs,,,Missing whole source year remains unavailable; do not fabricate member months or dollars. Use each record before aggregation.
1951,SAS Risk V24 numerator [2019 Aged dual],risk-score × member-months,Source V24 risk multiplied by treated member months; preserve missing-risk semantics.,cohort_field,SAS cohort inputs,,,Missing whole source year remains unavailable; do not fabricate member months or dollars. Use each record before aggregation.
1952,SAS Risk V28 numerator [2019 Aged dual],risk-score × member-months,Source generic V28 risk multiplied by treated member months; preserve missing-risk semantics.,cohort_field,SAS cohort inputs,,,Missing whole source year remains unavailable; do not fabricate member months or dollars. Use each record before aggregation.
1953,SAS Beneficiary status [2019 Aged dual],text,Observed / approved imputation / missing-source status.,cohort_field,SAS cohort inputs,,,Missing whole source year remains unavailable; do not fabricate member months or dollars. Use each record before aggregation.
1954,SAS MM status [2019 Aged dual],text,Observed / blank to 3 / -11 to 8 / missing-source status.,cohort_field,SAS cohort inputs,,,Missing whole source year remains unavailable; do not fabricate member months or dollars. Use each record before aggregation.
1955,SAS Raw beneficiaries [2019 Aged nondual],beneficiaries,Source beneficiary count before any approved replacement.,cohort_field,SAS cohort inputs,,,Missing whole source year remains unavailable; do not fabricate member months or dollars. Use each record before aggregation.
1956,SAS Raw member months [2019 Aged nondual],member-months,Source member months before blank / -11 replacement.,cohort_field,SAS cohort inputs,,,Missing whole source year remains unavailable; do not fabricate member months or dollars. Use each record before aggregation.
1957,SAS Raw PAID_TRUNC annualized [2019 Aged nondual],USD/person-year,Source annualized truncated expenditure rate; not PMPM.,cohort_field,SAS cohort inputs,,,Missing whole source year remains unavailable; do not fabricate member months or dollars. Use each record before aggregation.
1958,SAS Raw risk V24 [2019 Aged nondual],risk score,Source V24 risk score if supplied; missing remains unavailable.,cohort_field,SAS cohort inputs,,,Missing whole source year remains unavailable; do not fabricate member months or dollars. Use each record before aggregation.
1959,SAS Raw risk V28 [2019 Aged nondual],risk score,Source generic V28 risk score from cohort RSK_V28; ESRD model risk is a separate field.,cohort_field,SAS cohort inputs,,,Missing whole source year remains unavailable; do not fabricate member months or dollars. Use each record before aggregation.
1960,SAS Treated member months [2019 Aged nondual],member-months,Existing source record: blank member months = 3; -11 member months = 8. Missing year is not fabricated.,cohort_field,SAS cohort inputs,,,Missing whole source year remains unavailable; do not fabricate member months or dollars. Use each record before aggregation.
1961,SAS Treated beneficiaries [2019 Aged nondual],beneficiaries,Use observed beneficiary count; apply approved imputation to missing or suppressed count. See intake rules for year-specific exposure divisor.,cohort_field,SAS cohort inputs,,,Missing whole source year remains unavailable; do not fabricate member months or dollars. Use each record before aggregation.
1962,SAS Treated PAID_TRUNC annualized [2019 Aged nondual],USD/person-year,Annualized truncated expenditure after blank-dollar replacement on existing records.,cohort_field,SAS cohort inputs,,,Missing whole source year remains unavailable; do not fabricate member months or dollars. Use each record before aggregation.
1963,SAS Paid numerator [2019 Aged nondual],USD,"Annualized truncated expenditure multiplied by treated member months / 12, including 2026.",cohort_field,SAS cohort inputs,,,Missing whole source year remains unavailable; do not fabricate member months or dollars. Use each record before aggregation.
1964,SAS Risk V24 numerator [2019 Aged nondual],risk-score × member-months,Source V24 risk multiplied by treated member months; preserve missing-risk semantics.,cohort_field,SAS cohort inputs,,,Missing whole source year remains unavailable; do not fabricate member months or dollars. Use each record before aggregation.
1965,SAS Risk V28 numerator [2019 Aged nondual],risk-score × member-months,Source generic V28 risk multiplied by treated member months; preserve missing-risk semantics.,cohort_field,SAS cohort inputs,,,Missing whole source year remains unavailable; do not fabricate member months or dollars. Use each record before aggregation.
1966,SAS Beneficiary status [2019 Aged nondual],text,Observed / approved imputation / missing-source status.,cohort_field,SAS cohort inputs,,,Missing whole source year remains unavailable; do not fabricate member months or dollars. Use each record before aggregation.
1967,SAS MM status [2019 Aged nondual],text,Observed / blank to 3 / -11 to 8 / missing-source status.,cohort_field,SAS cohort inputs,,,Missing whole source year remains unavailable; do not fabricate member months or dollars. Use each record before aggregation.
1968,SAS Raw beneficiaries [2020 ESRD],beneficiaries,Source beneficiary count before any approved replacement.,cohort_field,SAS cohort inputs,,,Missing whole source year remains unavailable; do not fabricate member months or dollars. Use each record before aggregation.
1969,SAS Raw member months [2020 ESRD],member-months,Source member months before blank / -11 replacement.,cohort_field,SAS cohort inputs,,,Missing whole source year remains unavailable; do not fabricate member months or dollars. Use each record before aggregation.
1970,SAS Raw PAID_TRUNC annualized [2020 ESRD],USD/person-year,Source annualized truncated expenditure rate; not PMPM.,cohort_field,SAS cohort inputs,,,Missing whole source year remains unavailable; do not fabricate member months or dollars. Use each record before aggregation.
1971,SAS Raw risk V24 [2020 ESRD],risk score,Source V24 risk score if supplied; missing remains unavailable.,cohort_field,SAS cohort inputs,,,Missing whole source year remains unavailable; do not fabricate member months or dollars. Use each record before aggregation.
1972,SAS Raw risk V28 [2020 ESRD],risk score,Source generic V28 risk score from cohort RSK_V28; ESRD model risk is a separate field.,cohort_field,SAS cohort inputs,,,Missing whole source year remains unavailable; do not fabricate member months or dollars. Use each record before aggregation.
1973,SAS Treated member months [2020 ESRD],member-months,Existing source record: blank member months = 3; -11 member months = 8. Missing year is not fabricated.,cohort_field,SAS cohort inputs,,,Missing whole source year remains unavailable; do not fabricate member months or dollars. Use each record before aggregation.
1974,SAS Treated beneficiaries [2020 ESRD],beneficiaries,Use observed beneficiary count; apply approved imputation to missing or suppressed count. See intake rules for year-specific exposure divisor.,cohort_field,SAS cohort inputs,,,Missing whole source year remains unavailable; do not fabricate member months or dollars. Use each record before aggregation.
1975,SAS Treated PAID_TRUNC annualized [2020 ESRD],USD/person-year,Annualized truncated expenditure after blank-dollar replacement on existing records.,cohort_field,SAS cohort inputs,,,Missing whole source year remains unavailable; do not fabricate member months or dollars. Use each record before aggregation.
1976,SAS Paid numerator [2020 ESRD],USD,"Annualized truncated expenditure multiplied by treated member months / 12, including 2026.",cohort_field,SAS cohort inputs,,,Missing whole source year remains unavailable; do not fabricate member months or dollars. Use each record before aggregation.
1977,SAS Risk V24 numerator [2020 ESRD],risk-score × member-months,Source V24 risk multiplied by treated member months; preserve missing-risk semantics.,cohort_field,SAS cohort inputs,,,Missing whole source year remains unavailable; do not fabricate member months or dollars. Use each record before aggregation.
1978,SAS Risk V28 numerator [2020 ESRD],risk-score × member-months,Source generic V28 risk multiplied by treated member months; preserve missing-risk semantics.,cohort_field,SAS cohort inputs,,,Missing whole source year remains unavailable; do not fabricate member months or dollars. Use each record before aggregation.
1979,SAS Beneficiary status [2020 ESRD],text,Observed / approved imputation / missing-source status.,cohort_field,SAS cohort inputs,,,Missing whole source year remains unavailable; do not fabricate member months or dollars. Use each record before aggregation.
1980,SAS MM status [2020 ESRD],text,Observed / blank to 3 / -11 to 8 / missing-source status.,cohort_field,SAS cohort inputs,,,Missing whole source year remains unavailable; do not fabricate member months or dollars. Use each record before aggregation.
1981,SAS Raw ESRD model risk [2020 ESRD],risk score,Source ESRD_RISK_ACTUAL. Used by the ESRD risk model; distinct from the generic ESRD_RSK_V28 score.,cohort_field,SAS cohort inputs,,,Missing whole source year remains unavailable; do not fabricate member months or dollars. Use each record before aggregation.
1982,SAS ESRD model risk numerator [2020 ESRD],risk-score × member-months,ESRD_RISK_ACTUAL multiplied by treated member months. Feeds provider ESRD_RISK_V28 workbook header and national ESRD_RISK header; provider header is misleading.,cohort_field,SAS cohort inputs,,,Missing whole source year remains unavailable; do not fabricate member months or dollars. Use each record before aggregation.
1983,SAS Raw beneficiaries [2020 Disabled],beneficiaries,Source beneficiary count before any approved replacement.,cohort_field,SAS cohort inputs,,,Missing whole source year remains unavailable; do not fabricate member months or dollars. Use each record before aggregation.
1984,SAS Raw member months [2020 Disabled],member-months,Source member months before blank / -11 replacement.,cohort_field,SAS cohort inputs,,,Missing whole source year remains unavailable; do not fabricate member months or dollars. Use each record before aggregation.
1985,SAS Raw PAID_TRUNC annualized [2020 Disabled],USD/person-year,Source annualized truncated expenditure rate; not PMPM.,cohort_field,SAS cohort inputs,,,Missing whole source year remains unavailable; do not fabricate member months or dollars. Use each record before aggregation.
1986,SAS Raw risk V24 [2020 Disabled],risk score,Source V24 risk score if supplied; missing remains unavailable.,cohort_field,SAS cohort inputs,,,Missing whole source year remains unavailable; do not fabricate member months or dollars. Use each record before aggregation.
1987,SAS Raw risk V28 [2020 Disabled],risk score,Source generic V28 risk score from cohort RSK_V28; ESRD model risk is a separate field.,cohort_field,SAS cohort inputs,,,Missing whole source year remains unavailable; do not fabricate member months or dollars. Use each record before aggregation.
1988,SAS Treated member months [2020 Disabled],member-months,Existing source record: blank member months = 3; -11 member months = 8. Missing year is not fabricated.,cohort_field,SAS cohort inputs,,,Missing whole source year remains unavailable; do not fabricate member months or dollars. Use each record before aggregation.
1989,SAS Treated beneficiaries [2020 Disabled],beneficiaries,Use observed beneficiary count; apply approved imputation to missing or suppressed count. See intake rules for year-specific exposure divisor.,cohort_field,SAS cohort inputs,,,Missing whole source year remains unavailable; do not fabricate member months or dollars. Use each record before aggregation.
1990,SAS Treated PAID_TRUNC annualized [2020 Disabled],USD/person-year,Annualized truncated expenditure after blank-dollar replacement on existing records.,cohort_field,SAS cohort inputs,,,Missing whole source year remains unavailable; do not fabricate member months or dollars. Use each record before aggregation.
1991,SAS Paid numerator [2020 Disabled],USD,"Annualized truncated expenditure multiplied by treated member months / 12, including 2026.",cohort_field,SAS cohort inputs,,,Missing whole source year remains unavailable; do not fabricate member months or dollars. Use each record before aggregation.
1992,SAS Risk V24 numerator [2020 Disabled],risk-score × member-months,Source V24 risk multiplied by treated member months; preserve missing-risk semantics.,cohort_field,SAS cohort inputs,,,Missing whole source year remains unavailable; do not fabricate member months or dollars. Use each record before aggregation.
1993,SAS Risk V28 numerator [2020 Disabled],risk-score × member-months,Source generic V28 risk multiplied by treated member months; preserve missing-risk semantics.,cohort_field,SAS cohort inputs,,,Missing whole source year remains unavailable; do not fabricate member months or dollars. Use each record before aggregation.
1994,SAS Beneficiary status [2020 Disabled],text,Observed / approved imputation / missing-source status.,cohort_field,SAS cohort inputs,,,Missing whole source year remains unavailable; do not fabricate member months or dollars. Use each record before aggregation.
1995,SAS MM status [2020 Disabled],text,Observed / blank to 3 / -11 to 8 / missing-source status.,cohort_field,SAS cohort inputs,,,Missing whole source year remains unavailable; do not fabricate member months or dollars. Use each record before aggregation.
1996,SAS Raw beneficiaries [2020 Aged dual],beneficiaries,Source beneficiary count before any approved replacement.,cohort_field,SAS cohort inputs,,,Missing whole source year remains unavailable; do not fabricate member months or dollars. Use each record before aggregation.
1997,SAS Raw member months [2020 Aged dual],member-months,Source member months before blank / -11 replacement.,cohort_field,SAS cohort inputs,,,Missing whole source year remains unavailable; do not fabricate member months or dollars. Use each record before aggregation.
1998,SAS Raw PAID_TRUNC annualized [2020 Aged dual],USD/person-year,Source annualized truncated expenditure rate; not PMPM.,cohort_field,SAS cohort inputs,,,Missing whole source year remains unavailable; do not fabricate member months or dollars. Use each record before aggregation.
1999,SAS Raw risk V24 [2020 Aged dual],risk score,Source V24 risk score if supplied; missing remains unavailable.,cohort_field,SAS cohort inputs,,,Missing whole source year remains unavailable; do not fabricate member months or dollars. Use each record before aggregation.
2000,SAS Raw risk V28 [2020 Aged dual],risk score,Source generic V28 risk score from cohort RSK_V28; ESRD model risk is a separate field.,cohort_field,SAS cohort inputs,,,Missing whole source year remains unavailable; do not fabricate member months or dollars. Use each record before aggregation.
2001,SAS Treated member months [2020 Aged dual],member-months,Existing source record: blank member months = 3; -11 member months = 8. Missing year is not fabricated.,cohort_field,SAS cohort inputs,,,Missing whole source year remains unavailable; do not fabricate member months or dollars. Use each record before aggregation.
2002,SAS Treated beneficiaries [2020 Aged dual],beneficiaries,Use observed beneficiary count; apply approved imputation to missing or suppressed count. See intake rules for year-specific exposure divisor.,cohort_field,SAS cohort inputs,,,Missing whole source year remains unavailable; do not fabricate member months or dollars. Use each record before aggregation.
2003,SAS Treated PAID_TRUNC annualized [2020 Aged dual],USD/person-year,Annualized truncated expenditure after blank-dollar replacement on existing records.,cohort_field,SAS cohort inputs,,,Missing whole source year remains unavailable; do not fabricate member months or dollars. Use each record before aggregation.
2004,SAS Paid numerator [2020 Aged dual],USD,"Annualized truncated expenditure multiplied by treated member months / 12, including 2026.",cohort_field,SAS cohort inputs,,,Missing whole source year remains unavailable; do not fabricate member months or dollars. Use each record before aggregation.
2005,SAS Risk V24 numerator [2020 Aged dual],risk-score × member-months,Source V24 risk multiplied by treated member months; preserve missing-risk semantics.,cohort_field,SAS cohort inputs,,,Missing whole source year remains unavailable; do not fabricate member months or dollars. Use each record before aggregation.
2006,SAS Risk V28 numerator [2020 Aged dual],risk-score × member-months,Source generic V28 risk multiplied by treated member months; preserve missing-risk semantics.,cohort_field,SAS cohort inputs,,,Missing whole source year remains unavailable; do not fabricate member months or dollars. Use each record before aggregation.
2007,SAS Beneficiary status [2020 Aged dual],text,Observed / approved imputation / missing-source status.,cohort_field,SAS cohort inputs,,,Missing whole source year remains unavailable; do not fabricate member months or dollars. Use each record before aggregation.
2008,SAS MM status [2020 Aged dual],text,Observed / blank to 3 / -11 to 8 / missing-source status.,cohort_field,SAS cohort inputs,,,Missing whole source year remains unavailable; do not fabricate member months or dollars. Use each record before aggregation.
2009,SAS Raw beneficiaries [2020 Aged nondual],beneficiaries,Source beneficiary count before any approved replacement.,cohort_field,SAS cohort inputs,,,Missing whole source year remains unavailable; do not fabricate member months or dollars. Use each record before aggregation.
2010,SAS Raw member months [2020 Aged nondual],member-months,Source member months before blank / -11 replacement.,cohort_field,SAS cohort inputs,,,Missing whole source year remains unavailable; do not fabricate member months or dollars. Use each record before aggregation.
2011,SAS Raw PAID_TRUNC annualized [2020 Aged nondual],USD/person-year,Source annualized truncated expenditure rate; not PMPM.,cohort_field,SAS cohort inputs,,,Missing whole source year remains unavailable; do not fabricate member months or dollars. Use each record before aggregation.
2012,SAS Raw risk V24 [2020 Aged nondual],risk score,Source V24 risk score if supplied; missing remains unavailable.,cohort_field,SAS cohort inputs,,,Missing whole source year remains unavailable; do not fabricate member months or dollars. Use each record before aggregation.
2013,SAS Raw risk V28 [2020 Aged nondual],risk score,Source generic V28 risk score from cohort RSK_V28; ESRD model risk is a separate field.,cohort_field,SAS cohort inputs,,,Missing whole source year remains unavailable; do not fabricate member months or dollars. Use each record before aggregation.
2014,SAS Treated member months [2020 Aged nondual],member-months,Existing source record: blank member months = 3; -11 member months = 8. Missing year is not fabricated.,cohort_field,SAS cohort inputs,,,Missing whole source year remains unavailable; do not fabricate member months or dollars. Use each record before aggregation.
2015,SAS Treated beneficiaries [2020 Aged nondual],beneficiaries,Use observed beneficiary count; apply approved imputation to missing or suppressed count. See intake rules for year-specific exposure divisor.,cohort_field,SAS cohort inputs,,,Missing whole source year remains unavailable; do not fabricate member months or dollars. Use each record before aggregation.
2016,SAS Treated PAID_TRUNC annualized [2020 Aged nondual],USD/person-year,Annualized truncated expenditure after blank-dollar replacement on existing records.,cohort_field,SAS cohort inputs,,,Missing whole source year remains unavailable; do not fabricate member months or dollars. Use each record before aggregation.
2017,SAS Paid numerator [2020 Aged nondual],USD,"Annualized truncated expenditure multiplied by treated member months / 12, including 2026.",cohort_field,SAS cohort inputs,,,Missing whole source year remains unavailable; do not fabricate member months or dollars. Use each record before aggregation.
2018,SAS Risk V24 numerator [2020 Aged nondual],risk-score × member-months,Source V24 risk multiplied by treated member months; preserve missing-risk semantics.,cohort_field,SAS cohort inputs,,,Missing whole source year remains unavailable; do not fabricate member months or dollars. Use each record before aggregation.
2019,SAS Risk V28 numerator [2020 Aged nondual],risk-score × member-months,Source generic V28 risk multiplied by treated member months; preserve missing-risk semantics.,cohort_field,SAS cohort inputs,,,Missing whole source year remains unavailable; do not fabricate member months or dollars. Use each record before aggregation.
2020,SAS Beneficiary status [2020 Aged nondual],text,Observed / approved imputation / missing-source status.,cohort_field,SAS cohort inputs,,,Missing whole source year remains unavailable; do not fabricate member months or dollars. Use each record before aggregation.
2021,SAS MM status [2020 Aged nondual],text,Observed / blank to 3 / -11 to 8 / missing-source status.,cohort_field,SAS cohort inputs,,,Missing whole source year remains unavailable; do not fabricate member months or dollars. Use each record before aggregation.
2022,SAS Raw beneficiaries [2021 ESRD],beneficiaries,Source beneficiary count before any approved replacement.,cohort_field,SAS cohort inputs,,,Missing whole source year remains unavailable; do not fabricate member months or dollars. Use each record before aggregation.
2023,SAS Raw member months [2021 ESRD],member-months,Source member months before blank / -11 replacement.,cohort_field,SAS cohort inputs,,,Missing whole source year remains unavailable; do not fabricate member months or dollars. Use each record before aggregation.
2024,SAS Raw PAID_TRUNC annualized [2021 ESRD],USD/person-year,Source annualized truncated expenditure rate; not PMPM.,cohort_field,SAS cohort inputs,,,Missing whole source year remains unavailable; do not fabricate member months or dollars. Use each record before aggregation.
2025,SAS Raw risk V24 [2021 ESRD],risk score,Source V24 risk score if supplied; missing remains unavailable.,cohort_field,SAS cohort inputs,,,Missing whole source year remains unavailable; do not fabricate member months or dollars. Use each record before aggregation.
2026,SAS Raw risk V28 [2021 ESRD],risk score,Source generic V28 risk score from cohort RSK_V28; ESRD model risk is a separate field.,cohort_field,SAS cohort inputs,,,Missing whole source year remains unavailable; do not fabricate member months or dollars. Use each record before aggregation.
2027,SAS Treated member months [2021 ESRD],member-months,Existing source record: blank member months = 3; -11 member months = 8. Missing year is not fabricated.,cohort_field,SAS cohort inputs,,,Missing whole source year remains unavailable; do not fabricate member months or dollars. Use each record before aggregation.
2028,SAS Treated beneficiaries [2021 ESRD],beneficiaries,Use observed beneficiary count; apply approved imputation to missing or suppressed count. See intake rules for year-specific exposure divisor.,cohort_field,SAS cohort inputs,,,Missing whole source year remains unavailable; do not fabricate member months or dollars. Use each record before aggregation.
2029,SAS Treated PAID_TRUNC annualized [2021 ESRD],USD/person-year,Annualized truncated expenditure after blank-dollar replacement on existing records.,cohort_field,SAS cohort inputs,,,Missing whole source year remains unavailable; do not fabricate member months or dollars. Use each record before aggregation.
2030,SAS Paid numerator [2021 ESRD],USD,"Annualized truncated expenditure multiplied by treated member months / 12, including 2026.",cohort_field,SAS cohort inputs,,,Missing whole source year remains unavailable; do not fabricate member months or dollars. Use each record before aggregation.
2031,SAS Risk V24 numerator [2021 ESRD],risk-score × member-months,Source V24 risk multiplied by treated member months; preserve missing-risk semantics.,cohort_field,SAS cohort inputs,,,Missing whole source year remains unavailable; do not fabricate member months or dollars. Use each record before aggregation.
2032,SAS Risk V28 numerator [2021 ESRD],risk-score × member-months,Source generic V28 risk multiplied by treated member months; preserve missing-risk semantics.,cohort_field,SAS cohort inputs,,,Missing whole source year remains unavailable; do not fabricate member months or dollars. Use each record before aggregation.
2033,SAS Beneficiary status [2021 ESRD],text,Observed / approved imputation / missing-source status.,cohort_field,SAS cohort inputs,,,Missing whole source year remains unavailable; do not fabricate member months or dollars. Use each record before aggregation.
2034,SAS MM status [2021 ESRD],text,Observed / blank to 3 / -11 to 8 / missing-source status.,cohort_field,SAS cohort inputs,,,Missing whole source year remains unavailable; do not fabricate member months or dollars. Use each record before aggregation.
2035,SAS Raw ESRD model risk [2021 ESRD],risk score,Source ESRD_RISK_ACTUAL. Used by the ESRD risk model; distinct from the generic ESRD_RSK_V28 score.,cohort_field,SAS cohort inputs,,,Missing whole source year remains unavailable; do not fabricate member months or dollars. Use each record before aggregation.
2036,SAS ESRD model risk numerator [2021 ESRD],risk-score × member-months,ESRD_RISK_ACTUAL multiplied by treated member months. Feeds provider ESRD_RISK_V28 workbook header and national ESRD_RISK header; provider header is misleading.,cohort_field,SAS cohort inputs,,,Missing whole source year remains unavailable; do not fabricate member months or dollars. Use each record before aggregation.
2037,SAS Raw beneficiaries [2021 Disabled],beneficiaries,Source beneficiary count before any approved replacement.,cohort_field,SAS cohort inputs,,,Missing whole source year remains unavailable; do not fabricate member months or dollars. Use each record before aggregation.
2038,SAS Raw member months [2021 Disabled],member-months,Source member months before blank / -11 replacement.,cohort_field,SAS cohort inputs,,,Missing whole source year remains unavailable; do not fabricate member months or dollars. Use each record before aggregation.
2039,SAS Raw PAID_TRUNC annualized [2021 Disabled],USD/person-year,Source annualized truncated expenditure rate; not PMPM.,cohort_field,SAS cohort inputs,,,Missing whole source year remains unavailable; do not fabricate member months or dollars. Use each record before aggregation.
2040,SAS Raw risk V24 [2021 Disabled],risk score,Source V24 risk score if supplied; missing remains unavailable.,cohort_field,SAS cohort inputs,,,Missing whole source year remains unavailable; do not fabricate member months or dollars. Use each record before aggregation.
2041,SAS Raw risk V28 [2021 Disabled],risk score,Source generic V28 risk score from cohort RSK_V28; ESRD model risk is a separate field.,cohort_field,SAS cohort inputs,,,Missing whole source year remains unavailable; do not fabricate member months or dollars. Use each record before aggregation.
2042,SAS Treated member months [2021 Disabled],member-months,Existing source record: blank member months = 3; -11 member months = 8. Missing year is not fabricated.,cohort_field,SAS cohort inputs,,,Missing whole source year remains unavailable; do not fabricate member months or dollars. Use each record before aggregation.
2043,SAS Treated beneficiaries [2021 Disabled],beneficiaries,Use observed beneficiary count; apply approved imputation to missing or suppressed count. See intake rules for year-specific exposure divisor.,cohort_field,SAS cohort inputs,,,Missing whole source year remains unavailable; do not fabricate member months or dollars. Use each record before aggregation.
2044,SAS Treated PAID_TRUNC annualized [2021 Disabled],USD/person-year,Annualized truncated expenditure after blank-dollar replacement on existing records.,cohort_field,SAS cohort inputs,,,Missing whole source year remains unavailable; do not fabricate member months or dollars. Use each record before aggregation.
2045,SAS Paid numerator [2021 Disabled],USD,"Annualized truncated expenditure multiplied by treated member months / 12, including 2026.",cohort_field,SAS cohort inputs,,,Missing whole source year remains unavailable; do not fabricate member months or dollars. Use each record before aggregation.
2046,SAS Risk V24 numerator [2021 Disabled],risk-score × member-months,Source V24 risk multiplied by treated member months; preserve missing-risk semantics.,cohort_field,SAS cohort inputs,,,Missing whole source year remains unavailable; do not fabricate member months or dollars. Use each record before aggregation.
2047,SAS Risk V28 numerator [2021 Disabled],risk-score × member-months,Source generic V28 risk multiplied by treated member months; preserve missing-risk semantics.,cohort_field,SAS cohort inputs,,,Missing whole source year remains unavailable; do not fabricate member months or dollars. Use each record before aggregation.
2048,SAS Beneficiary status [2021 Disabled],text,Observed / approved imputation / missing-source status.,cohort_field,SAS cohort inputs,,,Missing whole source year remains unavailable; do not fabricate member months or dollars. Use each record before aggregation.
2049,SAS MM status [2021 Disabled],text,Observed / blank to 3 / -11 to 8 / missing-source status.,cohort_field,SAS cohort inputs,,,Missing whole source year remains unavailable; do not fabricate member months or dollars. Use each record before aggregation.
2050,SAS Raw beneficiaries [2021 Aged dual],beneficiaries,Source beneficiary count before any approved replacement.,cohort_field,SAS cohort inputs,,,Missing whole source year remains unavailable; do not fabricate member months or dollars. Use each record before aggregation.
2051,SAS Raw member months [2021 Aged dual],member-months,Source member months before blank / -11 replacement.,cohort_field,SAS cohort inputs,,,Missing whole source year remains unavailable; do not fabricate member months or dollars. Use each record before aggregation.
2052,SAS Raw PAID_TRUNC annualized [2021 Aged dual],USD/person-year,Source annualized truncated expenditure rate; not PMPM.,cohort_field,SAS cohort inputs,,,Missing whole source year remains unavailable; do not fabricate member months or dollars. Use each record before aggregation.
2053,SAS Raw risk V24 [2021 Aged dual],risk score,Source V24 risk score if supplied; missing remains unavailable.,cohort_field,SAS cohort inputs,,,Missing whole source year remains unavailable; do not fabricate member months or dollars. Use each record before aggregation.
2054,SAS Raw risk V28 [2021 Aged dual],risk score,Source generic V28 risk score from cohort RSK_V28; ESRD model risk is a separate field.,cohort_field,SAS cohort inputs,,,Missing whole source year remains unavailable; do not fabricate member months or dollars. Use each record before aggregation.
2055,SAS Treated member months [2021 Aged dual],member-months,Existing source record: blank member months = 3; -11 member months = 8. Missing year is not fabricated.,cohort_field,SAS cohort inputs,,,Missing whole source year remains unavailable; do not fabricate member months or dollars. Use each record before aggregation.
2056,SAS Treated beneficiaries [2021 Aged dual],beneficiaries,Use observed beneficiary count; apply approved imputation to missing or suppressed count. See intake rules for year-specific exposure divisor.,cohort_field,SAS cohort inputs,,,Missing whole source year remains unavailable; do not fabricate member months or dollars. Use each record before aggregation.
2057,SAS Treated PAID_TRUNC annualized [2021 Aged dual],USD/person-year,Annualized truncated expenditure after blank-dollar replacement on existing records.,cohort_field,SAS cohort inputs,,,Missing whole source year remains unavailable; do not fabricate member months or dollars. Use each record before aggregation.
2058,SAS Paid numerator [2021 Aged dual],USD,"Annualized truncated expenditure multiplied by treated member months / 12, including 2026.",cohort_field,SAS cohort inputs,,,Missing whole source year remains unavailable; do not fabricate member months or dollars. Use each record before aggregation.
2059,SAS Risk V24 numerator [2021 Aged dual],risk-score × member-months,Source V24 risk multiplied by treated member months; preserve missing-risk semantics.,cohort_field,SAS cohort inputs,,,Missing whole source year remains unavailable; do not fabricate member months or dollars. Use each record before aggregation.
2060,SAS Risk V28 numerator [2021 Aged dual],risk-score × member-months,Source generic V28 risk multiplied by treated member months; preserve missing-risk semantics.,cohort_field,SAS cohort inputs,,,Missing whole source year remains unavailable; do not fabricate member months or dollars. Use each record before aggregation.
2061,SAS Beneficiary status [2021 Aged dual],text,Observed / approved imputation / missing-source status.,cohort_field,SAS cohort inputs,,,Missing whole source year remains unavailable; do not fabricate member months or dollars. Use each record before aggregation.
2062,SAS MM status [2021 Aged dual],text,Observed / blank to 3 / -11 to 8 / missing-source status.,cohort_field,SAS cohort inputs,,,Missing whole source year remains unavailable; do not fabricate member months or dollars. Use each record before aggregation.
2063,SAS Raw beneficiaries [2021 Aged nondual],beneficiaries,Source beneficiary count before any approved replacement.,cohort_field,SAS cohort inputs,,,Missing whole source year remains unavailable; do not fabricate member months or dollars. Use each record before aggregation.
2064,SAS Raw member months [2021 Aged nondual],member-months,Source member months before blank / -11 replacement.,cohort_field,SAS cohort inputs,,,Missing whole source year remains unavailable; do not fabricate member months or dollars. Use each record before aggregation.
2065,SAS Raw PAID_TRUNC annualized [2021 Aged nondual],USD/person-year,Source annualized truncated expenditure rate; not PMPM.,cohort_field,SAS cohort inputs,,,Missing whole source year remains unavailable; do not fabricate member months or dollars. Use each record before aggregation.
2066,SAS Raw risk V24 [2021 Aged nondual],risk score,Source V24 risk score if supplied; missing remains unavailable.,cohort_field,SAS cohort inputs,,,Missing whole source year remains unavailable; do not fabricate member months or dollars. Use each record before aggregation.
2067,SAS Raw risk V28 [2021 Aged nondual],risk score,Source generic V28 risk score from cohort RSK_V28; ESRD model risk is a separate field.,cohort_field,SAS cohort inputs,,,Missing whole source year remains unavailable; do not fabricate member months or dollars. Use each record before aggregation.
2068,SAS Treated member months [2021 Aged nondual],member-months,Existing source record: blank member months = 3; -11 member months = 8. Missing year is not fabricated.,cohort_field,SAS cohort inputs,,,Missing whole source year remains unavailable; do not fabricate member months or dollars. Use each record before aggregation.
2069,SAS Treated beneficiaries [2021 Aged nondual],beneficiaries,Use observed beneficiary count; apply approved imputation to missing or suppressed count. See intake rules for year-specific exposure divisor.,cohort_field,SAS cohort inputs,,,Missing whole source year remains unavailable; do not fabricate member months or dollars. Use each record before aggregation.
2070,SAS Treated PAID_TRUNC annualized [2021 Aged nondual],USD/person-year,Annualized truncated expenditure after blank-dollar replacement on existing records.,cohort_field,SAS cohort inputs,,,Missing whole source year remains unavailable; do not fabricate member months or dollars. Use each record before aggregation.
2071,SAS Paid numerator [2021 Aged nondual],USD,"Annualized truncated expenditure multiplied by treated member months / 12, including 2026.",cohort_field,SAS cohort inputs,,,Missing whole source year remains unavailable; do not fabricate member months or dollars. Use each record before aggregation.
2072,SAS Risk V24 numerator [2021 Aged nondual],risk-score × member-months,Source V24 risk multiplied by treated member months; preserve missing-risk semantics.,cohort_field,SAS cohort inputs,,,Missing whole source year remains unavailable; do not fabricate member months or dollars. Use each record before aggregation.
2073,SAS Risk V28 numerator [2021 Aged nondual],risk-score × member-months,Source generic V28 risk multiplied by treated member months; preserve missing-risk semantics.,cohort_field,SAS cohort inputs,,,Missing whole source year remains unavailable; do not fabricate member months or dollars. Use each record before aggregation.
2074,SAS Beneficiary status [2021 Aged nondual],text,Observed / approved imputation / missing-source status.,cohort_field,SAS cohort inputs,,,Missing whole source year remains unavailable; do not fabricate member months or dollars. Use each record before aggregation.
2075,SAS MM status [2021 Aged nondual],text,Observed / blank to 3 / -11 to 8 / missing-source status.,cohort_field,SAS cohort inputs,,,Missing whole source year remains unavailable; do not fabricate member months or dollars. Use each record before aggregation.
2076,SAS Raw beneficiaries [2022 ESRD],beneficiaries,Source beneficiary count before any approved replacement.,cohort_field,SAS cohort inputs,,,Missing whole source year remains unavailable; do not fabricate member months or dollars. Use each record before aggregation.
2077,SAS Raw member months [2022 ESRD],member-months,Source member months before blank / -11 replacement.,cohort_field,SAS cohort inputs,,,Missing whole source year remains unavailable; do not fabricate member months or dollars. Use each record before aggregation.
2078,SAS Raw PAID_TRUNC annualized [2022 ESRD],USD/person-year,Source annualized truncated expenditure rate; not PMPM.,cohort_field,SAS cohort inputs,,,Missing whole source year remains unavailable; do not fabricate member months or dollars. Use each record before aggregation.
2079,SAS Raw risk V24 [2022 ESRD],risk score,Source V24 risk score if supplied; missing remains unavailable.,cohort_field,SAS cohort inputs,,,Missing whole source year remains unavailable; do not fabricate member months or dollars. Use each record before aggregation.
2080,SAS Raw risk V28 [2022 ESRD],risk score,Source generic V28 risk score from cohort RSK_V28; ESRD model risk is a separate field.,cohort_field,SAS cohort inputs,,,Missing whole source year remains unavailable; do not fabricate member months or dollars. Use each record before aggregation.
2081,SAS Treated member months [2022 ESRD],member-months,Existing source record: blank member months = 3; -11 member months = 8. Missing year is not fabricated.,cohort_field,SAS cohort inputs,,,Missing whole source year remains unavailable; do not fabricate member months or dollars. Use each record before aggregation.
2082,SAS Treated beneficiaries [2022 ESRD],beneficiaries,Use observed beneficiary count; apply approved imputation to missing or suppressed count. See intake rules for year-specific exposure divisor.,cohort_field,SAS cohort inputs,,,Missing whole source year remains unavailable; do not fabricate member months or dollars. Use each record before aggregation.
2083,SAS Treated PAID_TRUNC annualized [2022 ESRD],USD/person-year,Annualized truncated expenditure after blank-dollar replacement on existing records.,cohort_field,SAS cohort inputs,,,Missing whole source year remains unavailable; do not fabricate member months or dollars. Use each record before aggregation.
2084,SAS Paid numerator [2022 ESRD],USD,"Annualized truncated expenditure multiplied by treated member months / 12, including 2026.",cohort_field,SAS cohort inputs,,,Missing whole source year remains unavailable; do not fabricate member months or dollars. Use each record before aggregation.
2085,SAS Risk V24 numerator [2022 ESRD],risk-score × member-months,Source V24 risk multiplied by treated member months; preserve missing-risk semantics.,cohort_field,SAS cohort inputs,,,Missing whole source year remains unavailable; do not fabricate member months or dollars. Use each record before aggregation.
2086,SAS Risk V28 numerator [2022 ESRD],risk-score × member-months,Source generic V28 risk multiplied by treated member months; preserve missing-risk semantics.,cohort_field,SAS cohort inputs,,,Missing whole source year remains unavailable; do not fabricate member months or dollars. Use each record before aggregation.
2087,SAS Beneficiary status [2022 ESRD],text,Observed / approved imputation / missing-source status.,cohort_field,SAS cohort inputs,,,Missing whole source year remains unavailable; do not fabricate member months or dollars. Use each record before aggregation.
2088,SAS MM status [2022 ESRD],text,Observed / blank to 3 / -11 to 8 / missing-source status.,cohort_field,SAS cohort inputs,,,Missing whole source year remains unavailable; do not fabricate member months or dollars. Use each record before aggregation.
2089,SAS Raw ESRD model risk [2022 ESRD],risk score,Source ESRD_RISK_ACTUAL. Used by the ESRD risk model; distinct from the generic ESRD_RSK_V28 score.,cohort_field,SAS cohort inputs,,,Missing whole source year remains unavailable; do not fabricate member months or dollars. Use each record before aggregation.
2090,SAS ESRD model risk numerator [2022 ESRD],risk-score × member-months,ESRD_RISK_ACTUAL multiplied by treated member months. Feeds provider ESRD_RISK_V28 workbook header and national ESRD_RISK header; provider header is misleading.,cohort_field,SAS cohort inputs,,,Missing whole source year remains unavailable; do not fabricate member months or dollars. Use each record before aggregation.
2091,SAS Raw beneficiaries [2022 Disabled],beneficiaries,Source beneficiary count before any approved replacement.,cohort_field,SAS cohort inputs,,,Missing whole source year remains unavailable; do not fabricate member months or dollars. Use each record before aggregation.
2092,SAS Raw member months [2022 Disabled],member-months,Source member months before blank / -11 replacement.,cohort_field,SAS cohort inputs,,,Missing whole source year remains unavailable; do not fabricate member months or dollars. Use each record before aggregation.
2093,SAS Raw PAID_TRUNC annualized [2022 Disabled],USD/person-year,Source annualized truncated expenditure rate; not PMPM.,cohort_field,SAS cohort inputs,,,Missing whole source year remains unavailable; do not fabricate member months or dollars. Use each record before aggregation.
2094,SAS Raw risk V24 [2022 Disabled],risk score,Source V24 risk score if supplied; missing remains unavailable.,cohort_field,SAS cohort inputs,,,Missing whole source year remains unavailable; do not fabricate member months or dollars. Use each record before aggregation.
2095,SAS Raw risk V28 [2022 Disabled],risk score,Source generic V28 risk score from cohort RSK_V28; ESRD model risk is a separate field.,cohort_field,SAS cohort inputs,,,Missing whole source year remains unavailable; do not fabricate member months or dollars. Use each record before aggregation.
2096,SAS Treated member months [2022 Disabled],member-months,Existing source record: blank member months = 3; -11 member months = 8. Missing year is not fabricated.,cohort_field,SAS cohort inputs,,,Missing whole source year remains unavailable; do not fabricate member months or dollars. Use each record before aggregation.
2097,SAS Treated beneficiaries [2022 Disabled],beneficiaries,Use observed beneficiary count; apply approved imputation to missing or suppressed count. See intake rules for year-specific exposure divisor.,cohort_field,SAS cohort inputs,,,Missing whole source year remains unavailable; do not fabricate member months or dollars. Use each record before aggregation.
2098,SAS Treated PAID_TRUNC annualized [2022 Disabled],USD/person-year,Annualized truncated expenditure after blank-dollar replacement on existing records.,cohort_field,SAS cohort inputs,,,Missing whole source year remains unavailable; do not fabricate member months or dollars. Use each record before aggregation.
2099,SAS Paid numerator [2022 Disabled],USD,"Annualized truncated expenditure multiplied by treated member months / 12, including 2026.",cohort_field,SAS cohort inputs,,,Missing whole source year remains unavailable; do not fabricate member months or dollars. Use each record before aggregation.
2100,SAS Risk V24 numerator [2022 Disabled],risk-score × member-months,Source V24 risk multiplied by treated member months; preserve missing-risk semantics.,cohort_field,SAS cohort inputs,,,Missing whole source year remains unavailable; do not fabricate member months or dollars. Use each record before aggregation.
2101,SAS Risk V28 numerator [2022 Disabled],risk-score × member-months,Source generic V28 risk multiplied by treated member months; preserve missing-risk semantics.,cohort_field,SAS cohort inputs,,,Missing whole source year remains unavailable; do not fabricate member months or dollars. Use each record before aggregation.
2102,SAS Beneficiary status [2022 Disabled],text,Observed / approved imputation / missing-source status.,cohort_field,SAS cohort inputs,,,Missing whole source year remains unavailable; do not fabricate member months or dollars. Use each record before aggregation.
2103,SAS MM status [2022 Disabled],text,Observed / blank to 3 / -11 to 8 / missing-source status.,cohort_field,SAS cohort inputs,,,Missing whole source year remains unavailable; do not fabricate member months or dollars. Use each record before aggregation.
2104,SAS Raw beneficiaries [2022 Aged dual],beneficiaries,Source beneficiary count before any approved replacement.,cohort_field,SAS cohort inputs,,,Missing whole source year remains unavailable; do not fabricate member months or dollars. Use each record before aggregation.
2105,SAS Raw member months [2022 Aged dual],member-months,Source member months before blank / -11 replacement.,cohort_field,SAS cohort inputs,,,Missing whole source year remains unavailable; do not fabricate member months or dollars. Use each record before aggregation.
2106,SAS Raw PAID_TRUNC annualized [2022 Aged dual],USD/person-year,Source annualized truncated expenditure rate; not PMPM.,cohort_field,SAS cohort inputs,,,Missing whole source year remains unavailable; do not fabricate member months or dollars. Use each record before aggregation.
2107,SAS Raw risk V24 [2022 Aged dual],risk score,Source V24 risk score if supplied; missing remains unavailable.,cohort_field,SAS cohort inputs,,,Missing whole source year remains unavailable; do not fabricate member months or dollars. Use each record before aggregation.
2108,SAS Raw risk V28 [2022 Aged dual],risk score,Source generic V28 risk score from cohort RSK_V28; ESRD model risk is a separate field.,cohort_field,SAS cohort inputs,,,Missing whole source year remains unavailable; do not fabricate member months or dollars. Use each record before aggregation.
2109,SAS Treated member months [2022 Aged dual],member-months,Existing source record: blank member months = 3; -11 member months = 8. Missing year is not fabricated.,cohort_field,SAS cohort inputs,,,Missing whole source year remains unavailable; do not fabricate member months or dollars. Use each record before aggregation.
2110,SAS Treated beneficiaries [2022 Aged dual],beneficiaries,Use observed beneficiary count; apply approved imputation to missing or suppressed count. See intake rules for year-specific exposure divisor.,cohort_field,SAS cohort inputs,,,Missing whole source year remains unavailable; do not fabricate member months or dollars. Use each record before aggregation.
2111,SAS Treated PAID_TRUNC annualized [2022 Aged dual],USD/person-year,Annualized truncated expenditure after blank-dollar replacement on existing records.,cohort_field,SAS cohort inputs,,,Missing whole source year remains unavailable; do not fabricate member months or dollars. Use each record before aggregation.
2112,SAS Paid numerator [2022 Aged dual],USD,"Annualized truncated expenditure multiplied by treated member months / 12, including 2026.",cohort_field,SAS cohort inputs,,,Missing whole source year remains unavailable; do not fabricate member months or dollars. Use each record before aggregation.
2113,SAS Risk V24 numerator [2022 Aged dual],risk-score × member-months,Source V24 risk multiplied by treated member months; preserve missing-risk semantics.,cohort_field,SAS cohort inputs,,,Missing whole source year remains unavailable; do not fabricate member months or dollars. Use each record before aggregation.
2114,SAS Risk V28 numerator [2022 Aged dual],risk-score × member-months,Source generic V28 risk multiplied by treated member months; preserve missing-risk semantics.,cohort_field,SAS cohort inputs,,,Missing whole source year remains unavailable; do not fabricate member months or dollars. Use each record before aggregation.
2115,SAS Beneficiary status [2022 Aged dual],text,Observed / approved imputation / missing-source status.,cohort_field,SAS cohort inputs,,,Missing whole source year remains unavailable; do not fabricate member months or dollars. Use each record before aggregation.
2116,SAS MM status [2022 Aged dual],text,Observed / blank to 3 / -11 to 8 / missing-source status.,cohort_field,SAS cohort inputs,,,Missing whole source year remains unavailable; do not fabricate member months or dollars. Use each record before aggregation.
2117,SAS Raw beneficiaries [2022 Aged nondual],beneficiaries,Source beneficiary count before any approved replacement.,cohort_field,SAS cohort inputs,,,Missing whole source year remains unavailable; do not fabricate member months or dollars. Use each record before aggregation.
2118,SAS Raw member months [2022 Aged nondual],member-months,Source member months before blank / -11 replacement.,cohort_field,SAS cohort inputs,,,Missing whole source year remains unavailable; do not fabricate member months or dollars. Use each record before aggregation.
2119,SAS Raw PAID_TRUNC annualized [2022 Aged nondual],USD/person-year,Source annualized truncated expenditure rate; not PMPM.,cohort_field,SAS cohort inputs,,,Missing whole source year remains unavailable; do not fabricate member months or dollars. Use each record before aggregation.
2120,SAS Raw risk V24 [2022 Aged nondual],risk score,Source V24 risk score if supplied; missing remains unavailable.,cohort_field,SAS cohort inputs,,,Missing whole source year remains unavailable; do not fabricate member months or dollars. Use each record before aggregation.
2121,SAS Raw risk V28 [2022 Aged nondual],risk score,Source generic V28 risk score from cohort RSK_V28; ESRD model risk is a separate field.,cohort_field,SAS cohort inputs,,,Missing whole source year remains unavailable; do not fabricate member months or dollars. Use each record before aggregation.
2122,SAS Treated member months [2022 Aged nondual],member-months,Existing source record: blank member months = 3; -11 member months = 8. Missing year is not fabricated.,cohort_field,SAS cohort inputs,,,Missing whole source year remains unavailable; do not fabricate member months or dollars. Use each record before aggregation.
2123,SAS Treated beneficiaries [2022 Aged nondual],beneficiaries,Use observed beneficiary count; apply approved imputation to missing or suppressed count. See intake rules for year-specific exposure divisor.,cohort_field,SAS cohort inputs,,,Missing whole source year remains unavailable; do not fabricate member months or dollars. Use each record before aggregation.
2124,SAS Treated PAID_TRUNC annualized [2022 Aged nondual],USD/person-year,Annualized truncated expenditure after blank-dollar replacement on existing records.,cohort_field,SAS cohort inputs,,,Missing whole source year remains unavailable; do not fabricate member months or dollars. Use each record before aggregation.
2125,SAS Paid numerator [2022 Aged nondual],USD,"Annualized truncated expenditure multiplied by treated member months / 12, including 2026.",cohort_field,SAS cohort inputs,,,Missing whole source year remains unavailable; do not fabricate member months or dollars. Use each record before aggregation.
2126,SAS Risk V24 numerator [2022 Aged nondual],risk-score × member-months,Source V24 risk multiplied by treated member months; preserve missing-risk semantics.,cohort_field,SAS cohort inputs,,,Missing whole source year remains unavailable; do not fabricate member months or dollars. Use each record before aggregation.
2127,SAS Risk V28 numerator [2022 Aged nondual],risk-score × member-months,Source generic V28 risk multiplied by treated member months; preserve missing-risk semantics.,cohort_field,SAS cohort inputs,,,Missing whole source year remains unavailable; do not fabricate member months or dollars. Use each record before aggregation.
2128,SAS Beneficiary status [2022 Aged nondual],text,Observed / approved imputation / missing-source status.,cohort_field,SAS cohort inputs,,,Missing whole source year remains unavailable; do not fabricate member months or dollars. Use each record before aggregation.
2129,SAS MM status [2022 Aged nondual],text,Observed / blank to 3 / -11 to 8 / missing-source status.,cohort_field,SAS cohort inputs,,,Missing whole source year remains unavailable; do not fabricate member months or dollars. Use each record before aggregation.
2130,SAS Raw beneficiaries [2023 ESRD],beneficiaries,Source beneficiary count before any approved replacement.,cohort_field,SAS cohort inputs,,,Missing whole source year remains unavailable; do not fabricate member months or dollars. Use each record before aggregation.
2131,SAS Raw member months [2023 ESRD],member-months,Source member months before blank / -11 replacement.,cohort_field,SAS cohort inputs,,,Missing whole source year remains unavailable; do not fabricate member months or dollars. Use each record before aggregation.
2132,SAS Raw PAID_TRUNC annualized [2023 ESRD],USD/person-year,Source annualized truncated expenditure rate; not PMPM.,cohort_field,SAS cohort inputs,,,Missing whole source year remains unavailable; do not fabricate member months or dollars. Use each record before aggregation.
2133,SAS Raw risk V24 [2023 ESRD],risk score,Source V24 risk score if supplied; missing remains unavailable.,cohort_field,SAS cohort inputs,,,Missing whole source year remains unavailable; do not fabricate member months or dollars. Use each record before aggregation.
2134,SAS Raw risk V28 [2023 ESRD],risk score,Source generic V28 risk score from cohort RSK_V28; ESRD model risk is a separate field.,cohort_field,SAS cohort inputs,,,Missing whole source year remains unavailable; do not fabricate member months or dollars. Use each record before aggregation.
2135,SAS Treated member months [2023 ESRD],member-months,Existing source record: blank member months = 3; -11 member months = 8. Missing year is not fabricated.,cohort_field,SAS cohort inputs,,,Missing whole source year remains unavailable; do not fabricate member months or dollars. Use each record before aggregation.
2136,SAS Treated beneficiaries [2023 ESRD],beneficiaries,Use observed beneficiary count; apply approved imputation to missing or suppressed count. See intake rules for year-specific exposure divisor.,cohort_field,SAS cohort inputs,,,Missing whole source year remains unavailable; do not fabricate member months or dollars. Use each record before aggregation.
2137,SAS Treated PAID_TRUNC annualized [2023 ESRD],USD/person-year,Annualized truncated expenditure after blank-dollar replacement on existing records.,cohort_field,SAS cohort inputs,,,Missing whole source year remains unavailable; do not fabricate member months or dollars. Use each record before aggregation.
2138,SAS Paid numerator [2023 ESRD],USD,"Annualized truncated expenditure multiplied by treated member months / 12, including 2026.",cohort_field,SAS cohort inputs,,,Missing whole source year remains unavailable; do not fabricate member months or dollars. Use each record before aggregation.
2139,SAS Risk V24 numerator [2023 ESRD],risk-score × member-months,Source V24 risk multiplied by treated member months; preserve missing-risk semantics.,cohort_field,SAS cohort inputs,,,Missing whole source year remains unavailable; do not fabricate member months or dollars. Use each record before aggregation.
2140,SAS Risk V28 numerator [2023 ESRD],risk-score × member-months,Source generic V28 risk multiplied by treated member months; preserve missing-risk semantics.,cohort_field,SAS cohort inputs,,,Missing whole source year remains unavailable; do not fabricate member months or dollars. Use each record before aggregation.
2141,SAS Beneficiary status [2023 ESRD],text,Observed / approved imputation / missing-source status.,cohort_field,SAS cohort inputs,,,Missing whole source year remains unavailable; do not fabricate member months or dollars. Use each record before aggregation.
2142,SAS MM status [2023 ESRD],text,Observed / blank to 3 / -11 to 8 / missing-source status.,cohort_field,SAS cohort inputs,,,Missing whole source year remains unavailable; do not fabricate member months or dollars. Use each record before aggregation.
2143,SAS Raw ESRD model risk [2023 ESRD],risk score,Source ESRD_RISK_ACTUAL. Used by the ESRD risk model; distinct from the generic ESRD_RSK_V28 score.,cohort_field,SAS cohort inputs,,,Missing whole source year remains unavailable; do not fabricate member months or dollars. Use each record before aggregation.
2144,SAS ESRD model risk numerator [2023 ESRD],risk-score × member-months,ESRD_RISK_ACTUAL multiplied by treated member months. Feeds provider ESRD_RISK_V28 workbook header and national ESRD_RISK header; provider header is misleading.,cohort_field,SAS cohort inputs,,,Missing whole source year remains unavailable; do not fabricate member months or dollars. Use each record before aggregation.
2145,SAS Raw beneficiaries [2023 Disabled],beneficiaries,Source beneficiary count before any approved replacement.,cohort_field,SAS cohort inputs,,,Missing whole source year remains unavailable; do not fabricate member months or dollars. Use each record before aggregation.
2146,SAS Raw member months [2023 Disabled],member-months,Source member months before blank / -11 replacement.,cohort_field,SAS cohort inputs,,,Missing whole source year remains unavailable; do not fabricate member months or dollars. Use each record before aggregation.
2147,SAS Raw PAID_TRUNC annualized [2023 Disabled],USD/person-year,Source annualized truncated expenditure rate; not PMPM.,cohort_field,SAS cohort inputs,,,Missing whole source year remains unavailable; do not fabricate member months or dollars. Use each record before aggregation.
2148,SAS Raw risk V24 [2023 Disabled],risk score,Source V24 risk score if supplied; missing remains unavailable.,cohort_field,SAS cohort inputs,,,Missing whole source year remains unavailable; do not fabricate member months or dollars. Use each record before aggregation.
2149,SAS Raw risk V28 [2023 Disabled],risk score,Source generic V28 risk score from cohort RSK_V28; ESRD model risk is a separate field.,cohort_field,SAS cohort inputs,,,Missing whole source year remains unavailable; do not fabricate member months or dollars. Use each record before aggregation.
2150,SAS Treated member months [2023 Disabled],member-months,Existing source record: blank member months = 3; -11 member months = 8. Missing year is not fabricated.,cohort_field,SAS cohort inputs,,,Missing whole source year remains unavailable; do not fabricate member months or dollars. Use each record before aggregation.
2151,SAS Treated beneficiaries [2023 Disabled],beneficiaries,Use observed beneficiary count; apply approved imputation to missing or suppressed count. See intake rules for year-specific exposure divisor.,cohort_field,SAS cohort inputs,,,Missing whole source year remains unavailable; do not fabricate member months or dollars. Use each record before aggregation.
2152,SAS Treated PAID_TRUNC annualized [2023 Disabled],USD/person-year,Annualized truncated expenditure after blank-dollar replacement on existing records.,cohort_field,SAS cohort inputs,,,Missing whole source year remains unavailable; do not fabricate member months or dollars. Use each record before aggregation.
2153,SAS Paid numerator [2023 Disabled],USD,"Annualized truncated expenditure multiplied by treated member months / 12, including 2026.",cohort_field,SAS cohort inputs,,,Missing whole source year remains unavailable; do not fabricate member months or dollars. Use each record before aggregation.
2154,SAS Risk V24 numerator [2023 Disabled],risk-score × member-months,Source V24 risk multiplied by treated member months; preserve missing-risk semantics.,cohort_field,SAS cohort inputs,,,Missing whole source year remains unavailable; do not fabricate member months or dollars. Use each record before aggregation.
2155,SAS Risk V28 numerator [2023 Disabled],risk-score × member-months,Source generic V28 risk multiplied by treated member months; preserve missing-risk semantics.,cohort_field,SAS cohort inputs,,,Missing whole source year remains unavailable; do not fabricate member months or dollars. Use each record before aggregation.
2156,SAS Beneficiary status [2023 Disabled],text,Observed / approved imputation / missing-source status.,cohort_field,SAS cohort inputs,,,Missing whole source year remains unavailable; do not fabricate member months or dollars. Use each record before aggregation.
2157,SAS MM status [2023 Disabled],text,Observed / blank to 3 / -11 to 8 / missing-source status.,cohort_field,SAS cohort inputs,,,Missing whole source year remains unavailable; do not fabricate member months or dollars. Use each record before aggregation.
2158,SAS Raw beneficiaries [2023 Aged dual],beneficiaries,Source beneficiary count before any approved replacement.,cohort_field,SAS cohort inputs,,,Missing whole source year remains unavailable; do not fabricate member months or dollars. Use each record before aggregation.
2159,SAS Raw member months [2023 Aged dual],member-months,Source member months before blank / -11 replacement.,cohort_field,SAS cohort inputs,,,Missing whole source year remains unavailable; do not fabricate member months or dollars. Use each record before aggregation.
2160,SAS Raw PAID_TRUNC annualized [2023 Aged dual],USD/person-year,Source annualized truncated expenditure rate; not PMPM.,cohort_field,SAS cohort inputs,,,Missing whole source year remains unavailable; do not fabricate member months or dollars. Use each record before aggregation.
2161,SAS Raw risk V24 [2023 Aged dual],risk score,Source V24 risk score if supplied; missing remains unavailable.,cohort_field,SAS cohort inputs,,,Missing whole source year remains unavailable; do not fabricate member months or dollars. Use each record before aggregation.
2162,SAS Raw risk V28 [2023 Aged dual],risk score,Source generic V28 risk score from cohort RSK_V28; ESRD model risk is a separate field.,cohort_field,SAS cohort inputs,,,Missing whole source year remains unavailable; do not fabricate member months or dollars. Use each record before aggregation.
2163,SAS Treated member months [2023 Aged dual],member-months,Existing source record: blank member months = 3; -11 member months = 8. Missing year is not fabricated.,cohort_field,SAS cohort inputs,,,Missing whole source year remains unavailable; do not fabricate member months or dollars. Use each record before aggregation.
2164,SAS Treated beneficiaries [2023 Aged dual],beneficiaries,Use observed beneficiary count; apply approved imputation to missing or suppressed count. See intake rules for year-specific exposure divisor.,cohort_field,SAS cohort inputs,,,Missing whole source year remains unavailable; do not fabricate member months or dollars. Use each record before aggregation.
2165,SAS Treated PAID_TRUNC annualized [2023 Aged dual],USD/person-year,Annualized truncated expenditure after blank-dollar replacement on existing records.,cohort_field,SAS cohort inputs,,,Missing whole source year remains unavailable; do not fabricate member months or dollars. Use each record before aggregation.
2166,SAS Paid numerator [2023 Aged dual],USD,"Annualized truncated expenditure multiplied by treated member months / 12, including 2026.",cohort_field,SAS cohort inputs,,,Missing whole source year remains unavailable; do not fabricate member months or dollars. Use each record before aggregation.
2167,SAS Risk V24 numerator [2023 Aged dual],risk-score × member-months,Source V24 risk multiplied by treated member months; preserve missing-risk semantics.,cohort_field,SAS cohort inputs,,,Missing whole source year remains unavailable; do not fabricate member months or dollars. Use each record before aggregation.
2168,SAS Risk V28 numerator [2023 Aged dual],risk-score × member-months,Source generic V28 risk multiplied by treated member months; preserve missing-risk semantics.,cohort_field,SAS cohort inputs,,,Missing whole source year remains unavailable; do not fabricate member months or dollars. Use each record before aggregation.
2169,SAS Beneficiary status [2023 Aged dual],text,Observed / approved imputation / missing-source status.,cohort_field,SAS cohort inputs,,,Missing whole source year remains unavailable; do not fabricate member months or dollars. Use each record before aggregation.
2170,SAS MM status [2023 Aged dual],text,Observed / blank to 3 / -11 to 8 / missing-source status.,cohort_field,SAS cohort inputs,,,Missing whole source year remains unavailable; do not fabricate member months or dollars. Use each record before aggregation.
2171,SAS Raw beneficiaries [2023 Aged nondual],beneficiaries,Source beneficiary count before any approved replacement.,cohort_field,SAS cohort inputs,,,Missing whole source year remains unavailable; do not fabricate member months or dollars. Use each record before aggregation.
2172,SAS Raw member months [2023 Aged nondual],member-months,Source member months before blank / -11 replacement.,cohort_field,SAS cohort inputs,,,Missing whole source year remains unavailable; do not fabricate member months or dollars. Use each record before aggregation.
2173,SAS Raw PAID_TRUNC annualized [2023 Aged nondual],USD/person-year,Source annualized truncated expenditure rate; not PMPM.,cohort_field,SAS cohort inputs,,,Missing whole source year remains unavailable; do not fabricate member months or dollars. Use each record before aggregation.
2174,SAS Raw risk V24 [2023 Aged nondual],risk score,Source V24 risk score if supplied; missing remains unavailable.,cohort_field,SAS cohort inputs,,,Missing whole source year remains unavailable; do not fabricate member months or dollars. Use each record before aggregation.
2175,SAS Raw risk V28 [2023 Aged nondual],risk score,Source generic V28 risk score from cohort RSK_V28; ESRD model risk is a separate field.,cohort_field,SAS cohort inputs,,,Missing whole source year remains unavailable; do not fabricate member months or dollars. Use each record before aggregation.
2176,SAS Treated member months [2023 Aged nondual],member-months,Existing source record: blank member months = 3; -11 member months = 8. Missing year is not fabricated.,cohort_field,SAS cohort inputs,,,Missing whole source year remains unavailable; do not fabricate member months or dollars. Use each record before aggregation.
2177,SAS Treated beneficiaries [2023 Aged nondual],beneficiaries,Use observed beneficiary count; apply approved imputation to missing or suppressed count. See intake rules for year-specific exposure divisor.,cohort_field,SAS cohort inputs,,,Missing whole source year remains unavailable; do not fabricate member months or dollars. Use each record before aggregation.
2178,SAS Treated PAID_TRUNC annualized [2023 Aged nondual],USD/person-year,Annualized truncated expenditure after blank-dollar replacement on existing records.,cohort_field,SAS cohort inputs,,,Missing whole source year remains unavailable; do not fabricate member months or dollars. Use each record before aggregation.
2179,SAS Paid numerator [2023 Aged nondual],USD,"Annualized truncated expenditure multiplied by treated member months / 12, including 2026.",cohort_field,SAS cohort inputs,,,Missing whole source year remains unavailable; do not fabricate member months or dollars. Use each record before aggregation.
2180,SAS Risk V24 numerator [2023 Aged nondual],risk-score × member-months,Source V24 risk multiplied by treated member months; preserve missing-risk semantics.,cohort_field,SAS cohort inputs,,,Missing whole source year remains unavailable; do not fabricate member months or dollars. Use each record before aggregation.
2181,SAS Risk V28 numerator [2023 Aged nondual],risk-score × member-months,Source generic V28 risk multiplied by treated member months; preserve missing-risk semantics.,cohort_field,SAS cohort inputs,,,Missing whole source year remains unavailable; do not fabricate member months or dollars. Use each record before aggregation.
2182,SAS Beneficiary status [2023 Aged nondual],text,Observed / approved imputation / missing-source status.,cohort_field,SAS cohort inputs,,,Missing whole source year remains unavailable; do not fabricate member months or dollars. Use each record before aggregation.
2183,SAS MM status [2023 Aged nondual],text,Observed / blank to 3 / -11 to 8 / missing-source status.,cohort_field,SAS cohort inputs,,,Missing whole source year remains unavailable; do not fabricate member months or dollars. Use each record before aggregation.
2184,SAS Raw beneficiaries [2024 ESRD],beneficiaries,Source beneficiary count before any approved replacement.,cohort_field,SAS cohort inputs,,,Missing whole source year remains unavailable; do not fabricate member months or dollars. Use each record before aggregation.
2185,SAS Raw member months [2024 ESRD],member-months,Source member months before blank / -11 replacement.,cohort_field,SAS cohort inputs,,,Missing whole source year remains unavailable; do not fabricate member months or dollars. Use each record before aggregation.
2186,SAS Raw PAID_TRUNC annualized [2024 ESRD],USD/person-year,Source annualized truncated expenditure rate; not PMPM.,cohort_field,SAS cohort inputs,,,Missing whole source year remains unavailable; do not fabricate member months or dollars. Use each record before aggregation.
2187,SAS Raw risk V24 [2024 ESRD],risk score,Source V24 risk score if supplied; missing remains unavailable.,cohort_field,SAS cohort inputs,,,Missing whole source year remains unavailable; do not fabricate member months or dollars. Use each record before aggregation.
2188,SAS Raw risk V28 [2024 ESRD],risk score,Source generic V28 risk score from cohort RSK_V28; ESRD model risk is a separate field.,cohort_field,SAS cohort inputs,,,Missing whole source year remains unavailable; do not fabricate member months or dollars. Use each record before aggregation.
2189,SAS Treated member months [2024 ESRD],member-months,Existing source record: blank member months = 3; -11 member months = 8. Missing year is not fabricated.,cohort_field,SAS cohort inputs,,,Missing whole source year remains unavailable; do not fabricate member months or dollars. Use each record before aggregation.
2190,SAS Treated beneficiaries [2024 ESRD],beneficiaries,Use observed beneficiary count; apply approved imputation to missing or suppressed count. See intake rules for year-specific exposure divisor.,cohort_field,SAS cohort inputs,,,Missing whole source year remains unavailable; do not fabricate member months or dollars. Use each record before aggregation.
2191,SAS Treated PAID_TRUNC annualized [2024 ESRD],USD/person-year,Annualized truncated expenditure after blank-dollar replacement on existing records.,cohort_field,SAS cohort inputs,,,Missing whole source year remains unavailable; do not fabricate member months or dollars. Use each record before aggregation.
2192,SAS Paid numerator [2024 ESRD],USD,"Annualized truncated expenditure multiplied by treated member months / 12, including 2026.",cohort_field,SAS cohort inputs,,,Missing whole source year remains unavailable; do not fabricate member months or dollars. Use each record before aggregation.
2193,SAS Risk V24 numerator [2024 ESRD],risk-score × member-months,Source V24 risk multiplied by treated member months; preserve missing-risk semantics.,cohort_field,SAS cohort inputs,,,Missing whole source year remains unavailable; do not fabricate member months or dollars. Use each record before aggregation.
2194,SAS Risk V28 numerator [2024 ESRD],risk-score × member-months,Source generic V28 risk multiplied by treated member months; preserve missing-risk semantics.,cohort_field,SAS cohort inputs,,,Missing whole source year remains unavailable; do not fabricate member months or dollars. Use each record before aggregation.
2195,SAS Beneficiary status [2024 ESRD],text,Observed / approved imputation / missing-source status.,cohort_field,SAS cohort inputs,,,Missing whole source year remains unavailable; do not fabricate member months or dollars. Use each record before aggregation.
2196,SAS MM status [2024 ESRD],text,Observed / blank to 3 / -11 to 8 / missing-source status.,cohort_field,SAS cohort inputs,,,Missing whole source year remains unavailable; do not fabricate member months or dollars. Use each record before aggregation.
2197,SAS Raw ESRD model risk [2024 ESRD],risk score,Source ESRD_RISK_ACTUAL. Used by the ESRD risk model; distinct from the generic ESRD_RSK_V28 score.,cohort_field,SAS cohort inputs,,,Missing whole source year remains unavailable; do not fabricate member months or dollars. Use each record before aggregation.
2198,SAS ESRD model risk numerator [2024 ESRD],risk-score × member-months,ESRD_RISK_ACTUAL multiplied by treated member months. Feeds provider ESRD_RISK_V28 workbook header and national ESRD_RISK header; provider header is misleading.,cohort_field,SAS cohort inputs,,,Missing whole source year remains unavailable; do not fabricate member months or dollars. Use each record before aggregation.
2199,SAS Raw beneficiaries [2024 Disabled],beneficiaries,Source beneficiary count before any approved replacement.,cohort_field,SAS cohort inputs,,,Missing whole source year remains unavailable; do not fabricate member months or dollars. Use each record before aggregation.
2200,SAS Raw member months [2024 Disabled],member-months,Source member months before blank / -11 replacement.,cohort_field,SAS cohort inputs,,,Missing whole source year remains unavailable; do not fabricate member months or dollars. Use each record before aggregation.
2201,SAS Raw PAID_TRUNC annualized [2024 Disabled],USD/person-year,Source annualized truncated expenditure rate; not PMPM.,cohort_field,SAS cohort inputs,,,Missing whole source year remains unavailable; do not fabricate member months or dollars. Use each record before aggregation.
2202,SAS Raw risk V24 [2024 Disabled],risk score,Source V24 risk score if supplied; missing remains unavailable.,cohort_field,SAS cohort inputs,,,Missing whole source year remains unavailable; do not fabricate member months or dollars. Use each record before aggregation.
2203,SAS Raw risk V28 [2024 Disabled],risk score,Source generic V28 risk score from cohort RSK_V28; ESRD model risk is a separate field.,cohort_field,SAS cohort inputs,,,Missing whole source year remains unavailable; do not fabricate member months or dollars. Use each record before aggregation.
2204,SAS Treated member months [2024 Disabled],member-months,Existing source record: blank member months = 3; -11 member months = 8. Missing year is not fabricated.,cohort_field,SAS cohort inputs,,,Missing whole source year remains unavailable; do not fabricate member months or dollars. Use each record before aggregation.
2205,SAS Treated beneficiaries [2024 Disabled],beneficiaries,Use observed beneficiary count; apply approved imputation to missing or suppressed count. See intake rules for year-specific exposure divisor.,cohort_field,SAS cohort inputs,,,Missing whole source year remains unavailable; do not fabricate member months or dollars. Use each record before aggregation.
2206,SAS Treated PAID_TRUNC annualized [2024 Disabled],USD/person-year,Annualized truncated expenditure after blank-dollar replacement on existing records.,cohort_field,SAS cohort inputs,,,Missing whole source year remains unavailable; do not fabricate member months or dollars. Use each record before aggregation.
2207,SAS Paid numerator [2024 Disabled],USD,"Annualized truncated expenditure multiplied by treated member months / 12, including 2026.",cohort_field,SAS cohort inputs,,,Missing whole source year remains unavailable; do not fabricate member months or dollars. Use each record before aggregation.
2208,SAS Risk V24 numerator [2024 Disabled],risk-score × member-months,Source V24 risk multiplied by treated member months; preserve missing-risk semantics.,cohort_field,SAS cohort inputs,,,Missing whole source year remains unavailable; do not fabricate member months or dollars. Use each record before aggregation.
2209,SAS Risk V28 numerator [2024 Disabled],risk-score × member-months,Source generic V28 risk multiplied by treated member months; preserve missing-risk semantics.,cohort_field,SAS cohort inputs,,,Missing whole source year remains unavailable; do not fabricate member months or dollars. Use each record before aggregation.
2210,SAS Beneficiary status [2024 Disabled],text,Observed / approved imputation / missing-source status.,cohort_field,SAS cohort inputs,,,Missing whole source year remains unavailable; do not fabricate member months or dollars. Use each record before aggregation.
2211,SAS MM status [2024 Disabled],text,Observed / blank to 3 / -11 to 8 / missing-source status.,cohort_field,SAS cohort inputs,,,Missing whole source year remains unavailable; do not fabricate member months or dollars. Use each record before aggregation.
2212,SAS Raw beneficiaries [2024 Aged dual],beneficiaries,Source beneficiary count before any approved replacement.,cohort_field,SAS cohort inputs,,,Missing whole source year remains unavailable; do not fabricate member months or dollars. Use each record before aggregation.
2213,SAS Raw member months [2024 Aged dual],member-months,Source member months before blank / -11 replacement.,cohort_field,SAS cohort inputs,,,Missing whole source year remains unavailable; do not fabricate member months or dollars. Use each record before aggregation.
2214,SAS Raw PAID_TRUNC annualized [2024 Aged dual],USD/person-year,Source annualized truncated expenditure rate; not PMPM.,cohort_field,SAS cohort inputs,,,Missing whole source year remains unavailable; do not fabricate member months or dollars. Use each record before aggregation.
2215,SAS Raw risk V24 [2024 Aged dual],risk score,Source V24 risk score if supplied; missing remains unavailable.,cohort_field,SAS cohort inputs,,,Missing whole source year remains unavailable; do not fabricate member months or dollars. Use each record before aggregation.
2216,SAS Raw risk V28 [2024 Aged dual],risk score,Source generic V28 risk score from cohort RSK_V28; ESRD model risk is a separate field.,cohort_field,SAS cohort inputs,,,Missing whole source year remains unavailable; do not fabricate member months or dollars. Use each record before aggregation.
2217,SAS Treated member months [2024 Aged dual],member-months,Existing source record: blank member months = 3; -11 member months = 8. Missing year is not fabricated.,cohort_field,SAS cohort inputs,,,Missing whole source year remains unavailable; do not fabricate member months or dollars. Use each record before aggregation.
2218,SAS Treated beneficiaries [2024 Aged dual],beneficiaries,Use observed beneficiary count; apply approved imputation to missing or suppressed count. See intake rules for year-specific exposure divisor.,cohort_field,SAS cohort inputs,,,Missing whole source year remains unavailable; do not fabricate member months or dollars. Use each record before aggregation.
2219,SAS Treated PAID_TRUNC annualized [2024 Aged dual],USD/person-year,Annualized truncated expenditure after blank-dollar replacement on existing records.,cohort_field,SAS cohort inputs,,,Missing whole source year remains unavailable; do not fabricate member months or dollars. Use each record before aggregation.
2220,SAS Paid numerator [2024 Aged dual],USD,"Annualized truncated expenditure multiplied by treated member months / 12, including 2026.",cohort_field,SAS cohort inputs,,,Missing whole source year remains unavailable; do not fabricate member months or dollars. Use each record before aggregation.
2221,SAS Risk V24 numerator [2024 Aged dual],risk-score × member-months,Source V24 risk multiplied by treated member months; preserve missing-risk semantics.,cohort_field,SAS cohort inputs,,,Missing whole source year remains unavailable; do not fabricate member months or dollars. Use each record before aggregation.
2222,SAS Risk V28 numerator [2024 Aged dual],risk-score × member-months,Source generic V28 risk multiplied by treated member months; preserve missing-risk semantics.,cohort_field,SAS cohort inputs,,,Missing whole source year remains unavailable; do not fabricate member months or dollars. Use each record before aggregation.
2223,SAS Beneficiary status [2024 Aged dual],text,Observed / approved imputation / missing-source status.,cohort_field,SAS cohort inputs,,,Missing whole source year remains unavailable; do not fabricate member months or dollars. Use each record before aggregation.
2224,SAS MM status [2024 Aged dual],text,Observed / blank to 3 / -11 to 8 / missing-source status.,cohort_field,SAS cohort inputs,,,Missing whole source year remains unavailable; do not fabricate member months or dollars. Use each record before aggregation.
2225,SAS Raw beneficiaries [2024 Aged nondual],beneficiaries,Source beneficiary count before any approved replacement.,cohort_field,SAS cohort inputs,,,Missing whole source year remains unavailable; do not fabricate member months or dollars. Use each record before aggregation.
2226,SAS Raw member months [2024 Aged nondual],member-months,Source member months before blank / -11 replacement.,cohort_field,SAS cohort inputs,,,Missing whole source year remains unavailable; do not fabricate member months or dollars. Use each record before aggregation.
2227,SAS Raw PAID_TRUNC annualized [2024 Aged nondual],USD/person-year,Source annualized truncated expenditure rate; not PMPM.,cohort_field,SAS cohort inputs,,,Missing whole source year remains unavailable; do not fabricate member months or dollars. Use each record before aggregation.
2228,SAS Raw risk V24 [2024 Aged nondual],risk score,Source V24 risk score if supplied; missing remains unavailable.,cohort_field,SAS cohort inputs,,,Missing whole source year remains unavailable; do not fabricate member months or dollars. Use each record before aggregation.
2229,SAS Raw risk V28 [2024 Aged nondual],risk score,Source generic V28 risk score from cohort RSK_V28; ESRD model risk is a separate field.,cohort_field,SAS cohort inputs,,,Missing whole source year remains unavailable; do not fabricate member months or dollars. Use each record before aggregation.
2230,SAS Treated member months [2024 Aged nondual],member-months,Existing source record: blank member months = 3; -11 member months = 8. Missing year is not fabricated.,cohort_field,SAS cohort inputs,,,Missing whole source year remains unavailable; do not fabricate member months or dollars. Use each record before aggregation.
2231,SAS Treated beneficiaries [2024 Aged nondual],beneficiaries,Use observed beneficiary count; apply approved imputation to missing or suppressed count. See intake rules for year-specific exposure divisor.,cohort_field,SAS cohort inputs,,,Missing whole source year remains unavailable; do not fabricate member months or dollars. Use each record before aggregation.
2232,SAS Treated PAID_TRUNC annualized [2024 Aged nondual],USD/person-year,Annualized truncated expenditure after blank-dollar replacement on existing records.,cohort_field,SAS cohort inputs,,,Missing whole source year remains unavailable; do not fabricate member months or dollars. Use each record before aggregation.
2233,SAS Paid numerator [2024 Aged nondual],USD,"Annualized truncated expenditure multiplied by treated member months / 12, including 2026.",cohort_field,SAS cohort inputs,,,Missing whole source year remains unavailable; do not fabricate member months or dollars. Use each record before aggregation.
2234,SAS Risk V24 numerator [2024 Aged nondual],risk-score × member-months,Source V24 risk multiplied by treated member months; preserve missing-risk semantics.,cohort_field,SAS cohort inputs,,,Missing whole source year remains unavailable; do not fabricate member months or dollars. Use each record before aggregation.
2235,SAS Risk V28 numerator [2024 Aged nondual],risk-score × member-months,Source generic V28 risk multiplied by treated member months; preserve missing-risk semantics.,cohort_field,SAS cohort inputs,,,Missing whole source year remains unavailable; do not fabricate member months or dollars. Use each record before aggregation.
2236,SAS Beneficiary status [2024 Aged nondual],text,Observed / approved imputation / missing-source status.,cohort_field,SAS cohort inputs,,,Missing whole source year remains unavailable; do not fabricate member months or dollars. Use each record before aggregation.
2237,SAS MM status [2024 Aged nondual],text,Observed / blank to 3 / -11 to 8 / missing-source status.,cohort_field,SAS cohort inputs,,,Missing whole source year remains unavailable; do not fabricate member months or dollars. Use each record before aggregation.
2238,SAS Raw beneficiaries [2025 ESRD],beneficiaries,Source beneficiary count before any approved replacement.,cohort_field,SAS cohort inputs,,,Missing whole source year remains unavailable; do not fabricate member months or dollars. Use each record before aggregation.
2239,SAS Raw member months [2025 ESRD],member-months,Source member months before blank / -11 replacement.,cohort_field,SAS cohort inputs,,,Missing whole source year remains unavailable; do not fabricate member months or dollars. Use each record before aggregation.
2240,SAS Raw PAID_TRUNC annualized [2025 ESRD],USD/person-year,Source annualized truncated expenditure rate; not PMPM.,cohort_field,SAS cohort inputs,,,Missing whole source year remains unavailable; do not fabricate member months or dollars. Use each record before aggregation.
2241,SAS Raw risk V24 [2025 ESRD],risk score,Source V24 risk score if supplied; missing remains unavailable.,cohort_field,SAS cohort inputs,,,Missing whole source year remains unavailable; do not fabricate member months or dollars. Use each record before aggregation.
2242,SAS Raw risk V28 [2025 ESRD],risk score,Source generic V28 risk score from cohort RSK_V28; ESRD model risk is a separate field.,cohort_field,SAS cohort inputs,,,Missing whole source year remains unavailable; do not fabricate member months or dollars. Use each record before aggregation.
2243,SAS Treated member months [2025 ESRD],member-months,Existing source record: blank member months = 3; -11 member months = 8. Missing year is not fabricated.,cohort_field,SAS cohort inputs,,,Missing whole source year remains unavailable; do not fabricate member months or dollars. Use each record before aggregation.
2244,SAS Treated beneficiaries [2025 ESRD],beneficiaries,Use observed beneficiary count; apply approved imputation to missing or suppressed count. See intake rules for year-specific exposure divisor.,cohort_field,SAS cohort inputs,,,Missing whole source year remains unavailable; do not fabricate member months or dollars. Use each record before aggregation.
2245,SAS Treated PAID_TRUNC annualized [2025 ESRD],USD/person-year,Annualized truncated expenditure after blank-dollar replacement on existing records.,cohort_field,SAS cohort inputs,,,Missing whole source year remains unavailable; do not fabricate member months or dollars. Use each record before aggregation.
2246,SAS Paid numerator [2025 ESRD],USD,"Annualized truncated expenditure multiplied by treated member months / 12, including 2026.",cohort_field,SAS cohort inputs,,,Missing whole source year remains unavailable; do not fabricate member months or dollars. Use each record before aggregation.
2247,SAS Risk V24 numerator [2025 ESRD],risk-score × member-months,Source V24 risk multiplied by treated member months; preserve missing-risk semantics.,cohort_field,SAS cohort inputs,,,Missing whole source year remains unavailable; do not fabricate member months or dollars. Use each record before aggregation.
2248,SAS Risk V28 numerator [2025 ESRD],risk-score × member-months,Source generic V28 risk multiplied by treated member months; preserve missing-risk semantics.,cohort_field,SAS cohort inputs,,,Missing whole source year remains unavailable; do not fabricate member months or dollars. Use each record before aggregation.
2249,SAS Beneficiary status [2025 ESRD],text,Observed / approved imputation / missing-source status.,cohort_field,SAS cohort inputs,,,Missing whole source year remains unavailable; do not fabricate member months or dollars. Use each record before aggregation.
2250,SAS MM status [2025 ESRD],text,Observed / blank to 3 / -11 to 8 / missing-source status.,cohort_field,SAS cohort inputs,,,Missing whole source year remains unavailable; do not fabricate member months or dollars. Use each record before aggregation.
2251,SAS Raw ESRD model risk [2025 ESRD],risk score,Source ESRD_RISK_ACTUAL. Used by the ESRD risk model; distinct from the generic ESRD_RSK_V28 score.,cohort_field,SAS cohort inputs,,,Missing whole source year remains unavailable; do not fabricate member months or dollars. Use each record before aggregation.
2252,SAS ESRD model risk numerator [2025 ESRD],risk-score × member-months,ESRD_RISK_ACTUAL multiplied by treated member months. Feeds provider ESRD_RISK_V28 workbook header and national ESRD_RISK header; provider header is misleading.,cohort_field,SAS cohort inputs,,,Missing whole source year remains unavailable; do not fabricate member months or dollars. Use each record before aggregation.
2253,SAS Raw beneficiaries [2025 Disabled],beneficiaries,Source beneficiary count before any approved replacement.,cohort_field,SAS cohort inputs,,,Missing whole source year remains unavailable; do not fabricate member months or dollars. Use each record before aggregation.
2254,SAS Raw member months [2025 Disabled],member-months,Source member months before blank / -11 replacement.,cohort_field,SAS cohort inputs,,,Missing whole source year remains unavailable; do not fabricate member months or dollars. Use each record before aggregation.
2255,SAS Raw PAID_TRUNC annualized [2025 Disabled],USD/person-year,Source annualized truncated expenditure rate; not PMPM.,cohort_field,SAS cohort inputs,,,Missing whole source year remains unavailable; do not fabricate member months or dollars. Use each record before aggregation.
2256,SAS Raw risk V24 [2025 Disabled],risk score,Source V24 risk score if supplied; missing remains unavailable.,cohort_field,SAS cohort inputs,,,Missing whole source year remains unavailable; do not fabricate member months or dollars. Use each record before aggregation.
2257,SAS Raw risk V28 [2025 Disabled],risk score,Source generic V28 risk score from cohort RSK_V28; ESRD model risk is a separate field.,cohort_field,SAS cohort inputs,,,Missing whole source year remains unavailable; do not fabricate member months or dollars. Use each record before aggregation.
2258,SAS Treated member months [2025 Disabled],member-months,Existing source record: blank member months = 3; -11 member months = 8. Missing year is not fabricated.,cohort_field,SAS cohort inputs,,,Missing whole source year remains unavailable; do not fabricate member months or dollars. Use each record before aggregation.
2259,SAS Treated beneficiaries [2025 Disabled],beneficiaries,Use observed beneficiary count; apply approved imputation to missing or suppressed count. See intake rules for year-specific exposure divisor.,cohort_field,SAS cohort inputs,,,Missing whole source year remains unavailable; do not fabricate member months or dollars. Use each record before aggregation.
2260,SAS Treated PAID_TRUNC annualized [2025 Disabled],USD/person-year,Annualized truncated expenditure after blank-dollar replacement on existing records.,cohort_field,SAS cohort inputs,,,Missing whole source year remains unavailable; do not fabricate member months or dollars. Use each record before aggregation.
2261,SAS Paid numerator [2025 Disabled],USD,"Annualized truncated expenditure multiplied by treated member months / 12, including 2026.",cohort_field,SAS cohort inputs,,,Missing whole source year remains unavailable; do not fabricate member months or dollars. Use each record before aggregation.
2262,SAS Risk V24 numerator [2025 Disabled],risk-score × member-months,Source V24 risk multiplied by treated member months; preserve missing-risk semantics.,cohort_field,SAS cohort inputs,,,Missing whole source year remains unavailable; do not fabricate member months or dollars. Use each record before aggregation.
2263,SAS Risk V28 numerator [2025 Disabled],risk-score × member-months,Source generic V28 risk multiplied by treated member months; preserve missing-risk semantics.,cohort_field,SAS cohort inputs,,,Missing whole source year remains unavailable; do not fabricate member months or dollars. Use each record before aggregation.
2264,SAS Beneficiary status [2025 Disabled],text,Observed / approved imputation / missing-source status.,cohort_field,SAS cohort inputs,,,Missing whole source year remains unavailable; do not fabricate member months or dollars. Use each record before aggregation.
2265,SAS MM status [2025 Disabled],text,Observed / blank to 3 / -11 to 8 / missing-source status.,cohort_field,SAS cohort inputs,,,Missing whole source year remains unavailable; do not fabricate member months or dollars. Use each record before aggregation.
2266,SAS Raw beneficiaries [2025 Aged dual],beneficiaries,Source beneficiary count before any approved replacement.,cohort_field,SAS cohort inputs,,,Missing whole source year remains unavailable; do not fabricate member months or dollars. Use each record before aggregation.
2267,SAS Raw member months [2025 Aged dual],member-months,Source member months before blank / -11 replacement.,cohort_field,SAS cohort inputs,,,Missing whole source year remains unavailable; do not fabricate member months or dollars. Use each record before aggregation.
2268,SAS Raw PAID_TRUNC annualized [2025 Aged dual],USD/person-year,Source annualized truncated expenditure rate; not PMPM.,cohort_field,SAS cohort inputs,,,Missing whole source year remains unavailable; do not fabricate member months or dollars. Use each record before aggregation.
2269,SAS Raw risk V24 [2025 Aged dual],risk score,Source V24 risk score if supplied; missing remains unavailable.,cohort_field,SAS cohort inputs,,,Missing whole source year remains unavailable; do not fabricate member months or dollars. Use each record before aggregation.
2270,SAS Raw risk V28 [2025 Aged dual],risk score,Source generic V28 risk score from cohort RSK_V28; ESRD model risk is a separate field.,cohort_field,SAS cohort inputs,,,Missing whole source year remains unavailable; do not fabricate member months or dollars. Use each record before aggregation.
2271,SAS Treated member months [2025 Aged dual],member-months,Existing source record: blank member months = 3; -11 member months = 8. Missing year is not fabricated.,cohort_field,SAS cohort inputs,,,Missing whole source year remains unavailable; do not fabricate member months or dollars. Use each record before aggregation.
2272,SAS Treated beneficiaries [2025 Aged dual],beneficiaries,Use observed beneficiary count; apply approved imputation to missing or suppressed count. See intake rules for year-specific exposure divisor.,cohort_field,SAS cohort inputs,,,Missing whole source year remains unavailable; do not fabricate member months or dollars. Use each record before aggregation.
2273,SAS Treated PAID_TRUNC annualized [2025 Aged dual],USD/person-year,Annualized truncated expenditure after blank-dollar replacement on existing records.,cohort_field,SAS cohort inputs,,,Missing whole source year remains unavailable; do not fabricate member months or dollars. Use each record before aggregation.
2274,SAS Paid numerator [2025 Aged dual],USD,"Annualized truncated expenditure multiplied by treated member months / 12, including 2026.",cohort_field,SAS cohort inputs,,,Missing whole source year remains unavailable; do not fabricate member months or dollars. Use each record before aggregation.
2275,SAS Risk V24 numerator [2025 Aged dual],risk-score × member-months,Source V24 risk multiplied by treated member months; preserve missing-risk semantics.,cohort_field,SAS cohort inputs,,,Missing whole source year remains unavailable; do not fabricate member months or dollars. Use each record before aggregation.
2276,SAS Risk V28 numerator [2025 Aged dual],risk-score × member-months,Source generic V28 risk multiplied by treated member months; preserve missing-risk semantics.,cohort_field,SAS cohort inputs,,,Missing whole source year remains unavailable; do not fabricate member months or dollars. Use each record before aggregation.
2277,SAS Beneficiary status [2025 Aged dual],text,Observed / approved imputation / missing-source status.,cohort_field,SAS cohort inputs,,,Missing whole source year remains unavailable; do not fabricate member months or dollars. Use each record before aggregation.
2278,SAS MM status [2025 Aged dual],text,Observed / blank to 3 / -11 to 8 / missing-source status.,cohort_field,SAS cohort inputs,,,Missing whole source year remains unavailable; do not fabricate member months or dollars. Use each record before aggregation.
2279,SAS Raw beneficiaries [2025 Aged nondual],beneficiaries,Source beneficiary count before any approved replacement.,cohort_field,SAS cohort inputs,,,Missing whole source year remains unavailable; do not fabricate member months or dollars. Use each record before aggregation.
2280,SAS Raw member months [2025 Aged nondual],member-months,Source member months before blank / -11 replacement.,cohort_field,SAS cohort inputs,,,Missing whole source year remains unavailable; do not fabricate member months or dollars. Use each record before aggregation.
2281,SAS Raw PAID_TRUNC annualized [2025 Aged nondual],USD/person-year,Source annualized truncated expenditure rate; not PMPM.,cohort_field,SAS cohort inputs,,,Missing whole source year remains unavailable; do not fabricate member months or dollars. Use each record before aggregation.
2282,SAS Raw risk V24 [2025 Aged nondual],risk score,Source V24 risk score if supplied; missing remains unavailable.,cohort_field,SAS cohort inputs,,,Missing whole source year remains unavailable; do not fabricate member months or dollars. Use each record before aggregation.
2283,SAS Raw risk V28 [2025 Aged nondual],risk score,Source generic V28 risk score from cohort RSK_V28; ESRD model risk is a separate field.,cohort_field,SAS cohort inputs,,,Missing whole source year remains unavailable; do not fabricate member months or dollars. Use each record before aggregation.
2284,SAS Treated member months [2025 Aged nondual],member-months,Existing source record: blank member months = 3; -11 member months = 8. Missing year is not fabricated.,cohort_field,SAS cohort inputs,,,Missing whole source year remains unavailable; do not fabricate member months or dollars. Use each record before aggregation.
2285,SAS Treated beneficiaries [2025 Aged nondual],beneficiaries,Use observed beneficiary count; apply approved imputation to missing or suppressed count. See intake rules for year-specific exposure divisor.,cohort_field,SAS cohort inputs,,,Missing whole source year remains unavailable; do not fabricate member months or dollars. Use each record before aggregation.
2286,SAS Treated PAID_TRUNC annualized [2025 Aged nondual],USD/person-year,Annualized truncated expenditure after blank-dollar replacement on existing records.,cohort_field,SAS cohort inputs,,,Missing whole source year remains unavailable; do not fabricate member months or dollars. Use each record before aggregation.
2287,SAS Paid numerator [2025 Aged nondual],USD,"Annualized truncated expenditure multiplied by treated member months / 12, including 2026.",cohort_field,SAS cohort inputs,,,Missing whole source year remains unavailable; do not fabricate member months or dollars. Use each record before aggregation.
2288,SAS Risk V24 numerator [2025 Aged nondual],risk-score × member-months,Source V24 risk multiplied by treated member months; preserve missing-risk semantics.,cohort_field,SAS cohort inputs,,,Missing whole source year remains unavailable; do not fabricate member months or dollars. Use each record before aggregation.
2289,SAS Risk V28 numerator [2025 Aged nondual],risk-score × member-months,Source generic V28 risk multiplied by treated member months; preserve missing-risk semantics.,cohort_field,SAS cohort inputs,,,Missing whole source year remains unavailable; do not fabricate member months or dollars. Use each record before aggregation.
2290,SAS Beneficiary status [2025 Aged nondual],text,Observed / approved imputation / missing-source status.,cohort_field,SAS cohort inputs,,,Missing whole source year remains unavailable; do not fabricate member months or dollars. Use each record before aggregation.
2291,SAS MM status [2025 Aged nondual],text,Observed / blank to 3 / -11 to 8 / missing-source status.,cohort_field,SAS cohort inputs,,,Missing whole source year remains unavailable; do not fabricate member months or dollars. Use each record before aggregation.
2292,SAS Raw beneficiaries [2026 ESRD],beneficiaries,Source beneficiary count before any approved replacement.,cohort_field,SAS cohort inputs,,,Missing whole source year remains unavailable; do not fabricate member months or dollars. Use each record before aggregation.
2293,SAS Raw member months [2026 ESRD],member-months,Source member months before blank / -11 replacement.,cohort_field,SAS cohort inputs,,,Missing whole source year remains unavailable; do not fabricate member months or dollars. Use each record before aggregation.
2294,SAS Raw PAID_TRUNC annualized [2026 ESRD],USD/person-year,Source annualized truncated expenditure rate; not PMPM.,cohort_field,SAS cohort inputs,,,Missing whole source year remains unavailable; do not fabricate member months or dollars. Use each record before aggregation.
2295,SAS Raw risk V24 [2026 ESRD],risk score,Source V24 risk score if supplied; missing remains unavailable.,cohort_field,SAS cohort inputs,,,Missing whole source year remains unavailable; do not fabricate member months or dollars. Use each record before aggregation.
2296,SAS Raw risk V28 [2026 ESRD],risk score,Source generic V28 risk score from cohort RSK_V28; ESRD model risk is a separate field.,cohort_field,SAS cohort inputs,,,Missing whole source year remains unavailable; do not fabricate member months or dollars. Use each record before aggregation.
2297,SAS Treated member months [2026 ESRD],member-months,Existing source record: blank member months = 3; -11 member months = 8. Missing year is not fabricated.,cohort_field,SAS cohort inputs,,,Missing whole source year remains unavailable; do not fabricate member months or dollars. Use each record before aggregation.
2298,SAS Treated beneficiaries [2026 ESRD],beneficiaries,Use observed beneficiary count; apply approved imputation to missing or suppressed count. See intake rules for year-specific exposure divisor.,cohort_field,SAS cohort inputs,,,Missing whole source year remains unavailable; do not fabricate member months or dollars. Use each record before aggregation.
2299,SAS Treated PAID_TRUNC annualized [2026 ESRD],USD/person-year,Annualized truncated expenditure after blank-dollar replacement on existing records.,cohort_field,SAS cohort inputs,,,Missing whole source year remains unavailable; do not fabricate member months or dollars. Use each record before aggregation.
2300,SAS Paid numerator [2026 ESRD],USD,"Annualized truncated expenditure multiplied by treated member months / 12, including 2026.",cohort_field,SAS cohort inputs,,,Missing whole source year remains unavailable; do not fabricate member months or dollars. Use each record before aggregation.
2301,SAS Risk V24 numerator [2026 ESRD],risk-score × member-months,Source V24 risk multiplied by treated member months; preserve missing-risk semantics.,cohort_field,SAS cohort inputs,,,Missing whole source year remains unavailable; do not fabricate member months or dollars. Use each record before aggregation.
2302,SAS Risk V28 numerator [2026 ESRD],risk-score × member-months,Source generic V28 risk multiplied by treated member months; preserve missing-risk semantics.,cohort_field,SAS cohort inputs,,,Missing whole source year remains unavailable; do not fabricate member months or dollars. Use each record before aggregation.
2303,SAS Beneficiary status [2026 ESRD],text,Observed / approved imputation / missing-source status.,cohort_field,SAS cohort inputs,,,Missing whole source year remains unavailable; do not fabricate member months or dollars. Use each record before aggregation.
2304,SAS MM status [2026 ESRD],text,Observed / blank to 3 / -11 to 8 / missing-source status.,cohort_field,SAS cohort inputs,,,Missing whole source year remains unavailable; do not fabricate member months or dollars. Use each record before aggregation.
2305,SAS Raw ESRD model risk [2026 ESRD],risk score,Source ESRD_RISK_ACTUAL. Used by the ESRD risk model; distinct from the generic ESRD_RSK_V28 score.,cohort_field,SAS cohort inputs,,,Missing whole source year remains unavailable; do not fabricate member months or dollars. Use each record before aggregation.
2306,SAS ESRD model risk numerator [2026 ESRD],risk-score × member-months,ESRD_RISK_ACTUAL multiplied by treated member months. Feeds provider ESRD_RISK_V28 workbook header and national ESRD_RISK header; provider header is misleading.,cohort_field,SAS cohort inputs,,,Missing whole source year remains unavailable; do not fabricate member months or dollars. Use each record before aggregation.
2307,SAS Raw beneficiaries [2026 Disabled],beneficiaries,Source beneficiary count before any approved replacement.,cohort_field,SAS cohort inputs,,,Missing whole source year remains unavailable; do not fabricate member months or dollars. Use each record before aggregation.
2308,SAS Raw member months [2026 Disabled],member-months,Source member months before blank / -11 replacement.,cohort_field,SAS cohort inputs,,,Missing whole source year remains unavailable; do not fabricate member months or dollars. Use each record before aggregation.
2309,SAS Raw PAID_TRUNC annualized [2026 Disabled],USD/person-year,Source annualized truncated expenditure rate; not PMPM.,cohort_field,SAS cohort inputs,,,Missing whole source year remains unavailable; do not fabricate member months or dollars. Use each record before aggregation.
2310,SAS Raw risk V24 [2026 Disabled],risk score,Source V24 risk score if supplied; missing remains unavailable.,cohort_field,SAS cohort inputs,,,Missing whole source year remains unavailable; do not fabricate member months or dollars. Use each record before aggregation.
2311,SAS Raw risk V28 [2026 Disabled],risk score,Source generic V28 risk score from cohort RSK_V28; ESRD model risk is a separate field.,cohort_field,SAS cohort inputs,,,Missing whole source year remains unavailable; do not fabricate member months or dollars. Use each record before aggregation.
2312,SAS Treated member months [2026 Disabled],member-months,Existing source record: blank member months = 3; -11 member months = 8. Missing year is not fabricated.,cohort_field,SAS cohort inputs,,,Missing whole source year remains unavailable; do not fabricate member months or dollars. Use each record before aggregation.
2313,SAS Treated beneficiaries [2026 Disabled],beneficiaries,Use observed beneficiary count; apply approved imputation to missing or suppressed count. See intake rules for year-specific exposure divisor.,cohort_field,SAS cohort inputs,,,Missing whole source year remains unavailable; do not fabricate member months or dollars. Use each record before aggregation.
2314,SAS Treated PAID_TRUNC annualized [2026 Disabled],USD/person-year,Annualized truncated expenditure after blank-dollar replacement on existing records.,cohort_field,SAS cohort inputs,,,Missing whole source year remains unavailable; do not fabricate member months or dollars. Use each record before aggregation.
2315,SAS Paid numerator [2026 Disabled],USD,"Annualized truncated expenditure multiplied by treated member months / 12, including 2026.",cohort_field,SAS cohort inputs,,,Missing whole source year remains unavailable; do not fabricate member months or dollars. Use each record before aggregation.
2316,SAS Risk V24 numerator [2026 Disabled],risk-score × member-months,Source V24 risk multiplied by treated member months; preserve missing-risk semantics.,cohort_field,SAS cohort inputs,,,Missing whole source year remains unavailable; do not fabricate member months or dollars. Use each record before aggregation.
2317,SAS Risk V28 numerator [2026 Disabled],risk-score × member-months,Source generic V28 risk multiplied by treated member months; preserve missing-risk semantics.,cohort_field,SAS cohort inputs,,,Missing whole source year remains unavailable; do not fabricate member months or dollars. Use each record before aggregation.
2318,SAS Beneficiary status [2026 Disabled],text,Observed / approved imputation / missing-source status.,cohort_field,SAS cohort inputs,,,Missing whole source year remains unavailable; do not fabricate member months or dollars. Use each record before aggregation.
2319,SAS MM status [2026 Disabled],text,Observed / blank to 3 / -11 to 8 / missing-source status.,cohort_field,SAS cohort inputs,,,Missing whole source year remains unavailable; do not fabricate member months or dollars. Use each record before aggregation.
2320,SAS Raw beneficiaries [2026 Aged dual],beneficiaries,Source beneficiary count before any approved replacement.,cohort_field,SAS cohort inputs,,,Missing whole source year remains unavailable; do not fabricate member months or dollars. Use each record before aggregation.
2321,SAS Raw member months [2026 Aged dual],member-months,Source member months before blank / -11 replacement.,cohort_field,SAS cohort inputs,,,Missing whole source year remains unavailable; do not fabricate member months or dollars. Use each record before aggregation.
2322,SAS Raw PAID_TRUNC annualized [2026 Aged dual],USD/person-year,Source annualized truncated expenditure rate; not PMPM.,cohort_field,SAS cohort inputs,,,Missing whole source year remains unavailable; do not fabricate member months or dollars. Use each record before aggregation.
2323,SAS Raw risk V24 [2026 Aged dual],risk score,Source V24 risk score if supplied; missing remains unavailable.,cohort_field,SAS cohort inputs,,,Missing whole source year remains unavailable; do not fabricate member months or dollars. Use each record before aggregation.
2324,SAS Raw risk V28 [2026 Aged dual],risk score,Source generic V28 risk score from cohort RSK_V28; ESRD model risk is a separate field.,cohort_field,SAS cohort inputs,,,Missing whole source year remains unavailable; do not fabricate member months or dollars. Use each record before aggregation.
2325,SAS Treated member months [2026 Aged dual],member-months,Existing source record: blank member months = 3; -11 member months = 8. Missing year is not fabricated.,cohort_field,SAS cohort inputs,,,Missing whole source year remains unavailable; do not fabricate member months or dollars. Use each record before aggregation.
2326,SAS Treated beneficiaries [2026 Aged dual],beneficiaries,Use observed beneficiary count; apply approved imputation to missing or suppressed count. See intake rules for year-specific exposure divisor.,cohort_field,SAS cohort inputs,,,Missing whole source year remains unavailable; do not fabricate member months or dollars. Use each record before aggregation.
2327,SAS Treated PAID_TRUNC annualized [2026 Aged dual],USD/person-year,Annualized truncated expenditure after blank-dollar replacement on existing records.,cohort_field,SAS cohort inputs,,,Missing whole source year remains unavailable; do not fabricate member months or dollars. Use each record before aggregation.
2328,SAS Paid numerator [2026 Aged dual],USD,"Annualized truncated expenditure multiplied by treated member months / 12, including 2026.",cohort_field,SAS cohort inputs,,,Missing whole source year remains unavailable; do not fabricate member months or dollars. Use each record before aggregation.
2329,SAS Risk V24 numerator [2026 Aged dual],risk-score × member-months,Source V24 risk multiplied by treated member months; preserve missing-risk semantics.,cohort_field,SAS cohort inputs,,,Missing whole source year remains unavailable; do not fabricate member months or dollars. Use each record before aggregation.
2330,SAS Risk V28 numerator [2026 Aged dual],risk-score × member-months,Source generic V28 risk multiplied by treated member months; preserve missing-risk semantics.,cohort_field,SAS cohort inputs,,,Missing whole source year remains unavailable; do not fabricate member months or dollars. Use each record before aggregation.
2331,SAS Beneficiary status [2026 Aged dual],text,Observed / approved imputation / missing-source status.,cohort_field,SAS cohort inputs,,,Missing whole source year remains unavailable; do not fabricate member months or dollars. Use each record before aggregation.
2332,SAS MM status [2026 Aged dual],text,Observed / blank to 3 / -11 to 8 / missing-source status.,cohort_field,SAS cohort inputs,,,Missing whole source year remains unavailable; do not fabricate member months or dollars. Use each record before aggregation.
2333,SAS Raw beneficiaries [2026 Aged nondual],beneficiaries,Source beneficiary count before any approved replacement.,cohort_field,SAS cohort inputs,,,Missing whole source year remains unavailable; do not fabricate member months or dollars. Use each record before aggregation.
2334,SAS Raw member months [2026 Aged nondual],member-months,Source member months before blank / -11 replacement.,cohort_field,SAS cohort inputs,,,Missing whole source year remains unavailable; do not fabricate member months or dollars. Use each record before aggregation.
2335,SAS Raw PAID_TRUNC annualized [2026 Aged nondual],USD/person-year,Source annualized truncated expenditure rate; not PMPM.,cohort_field,SAS cohort inputs,,,Missing whole source year remains unavailable; do not fabricate member months or dollars. Use each record before aggregation.
2336,SAS Raw risk V24 [2026 Aged nondual],risk score,Source V24 risk score if supplied; missing remains unavailable.,cohort_field,SAS cohort inputs,,,Missing whole source year remains unavailable; do not fabricate member months or dollars. Use each record before aggregation.
2337,SAS Raw risk V28 [2026 Aged nondual],risk score,Source generic V28 risk score from cohort RSK_V28; ESRD model risk is a separate field.,cohort_field,SAS cohort inputs,,,Missing whole source year remains unavailable; do not fabricate member months or dollars. Use each record before aggregation.
2338,SAS Treated member months [2026 Aged nondual],member-months,Existing source record: blank member months = 3; -11 member months = 8. Missing year is not fabricated.,cohort_field,SAS cohort inputs,,,Missing whole source year remains unavailable; do not fabricate member months or dollars. Use each record before aggregation.
2339,SAS Treated beneficiaries [2026 Aged nondual],beneficiaries,Use observed beneficiary count; apply approved imputation to missing or suppressed count. See intake rules for year-specific exposure divisor.,cohort_field,SAS cohort inputs,,,Missing whole source year remains unavailable; do not fabricate member months or dollars. Use each record before aggregation.
2340,SAS Treated PAID_TRUNC annualized [2026 Aged nondual],USD/person-year,Annualized truncated expenditure after blank-dollar replacement on existing records.,cohort_field,SAS cohort inputs,,,Missing whole source year remains unavailable; do not fabricate member months or dollars. Use each record before aggregation.
2341,SAS Paid numerator [2026 Aged nondual],USD,"Annualized truncated expenditure multiplied by treated member months / 12, including 2026.",cohort_field,SAS cohort inputs,,,Missing whole source year remains unavailable; do not fabricate member months or dollars. Use each record before aggregation.
2342,SAS Risk V24 numerator [2026 Aged nondual],risk-score × member-months,Source V24 risk multiplied by treated member months; preserve missing-risk semantics.,cohort_field,SAS cohort inputs,,,Missing whole source year remains unavailable; do not fabricate member months or dollars. Use each record before aggregation.
2343,SAS Risk V28 numerator [2026 Aged nondual],risk-score × member-months,Source generic V28 risk multiplied by treated member months; preserve missing-risk semantics.,cohort_field,SAS cohort inputs,,,Missing whole source year remains unavailable; do not fabricate member months or dollars. Use each record before aggregation.
2344,SAS Beneficiary status [2026 Aged nondual],text,Observed / approved imputation / missing-source status.,cohort_field,SAS cohort inputs,,,Missing whole source year remains unavailable; do not fabricate member months or dollars. Use each record before aggregation.
2345,SAS MM status [2026 Aged nondual],text,Observed / blank to 3 / -11 to 8 / missing-source status.,cohort_field,SAS cohort inputs,,,Missing whole source year remains unavailable; do not fabricate member months or dollars. Use each record before aggregation.
2346,SAS Raw total beneficiaries [2019 total],beneficiaries,"Source BENES, before approved missing / suppression replacement.",year_total,SAS total inputs,,,Observed source BENES is not replaced with the sum of cohort beneficiaries.
2347,SAS Treated total beneficiaries [2019 total],beneficiaries,"Preserve observed source BENES. If missing or -11, use sum treated member months divided by 5 for 2026 or 12 for earlier years. This is the population count used for eligibility and provider model total.",year_total,SAS total inputs,,,Observed source BENES is not replaced with the sum of cohort beneficiaries.
2348,SAS Sum of treated cohort beneficiaries [2019 total],beneficiaries,Sum the four treated cohort beneficiary counts; retained separately from the supplied overall beneficiary count.,year_total,SAS total inputs,,,Observed source BENES is not replaced with the sum of cohort beneficiaries.
2349,SAS Total less sum of cohort beneficiaries [2019 total],beneficiaries,"Treated overall source beneficiaries minus sum of the four treated cohort beneficiary counts. A nonzero difference is disclosed, not forced to zero.",year_total,SAS total inputs,,,Observed source BENES is not replaced with the sum of cohort beneficiaries.
2350,SAS Total treated member months [2019 total],member-months,"Sum treated member months across ESRD, disabled, aged dual and aged nondual cohorts.",year_total,SAS total inputs,,,Observed source BENES is not replaced with the sum of cohort beneficiaries.
2351,SAS Total beneficiary treatment status [2019 total],text,Observed / imputed from treated member months / no source record.,year_total,SAS total inputs,,,Observed source BENES is not replaced with the sum of cohort beneficiaries.
2352,SAS Raw total beneficiaries [2020 total],beneficiaries,"Source BENES, before approved missing / suppression replacement.",year_total,SAS total inputs,,,Observed source BENES is not replaced with the sum of cohort beneficiaries.
2353,SAS Treated total beneficiaries [2020 total],beneficiaries,"Preserve observed source BENES. If missing or -11, use sum treated member months divided by 5 for 2026 or 12 for earlier years. This is the population count used for eligibility and provider model total.",year_total,SAS total inputs,,,Observed source BENES is not replaced with the sum of cohort beneficiaries.
2354,SAS Sum of treated cohort beneficiaries [2020 total],beneficiaries,Sum the four treated cohort beneficiary counts; retained separately from the supplied overall beneficiary count.,year_total,SAS total inputs,,,Observed source BENES is not replaced with the sum of cohort beneficiaries.
2355,SAS Total less sum of cohort beneficiaries [2020 total],beneficiaries,"Treated overall source beneficiaries minus sum of the four treated cohort beneficiary counts. A nonzero difference is disclosed, not forced to zero.",year_total,SAS total inputs,,,Observed source BENES is not replaced with the sum of cohort beneficiaries.
2356,SAS Total treated member months [2020 total],member-months,"Sum treated member months across ESRD, disabled, aged dual and aged nondual cohorts.",year_total,SAS total inputs,,,Observed source BENES is not replaced with the sum of cohort beneficiaries.
2357,SAS Total beneficiary treatment status [2020 total],text,Observed / imputed from treated member months / no source record.,year_total,SAS total inputs,,,Observed source BENES is not replaced with the sum of cohort beneficiaries.
2358,SAS Raw total beneficiaries [2021 total],beneficiaries,"Source BENES, before approved missing / suppression replacement.",year_total,SAS total inputs,,,Observed source BENES is not replaced with the sum of cohort beneficiaries.
2359,SAS Treated total beneficiaries [2021 total],beneficiaries,"Preserve observed source BENES. If missing or -11, use sum treated member months divided by 5 for 2026 or 12 for earlier years. This is the population count used for eligibility and provider model total.",year_total,SAS total inputs,,,Observed source BENES is not replaced with the sum of cohort beneficiaries.
2360,SAS Sum of treated cohort beneficiaries [2021 total],beneficiaries,Sum the four treated cohort beneficiary counts; retained separately from the supplied overall beneficiary count.,year_total,SAS total inputs,,,Observed source BENES is not replaced with the sum of cohort beneficiaries.
2361,SAS Total less sum of cohort beneficiaries [2021 total],beneficiaries,"Treated overall source beneficiaries minus sum of the four treated cohort beneficiary counts. A nonzero difference is disclosed, not forced to zero.",year_total,SAS total inputs,,,Observed source BENES is not replaced with the sum of cohort beneficiaries.
2362,SAS Total treated member months [2021 total],member-months,"Sum treated member months across ESRD, disabled, aged dual and aged nondual cohorts.",year_total,SAS total inputs,,,Observed source BENES is not replaced with the sum of cohort beneficiaries.
2363,SAS Total beneficiary treatment status [2021 total],text,Observed / imputed from treated member months / no source record.,year_total,SAS total inputs,,,Observed source BENES is not replaced with the sum of cohort beneficiaries.
2364,SAS Raw total beneficiaries [2022 total],beneficiaries,"Source BENES, before approved missing / suppression replacement.",year_total,SAS total inputs,,,Observed source BENES is not replaced with the sum of cohort beneficiaries.
2365,SAS Treated total beneficiaries [2022 total],beneficiaries,"Preserve observed source BENES. If missing or -11, use sum treated member months divided by 5 for 2026 or 12 for earlier years. This is the population count used for eligibility and provider model total.",year_total,SAS total inputs,,,Observed source BENES is not replaced with the sum of cohort beneficiaries.
2366,SAS Sum of treated cohort beneficiaries [2022 total],beneficiaries,Sum the four treated cohort beneficiary counts; retained separately from the supplied overall beneficiary count.,year_total,SAS total inputs,,,Observed source BENES is not replaced with the sum of cohort beneficiaries.
2367,SAS Total less sum of cohort beneficiaries [2022 total],beneficiaries,"Treated overall source beneficiaries minus sum of the four treated cohort beneficiary counts. A nonzero difference is disclosed, not forced to zero.",year_total,SAS total inputs,,,Observed source BENES is not replaced with the sum of cohort beneficiaries.
2368,SAS Total treated member months [2022 total],member-months,"Sum treated member months across ESRD, disabled, aged dual and aged nondual cohorts.",year_total,SAS total inputs,,,Observed source BENES is not replaced with the sum of cohort beneficiaries.
2369,SAS Total beneficiary treatment status [2022 total],text,Observed / imputed from treated member months / no source record.,year_total,SAS total inputs,,,Observed source BENES is not replaced with the sum of cohort beneficiaries.
2370,SAS Raw total beneficiaries [2023 total],beneficiaries,"Source BENES, before approved missing / suppression replacement.",year_total,SAS total inputs,,,Observed source BENES is not replaced with the sum of cohort beneficiaries.
2371,SAS Treated total beneficiaries [2023 total],beneficiaries,"Preserve observed source BENES. If missing or -11, use sum treated member months divided by 5 for 2026 or 12 for earlier years. This is the population count used for eligibility and provider model total.",year_total,SAS total inputs,,,Observed source BENES is not replaced with the sum of cohort beneficiaries.
2372,SAS Sum of treated cohort beneficiaries [2023 total],beneficiaries,Sum the four treated cohort beneficiary counts; retained separately from the supplied overall beneficiary count.,year_total,SAS total inputs,,,Observed source BENES is not replaced with the sum of cohort beneficiaries.
2373,SAS Total less sum of cohort beneficiaries [2023 total],beneficiaries,"Treated overall source beneficiaries minus sum of the four treated cohort beneficiary counts. A nonzero difference is disclosed, not forced to zero.",year_total,SAS total inputs,,,Observed source BENES is not replaced with the sum of cohort beneficiaries.
2374,SAS Total treated member months [2023 total],member-months,"Sum treated member months across ESRD, disabled, aged dual and aged nondual cohorts.",year_total,SAS total inputs,,,Observed source BENES is not replaced with the sum of cohort beneficiaries.
2375,SAS Total beneficiary treatment status [2023 total],text,Observed / imputed from treated member months / no source record.,year_total,SAS total inputs,,,Observed source BENES is not replaced with the sum of cohort beneficiaries.
2376,SAS Raw total beneficiaries [2024 total],beneficiaries,"Source BENES, before approved missing / suppression replacement.",year_total,SAS total inputs,,,Observed source BENES is not replaced with the sum of cohort beneficiaries.
2377,SAS Treated total beneficiaries [2024 total],beneficiaries,"Preserve observed source BENES. If missing or -11, use sum treated member months divided by 5 for 2026 or 12 for earlier years. This is the population count used for eligibility and provider model total.",year_total,SAS total inputs,,,Observed source BENES is not replaced with the sum of cohort beneficiaries.
2378,SAS Sum of treated cohort beneficiaries [2024 total],beneficiaries,Sum the four treated cohort beneficiary counts; retained separately from the supplied overall beneficiary count.,year_total,SAS total inputs,,,Observed source BENES is not replaced with the sum of cohort beneficiaries.
2379,SAS Total less sum of cohort beneficiaries [2024 total],beneficiaries,"Treated overall source beneficiaries minus sum of the four treated cohort beneficiary counts. A nonzero difference is disclosed, not forced to zero.",year_total,SAS total inputs,,,Observed source BENES is not replaced with the sum of cohort beneficiaries.
2380,SAS Total treated member months [2024 total],member-months,"Sum treated member months across ESRD, disabled, aged dual and aged nondual cohorts.",year_total,SAS total inputs,,,Observed source BENES is not replaced with the sum of cohort beneficiaries.
2381,SAS Total beneficiary treatment status [2024 total],text,Observed / imputed from treated member months / no source record.,year_total,SAS total inputs,,,Observed source BENES is not replaced with the sum of cohort beneficiaries.
2382,SAS Raw total beneficiaries [2025 total],beneficiaries,"Source BENES, before approved missing / suppression replacement.",year_total,SAS total inputs,,,Observed source BENES is not replaced with the sum of cohort beneficiaries.
2383,SAS Treated total beneficiaries [2025 total],beneficiaries,"Preserve observed source BENES. If missing or -11, use sum treated member months divided by 5 for 2026 or 12 for earlier years. This is the population count used for eligibility and provider model total.",year_total,SAS total inputs,,,Observed source BENES is not replaced with the sum of cohort beneficiaries.
2384,SAS Sum of treated cohort beneficiaries [2025 total],beneficiaries,Sum the four treated cohort beneficiary counts; retained separately from the supplied overall beneficiary count.,year_total,SAS total inputs,,,Observed source BENES is not replaced with the sum of cohort beneficiaries.
2385,SAS Total less sum of cohort beneficiaries [2025 total],beneficiaries,"Treated overall source beneficiaries minus sum of the four treated cohort beneficiary counts. A nonzero difference is disclosed, not forced to zero.",year_total,SAS total inputs,,,Observed source BENES is not replaced with the sum of cohort beneficiaries.
2386,SAS Total treated member months [2025 total],member-months,"Sum treated member months across ESRD, disabled, aged dual and aged nondual cohorts.",year_total,SAS total inputs,,,Observed source BENES is not replaced with the sum of cohort beneficiaries.
2387,SAS Total beneficiary treatment status [2025 total],text,Observed / imputed from treated member months / no source record.,year_total,SAS total inputs,,,Observed source BENES is not replaced with the sum of cohort beneficiaries.
2388,SAS Raw total beneficiaries [2026 total],beneficiaries,"Source BENES, before approved missing / suppression replacement.",year_total,SAS total inputs,,,Observed source BENES is not replaced with the sum of cohort beneficiaries.
2389,SAS Treated total beneficiaries [2026 total],beneficiaries,"Preserve observed source BENES. If missing or -11, use sum treated member months divided by 5 for 2026 or 12 for earlier years. This is the population count used for eligibility and provider model total.",year_total,SAS total inputs,,,Observed source BENES is not replaced with the sum of cohort beneficiaries.
2390,SAS Sum of treated cohort beneficiaries [2026 total],beneficiaries,Sum the four treated cohort beneficiary counts; retained separately from the supplied overall beneficiary count.,year_total,SAS total inputs,,,Observed source BENES is not replaced with the sum of cohort beneficiaries.
2391,SAS Total less sum of cohort beneficiaries [2026 total],beneficiaries,"Treated overall source beneficiaries minus sum of the four treated cohort beneficiary counts. A nonzero difference is disclosed, not forced to zero.",year_total,SAS total inputs,,,Observed source BENES is not replaced with the sum of cohort beneficiaries.
2392,SAS Total treated member months [2026 total],member-months,"Sum treated member months across ESRD, disabled, aged dual and aged nondual cohorts.",year_total,SAS total inputs,,,Observed source BENES is not replaced with the sum of cohort beneficiaries.
2393,SAS Total beneficiary treatment status [2026 total],text,Observed / imputed from treated member months / no source record.,year_total,SAS total inputs,,,Observed source BENES is not replaced with the sum of cohort beneficiaries.
2394,Assigned county input — BENES total,beneficiaries,Sum current TIN treated assigned-county source records; county source year is recorded separately in the run audit.,model_cell,MSSP PROSP COUNTY,C3,,Synthetic aggregate row for disclosure only; actual county-level weights retained in replay inputs.
2395,Assigned county input — DLIS total,beneficiaries,Sum current TIN treated assigned-county source records; county source year is recorded separately in the run audit.,model_cell,MSSP PROSP COUNTY,D3,,Synthetic aggregate row for disclosure only; actual county-level weights retained in replay inputs.
2396,Assigned county input — ESRD_BENES total,beneficiaries,Sum current TIN treated assigned-county source records; county source year is recorded separately in the run audit.,model_cell,MSSP PROSP COUNTY,E3,,Synthetic aggregate row for disclosure only; actual county-level weights retained in replay inputs.
2397,Assigned county input — DIS_BENES total,beneficiaries,Sum current TIN treated assigned-county source records; county source year is recorded separately in the run audit.,model_cell,MSSP PROSP COUNTY,F3,,Synthetic aggregate row for disclosure only; actual county-level weights retained in replay inputs.
2398,Assigned county input — AD_BENES total,beneficiaries,Sum current TIN treated assigned-county source records; county source year is recorded separately in the run audit.,model_cell,MSSP PROSP COUNTY,G3,,Synthetic aggregate row for disclosure only; actual county-level weights retained in replay inputs.
2399,Assigned county input — ND_BENES total,beneficiaries,Sum current TIN treated assigned-county source records; county source year is recorded separately in the run audit.,model_cell,MSSP PROSP COUNTY,H3,,Synthetic aggregate row for disclosure only; actual county-level weights retained in replay inputs.
2400,2025 MSSP claims - TIN total treated member months,member-months,Sum of four cohort member months after blank to 3 and -11 to 8 replacements on existing source records. Missing year remains unavailable.,,,,,
2401,2025 MSSP claims - ESRD Inpatient paid USD,USD,"Aggregate category paid amount supplied in SAS. Seven categories sum to PAID_TOT. No annualization, trend or model truncation applied. Blank dollars on existing records become zero.",,,,,
2402,2025 MSSP claims - ESRD Inpatient paid PMPM,USD/member-month,Source category aggregate paid USD divided by treated member months for this cohort or all four cohorts for TIN total. Zero exposure gives unavailable PMPM.,,,,,
2403,2025 MSSP claims - ESRD Hospital outpatient paid USD,USD,"Aggregate category paid amount supplied in SAS. Seven categories sum to PAID_TOT. No annualization, trend or model truncation applied. Blank dollars on existing records become zero.",,,,,
2404,2025 MSSP claims - ESRD Hospital outpatient paid PMPM,USD/member-month,Source category aggregate paid USD divided by treated member months for this cohort or all four cohorts for TIN total. Zero exposure gives unavailable PMPM.,,,,,
2405,2025 MSSP claims - ESRD SNF paid USD,USD,"Aggregate category paid amount supplied in SAS. Seven categories sum to PAID_TOT. No annualization, trend or model truncation applied. Blank dollars on existing records become zero.",,,,,
2406,2025 MSSP claims - ESRD SNF paid PMPM,USD/member-month,Source category aggregate paid USD divided by treated member months for this cohort or all four cohorts for TIN total. Zero exposure gives unavailable PMPM.,,,,,
2407,2025 MSSP claims - ESRD HHA paid USD,USD,"Aggregate category paid amount supplied in SAS. Seven categories sum to PAID_TOT. No annualization, trend or model truncation applied. Blank dollars on existing records become zero.",,,,,
2408,2025 MSSP claims - ESRD HHA paid PMPM,USD/member-month,Source category aggregate paid USD divided by treated member months for this cohort or all four cohorts for TIN total. Zero exposure gives unavailable PMPM.,,,,,
2409,2025 MSSP claims - ESRD DME paid USD,USD,"Aggregate category paid amount supplied in SAS. Seven categories sum to PAID_TOT. No annualization, trend or model truncation applied. Blank dollars on existing records become zero.",,,,,
2410,2025 MSSP claims - ESRD DME paid PMPM,USD/member-month,Source category aggregate paid USD divided by treated member months for this cohort or all four cohorts for TIN total. Zero exposure gives unavailable PMPM.,,,,,
2411,2025 MSSP claims - ESRD Physician/carrier paid USD,USD,"Aggregate category paid amount supplied in SAS. Seven categories sum to PAID_TOT. No annualization, trend or model truncation applied. Blank dollars on existing records become zero.",,,,,
2412,2025 MSSP claims - ESRD Physician/carrier paid PMPM,USD/member-month,Source category aggregate paid USD divided by treated member months for this cohort or all four cohorts for TIN total. Zero exposure gives unavailable PMPM.,,,,,
2413,2025 MSSP claims - ESRD Hospice paid USD,USD,"Aggregate category paid amount supplied in SAS. Seven categories sum to PAID_TOT. No annualization, trend or model truncation applied. Blank dollars on existing records become zero.",,,,,
2414,2025 MSSP claims - ESRD Hospice paid PMPM,USD/member-month,Source category aggregate paid USD divided by treated member months for this cohort or all four cohorts for TIN total. Zero exposure gives unavailable PMPM.,,,,,
2415,2025 MSSP claims - ESRD source PAID_TOT USD,USD,Direct supplied aggregate paid amount (or sum of four cohorts). PAID_TOT reconciles to the seven category fields; PAID_RAW is a distinct supplied cost basis. No unsupported adjustment is inferred.,,,,,
2416,2025 MSSP claims - ESRD source PAID_TOT PMPM,USD/member-month,Supplied aggregate paid USD divided by treated cohort or TIN member months. Zero exposure gives unavailable PMPM.,,,,,
2417,2025 MSSP claims - ESRD source PAID_RAW USD,USD,Direct supplied aggregate paid amount (or sum of four cohorts). PAID_TOT reconciles to the seven category fields; PAID_RAW is a distinct supplied cost basis. No unsupported adjustment is inferred.,,,,,
2418,2025 MSSP claims - ESRD source PAID_RAW PMPM,USD/member-month,Supplied aggregate paid USD divided by treated cohort or TIN member months. Zero exposure gives unavailable PMPM.,,,,,
2419,2025 MSSP claims - ESRD categories less PAID_TOT USD,USD,Sum of seven supplied category dollar fields minus supplied PAID_TOT. Small residuals may reflect floating-point arithmetic.,,,,,
2420,2025 MSSP claims - Disabled Inpatient paid USD,USD,"Aggregate category paid amount supplied in SAS. Seven categories sum to PAID_TOT. No annualization, trend or model truncation applied. Blank dollars on existing records become zero.",,,,,
2421,2025 MSSP claims - Disabled Inpatient paid PMPM,USD/member-month,Source category aggregate paid USD divided by treated member months for this cohort or all four cohorts for TIN total. Zero exposure gives unavailable PMPM.,,,,,
2422,2025 MSSP claims - Disabled Hospital outpatient paid USD,USD,"Aggregate category paid amount supplied in SAS. Seven categories sum to PAID_TOT. No annualization, trend or model truncation applied. Blank dollars on existing records become zero.",,,,,
2423,2025 MSSP claims - Disabled Hospital outpatient paid PMPM,USD/member-month,Source category aggregate paid USD divided by treated member months for this cohort or all four cohorts for TIN total. Zero exposure gives unavailable PMPM.,,,,,
2424,2025 MSSP claims - Disabled SNF paid USD,USD,"Aggregate category paid amount supplied in SAS. Seven categories sum to PAID_TOT. No annualization, trend or model truncation applied. Blank dollars on existing records become zero.",,,,,
2425,2025 MSSP claims - Disabled SNF paid PMPM,USD/member-month,Source category aggregate paid USD divided by treated member months for this cohort or all four cohorts for TIN total. Zero exposure gives unavailable PMPM.,,,,,
2426,2025 MSSP claims - Disabled HHA paid USD,USD,"Aggregate category paid amount supplied in SAS. Seven categories sum to PAID_TOT. No annualization, trend or model truncation applied. Blank dollars on existing records become zero.",,,,,
2427,2025 MSSP claims - Disabled HHA paid PMPM,USD/member-month,Source category aggregate paid USD divided by treated member months for this cohort or all four cohorts for TIN total. Zero exposure gives unavailable PMPM.,,,,,
2428,2025 MSSP claims - Disabled DME paid USD,USD,"Aggregate category paid amount supplied in SAS. Seven categories sum to PAID_TOT. No annualization, trend or model truncation applied. Blank dollars on existing records become zero.",,,,,
2429,2025 MSSP claims - Disabled DME paid PMPM,USD/member-month,Source category aggregate paid USD divided by treated member months for this cohort or all four cohorts for TIN total. Zero exposure gives unavailable PMPM.,,,,,
2430,2025 MSSP claims - Disabled Physician/carrier paid USD,USD,"Aggregate category paid amount supplied in SAS. Seven categories sum to PAID_TOT. No annualization, trend or model truncation applied. Blank dollars on existing records become zero.",,,,,
2431,2025 MSSP claims - Disabled Physician/carrier paid PMPM,USD/member-month,Source category aggregate paid USD divided by treated member months for this cohort or all four cohorts for TIN total. Zero exposure gives unavailable PMPM.,,,,,
2432,2025 MSSP claims - Disabled Hospice paid USD,USD,"Aggregate category paid amount supplied in SAS. Seven categories sum to PAID_TOT. No annualization, trend or model truncation applied. Blank dollars on existing records become zero.",,,,,
2433,2025 MSSP claims - Disabled Hospice paid PMPM,USD/member-month,Source category aggregate paid USD divided by treated member months for this cohort or all four cohorts for TIN total. Zero exposure gives unavailable PMPM.,,,,,
2434,2025 MSSP claims - Disabled source PAID_TOT USD,USD,Direct supplied aggregate paid amount (or sum of four cohorts). PAID_TOT reconciles to the seven category fields; PAID_RAW is a distinct supplied cost basis. No unsupported adjustment is inferred.,,,,,
2435,2025 MSSP claims - Disabled source PAID_TOT PMPM,USD/member-month,Supplied aggregate paid USD divided by treated cohort or TIN member months. Zero exposure gives unavailable PMPM.,,,,,
2436,2025 MSSP claims - Disabled source PAID_RAW USD,USD,Direct supplied aggregate paid amount (or sum of four cohorts). PAID_TOT reconciles to the seven category fields; PAID_RAW is a distinct supplied cost basis. No unsupported adjustment is inferred.,,,,,
2437,2025 MSSP claims - Disabled source PAID_RAW PMPM,USD/member-month,Supplied aggregate paid USD divided by treated cohort or TIN member months. Zero exposure gives unavailable PMPM.,,,,,
2438,2025 MSSP claims - Disabled categories less PAID_TOT USD,USD,Sum of seven supplied category dollar fields minus supplied PAID_TOT. Small residuals may reflect floating-point arithmetic.,,,,,
2439,2025 MSSP claims - Aged dual Inpatient paid USD,USD,"Aggregate category paid amount supplied in SAS. Seven categories sum to PAID_TOT. No annualization, trend or model truncation applied. Blank dollars on existing records become zero.",,,,,
2440,2025 MSSP claims - Aged dual Inpatient paid PMPM,USD/member-month,Source category aggregate paid USD divided by treated member months for this cohort or all four cohorts for TIN total. Zero exposure gives unavailable PMPM.,,,,,
2441,2025 MSSP claims - Aged dual Hospital outpatient paid USD,USD,"Aggregate category paid amount supplied in SAS. Seven categories sum to PAID_TOT. No annualization, trend or model truncation applied. Blank dollars on existing records become zero.",,,,,
2442,2025 MSSP claims - Aged dual Hospital outpatient paid PMPM,USD/member-month,Source category aggregate paid USD divided by treated member months for this cohort or all four cohorts for TIN total. Zero exposure gives unavailable PMPM.,,,,,
2443,2025 MSSP claims - Aged dual SNF paid USD,USD,"Aggregate category paid amount supplied in SAS. Seven categories sum to PAID_TOT. No annualization, trend or model truncation applied. Blank dollars on existing records become zero.",,,,,
2444,2025 MSSP claims - Aged dual SNF paid PMPM,USD/member-month,Source category aggregate paid USD divided by treated member months for this cohort or all four cohorts for TIN total. Zero exposure gives unavailable PMPM.,,,,,
2445,2025 MSSP claims - Aged dual HHA paid USD,USD,"Aggregate category paid amount supplied in SAS. Seven categories sum to PAID_TOT. No annualization, trend or model truncation applied. Blank dollars on existing records become zero.",,,,,
2446,2025 MSSP claims - Aged dual HHA paid PMPM,USD/member-month,Source category aggregate paid USD divided by treated member months for this cohort or all four cohorts for TIN total. Zero exposure gives unavailable PMPM.,,,,,
2447,2025 MSSP claims - Aged dual DME paid USD,USD,"Aggregate category paid amount supplied in SAS. Seven categories sum to PAID_TOT. No annualization, trend or model truncation applied. Blank dollars on existing records become zero.",,,,,
2448,2025 MSSP claims - Aged dual DME paid PMPM,USD/member-month,Source category aggregate paid USD divided by treated member months for this cohort or all four cohorts for TIN total. Zero exposure gives unavailable PMPM.,,,,,
2449,2025 MSSP claims - Aged dual Physician/carrier paid USD,USD,"Aggregate category paid amount supplied in SAS. Seven categories sum to PAID_TOT. No annualization, trend or model truncation applied. Blank dollars on existing records become zero.",,,,,
2450,2025 MSSP claims - Aged dual Physician/carrier paid PMPM,USD/member-month,Source category aggregate paid USD divided by treated member months for this cohort or all four cohorts for TIN total. Zero exposure gives unavailable PMPM.,,,,,
2451,2025 MSSP claims - Aged dual Hospice paid USD,USD,"Aggregate category paid amount supplied in SAS. Seven categories sum to PAID_TOT. No annualization, trend or model truncation applied. Blank dollars on existing records become zero.",,,,,
2452,2025 MSSP claims - Aged dual Hospice paid PMPM,USD/member-month,Source category aggregate paid USD divided by treated member months for this cohort or all four cohorts for TIN total. Zero exposure gives unavailable PMPM.,,,,,
2453,2025 MSSP claims - Aged dual source PAID_TOT USD,USD,Direct supplied aggregate paid amount (or sum of four cohorts). PAID_TOT reconciles to the seven category fields; PAID_RAW is a distinct supplied cost basis. No unsupported adjustment is inferred.,,,,,
2454,2025 MSSP claims - Aged dual source PAID_TOT PMPM,USD/member-month,Supplied aggregate paid USD divided by treated cohort or TIN member months. Zero exposure gives unavailable PMPM.,,,,,
2455,2025 MSSP claims - Aged dual source PAID_RAW USD,USD,Direct supplied aggregate paid amount (or sum of four cohorts). PAID_TOT reconciles to the seven category fields; PAID_RAW is a distinct supplied cost basis. No unsupported adjustment is inferred.,,,,,
2456,2025 MSSP claims - Aged dual source PAID_RAW PMPM,USD/member-month,Supplied aggregate paid USD divided by treated cohort or TIN member months. Zero exposure gives unavailable PMPM.,,,,,
2457,2025 MSSP claims - Aged dual categories less PAID_TOT USD,USD,Sum of seven supplied category dollar fields minus supplied PAID_TOT. Small residuals may reflect floating-point arithmetic.,,,,,
2458,2025 MSSP claims - Aged nondual Inpatient paid USD,USD,"Aggregate category paid amount supplied in SAS. Seven categories sum to PAID_TOT. No annualization, trend or model truncation applied. Blank dollars on existing records become zero.",,,,,
2459,2025 MSSP claims - Aged nondual Inpatient paid PMPM,USD/member-month,Source category aggregate paid USD divided by treated member months for this cohort or all four cohorts for TIN total. Zero exposure gives unavailable PMPM.,,,,,
2460,2025 MSSP claims - Aged nondual Hospital outpatient paid USD,USD,"Aggregate category paid amount supplied in SAS. Seven categories sum to PAID_TOT. No annualization, trend or model truncation applied. Blank dollars on existing records become zero.",,,,,
2461,2025 MSSP claims - Aged nondual Hospital outpatient paid PMPM,USD/member-month,Source category aggregate paid USD divided by treated member months for this cohort or all four cohorts for TIN total. Zero exposure gives unavailable PMPM.,,,,,
2462,2025 MSSP claims - Aged nondual SNF paid USD,USD,"Aggregate category paid amount supplied in SAS. Seven categories sum to PAID_TOT. No annualization, trend or model truncation applied. Blank dollars on existing records become zero.",,,,,
2463,2025 MSSP claims - Aged nondual SNF paid PMPM,USD/member-month,Source category aggregate paid USD divided by treated member months for this cohort or all four cohorts for TIN total. Zero exposure gives unavailable PMPM.,,,,,
2464,2025 MSSP claims - Aged nondual HHA paid USD,USD,"Aggregate category paid amount supplied in SAS. Seven categories sum to PAID_TOT. No annualization, trend or model truncation applied. Blank dollars on existing records become zero.",,,,,
2465,2025 MSSP claims - Aged nondual HHA paid PMPM,USD/member-month,Source category aggregate paid USD divided by treated member months for this cohort or all four cohorts for TIN total. Zero exposure gives unavailable PMPM.,,,,,
2466,2025 MSSP claims - Aged nondual DME paid USD,USD,"Aggregate category paid amount supplied in SAS. Seven categories sum to PAID_TOT. No annualization, trend or model truncation applied. Blank dollars on existing records become zero.",,,,,
2467,2025 MSSP claims - Aged nondual DME paid PMPM,USD/member-month,Source category aggregate paid USD divided by treated member months for this cohort or all four cohorts for TIN total. Zero exposure gives unavailable PMPM.,,,,,
2468,2025 MSSP claims - Aged nondual Physician/carrier paid USD,USD,"Aggregate category paid amount supplied in SAS. Seven categories sum to PAID_TOT. No annualization, trend or model truncation applied. Blank dollars on existing records become zero.",,,,,
2469,2025 MSSP claims - Aged nondual Physician/carrier paid PMPM,USD/member-month,Source category aggregate paid USD divided by treated member months for this cohort or all four cohorts for TIN total. Zero exposure gives unavailable PMPM.,,,,,
2470,2025 MSSP claims - Aged nondual Hospice paid USD,USD,"Aggregate category paid amount supplied in SAS. Seven categories sum to PAID_TOT. No annualization, trend or model truncation applied. Blank dollars on existing records become zero.",,,,,
2471,2025 MSSP claims - Aged nondual Hospice paid PMPM,USD/member-month,Source category aggregate paid USD divided by treated member months for this cohort or all four cohorts for TIN total. Zero exposure gives unavailable PMPM.,,,,,
2472,2025 MSSP claims - Aged nondual source PAID_TOT USD,USD,Direct supplied aggregate paid amount (or sum of four cohorts). PAID_TOT reconciles to the seven category fields; PAID_RAW is a distinct supplied cost basis. No unsupported adjustment is inferred.,,,,,
2473,2025 MSSP claims - Aged nondual source PAID_TOT PMPM,USD/member-month,Supplied aggregate paid USD divided by treated cohort or TIN member months. Zero exposure gives unavailable PMPM.,,,,,
2474,2025 MSSP claims - Aged nondual source PAID_RAW USD,USD,Direct supplied aggregate paid amount (or sum of four cohorts). PAID_TOT reconciles to the seven category fields; PAID_RAW is a distinct supplied cost basis. No unsupported adjustment is inferred.,,,,,
2475,2025 MSSP claims - Aged nondual source PAID_RAW PMPM,USD/member-month,Supplied aggregate paid USD divided by treated cohort or TIN member months. Zero exposure gives unavailable PMPM.,,,,,
2476,2025 MSSP claims - Aged nondual categories less PAID_TOT USD,USD,Sum of seven supplied category dollar fields minus supplied PAID_TOT. Small residuals may reflect floating-point arithmetic.,,,,,
2477,2025 MSSP claims - TIN total Inpatient paid USD,USD,"Aggregate category paid amount supplied in SAS. Seven categories sum to PAID_TOT. No annualization, trend or model truncation applied. Blank dollars on existing records become zero.",,,,,
2478,2025 MSSP claims - TIN total Inpatient paid PMPM,USD/member-month,Source category aggregate paid USD divided by treated member months for this cohort or all four cohorts for TIN total. Zero exposure gives unavailable PMPM.,,,,,
2479,2025 MSSP claims - TIN total Hospital outpatient paid USD,USD,"Aggregate category paid amount supplied in SAS. Seven categories sum to PAID_TOT. No annualization, trend or model truncation applied. Blank dollars on existing records become zero.",,,,,
2480,2025 MSSP claims - TIN total Hospital outpatient paid PMPM,USD/member-month,Source category aggregate paid USD divided by treated member months for this cohort or all four cohorts for TIN total. Zero exposure gives unavailable PMPM.,,,,,
2481,2025 MSSP claims - TIN total SNF paid USD,USD,"Aggregate category paid amount supplied in SAS. Seven categories sum to PAID_TOT. No annualization, trend or model truncation applied. Blank dollars on existing records become zero.",,,,,
2482,2025 MSSP claims - TIN total SNF paid PMPM,USD/member-month,Source category aggregate paid USD divided by treated member months for this cohort or all four cohorts for TIN total. Zero exposure gives unavailable PMPM.,,,,,
2483,2025 MSSP claims - TIN total HHA paid USD,USD,"Aggregate category paid amount supplied in SAS. Seven categories sum to PAID_TOT. No annualization, trend or model truncation applied. Blank dollars on existing records become zero.",,,,,
2484,2025 MSSP claims - TIN total HHA paid PMPM,USD/member-month,Source category aggregate paid USD divided by treated member months for this cohort or all four cohorts for TIN total. Zero exposure gives unavailable PMPM.,,,,,
2485,2025 MSSP claims - TIN total DME paid USD,USD,"Aggregate category paid amount supplied in SAS. Seven categories sum to PAID_TOT. No annualization, trend or model truncation applied. Blank dollars on existing records become zero.",,,,,
2486,2025 MSSP claims - TIN total DME paid PMPM,USD/member-month,Source category aggregate paid USD divided by treated member months for this cohort or all four cohorts for TIN total. Zero exposure gives unavailable PMPM.,,,,,
2487,2025 MSSP claims - TIN total Physician/carrier paid USD,USD,"Aggregate category paid amount supplied in SAS. Seven categories sum to PAID_TOT. No annualization, trend or model truncation applied. Blank dollars on existing records become zero.",,,,,
2488,2025 MSSP claims - TIN total Physician/carrier paid PMPM,USD/member-month,Source category aggregate paid USD divided by treated member months for this cohort or all four cohorts for TIN total. Zero exposure gives unavailable PMPM.,,,,,
2489,2025 MSSP claims - TIN total Hospice paid USD,USD,"Aggregate category paid amount supplied in SAS. Seven categories sum to PAID_TOT. No annualization, trend or model truncation applied. Blank dollars on existing records become zero.",,,,,
2490,2025 MSSP claims - TIN total Hospice paid PMPM,USD/member-month,Source category aggregate paid USD divided by treated member months for this cohort or all four cohorts for TIN total. Zero exposure gives unavailable PMPM.,,,,,
2491,2025 MSSP claims - TIN total source PAID_TOT USD,USD,Direct supplied aggregate paid amount (or sum of four cohorts). PAID_TOT reconciles to the seven category fields; PAID_RAW is a distinct supplied cost basis. No unsupported adjustment is inferred.,,,,,
2492,2025 MSSP claims - TIN total source PAID_TOT PMPM,USD/member-month,Supplied aggregate paid USD divided by treated cohort or TIN member months. Zero exposure gives unavailable PMPM.,,,,,
2493,2025 MSSP claims - TIN total source PAID_RAW USD,USD,Direct supplied aggregate paid amount (or sum of four cohorts). PAID_TOT reconciles to the seven category fields; PAID_RAW is a distinct supplied cost basis. No unsupported adjustment is inferred.,,,,,
2494,2025 MSSP claims - TIN total source PAID_RAW PMPM,USD/member-month,Supplied aggregate paid USD divided by treated cohort or TIN member months. Zero exposure gives unavailable PMPM.,,,,,
2495,2025 MSSP claims - TIN total categories less PAID_TOT USD,USD,Sum of seven supplied category dollar fields minus supplied PAID_TOT. Small residuals may reflect floating-point arithmetic.,,,,,
2496,2025 MSSP claims - ESRD source PAID_ANNUALIZED,USD/person-year,Preserved supplied annualized expenditure rate with blank dollars treated as zero. Do not substitute for PAID_TOT or force equality to PAID_RAW / treated exposure; source and suppression differences are preserved.,,,,,
2497,2025 MSSP claims - Disabled source PAID_ANNUALIZED,USD/person-year,Preserved supplied annualized expenditure rate with blank dollars treated as zero. Do not substitute for PAID_TOT or force equality to PAID_RAW / treated exposure; source and suppression differences are preserved.,,,,,
2498,2025 MSSP claims - Aged dual source PAID_ANNUALIZED,USD/person-year,Preserved supplied annualized expenditure rate with blank dollars treated as zero. Do not substitute for PAID_TOT or force equality to PAID_RAW / treated exposure; source and suppression differences are preserved.,,,,,
2499,2025 MSSP claims - Aged nondual source PAID_ANNUALIZED,USD/person-year,Preserved supplied annualized expenditure rate with blank dollars treated as zero. Do not substitute for PAID_TOT or force equality to PAID_RAW / treated exposure; source and suppression differences are preserved.,,,,,
2500,2025 MSSP claims - TIN total model truncated paid numerator USD,USD,"Sum of cohort PAID_TRUNC × treated member months / 12. This is the financial model cost basis, distinct from supplied PAID_TOT and category dollars.",,,,,
2501,2025 MSSP claims - TIN total model truncated expense PMPM,USD/member-month,Model truncated paid numerator divided by total treated member months.,,,,,
2502,2025 MSSP claims category availability,text,Source year availability and category cost basis. A missing source year is not converted to zero.,,,,,
2503,2026 MSSP claims - TIN total treated member months,member-months,Sum of four cohort member months after blank to 3 and -11 to 8 replacements on existing source records. Missing year remains unavailable.,,,,,
2504,2026 MSSP claims - ESRD Inpatient paid USD,USD,"Aggregate category paid amount supplied in SAS. Seven categories sum to PAID_TOT. No annualization, trend or model truncation applied. Blank dollars on existing records become zero.",,,,,
2505,2026 MSSP claims - ESRD Inpatient paid PMPM,USD/member-month,Source category aggregate paid USD divided by treated member months for this cohort or all four cohorts for TIN total. Zero exposure gives unavailable PMPM.,,,,,
2506,2026 MSSP claims - ESRD Hospital outpatient paid USD,USD,"Aggregate category paid amount supplied in SAS. Seven categories sum to PAID_TOT. No annualization, trend or model truncation applied. Blank dollars on existing records become zero.",,,,,
2507,2026 MSSP claims - ESRD Hospital outpatient paid PMPM,USD/member-month,Source category aggregate paid USD divided by treated member months for this cohort or all four cohorts for TIN total. Zero exposure gives unavailable PMPM.,,,,,
2508,2026 MSSP claims - ESRD SNF paid USD,USD,"Aggregate category paid amount supplied in SAS. Seven categories sum to PAID_TOT. No annualization, trend or model truncation applied. Blank dollars on existing records become zero.",,,,,
2509,2026 MSSP claims - ESRD SNF paid PMPM,USD/member-month,Source category aggregate paid USD divided by treated member months for this cohort or all four cohorts for TIN total. Zero exposure gives unavailable PMPM.,,,,,
2510,2026 MSSP claims - ESRD HHA paid USD,USD,"Aggregate category paid amount supplied in SAS. Seven categories sum to PAID_TOT. No annualization, trend or model truncation applied. Blank dollars on existing records become zero.",,,,,
2511,2026 MSSP claims - ESRD HHA paid PMPM,USD/member-month,Source category aggregate paid USD divided by treated member months for this cohort or all four cohorts for TIN total. Zero exposure gives unavailable PMPM.,,,,,
2512,2026 MSSP claims - ESRD DME paid USD,USD,"Aggregate category paid amount supplied in SAS. Seven categories sum to PAID_TOT. No annualization, trend or model truncation applied. Blank dollars on existing records become zero.",,,,,
2513,2026 MSSP claims - ESRD DME paid PMPM,USD/member-month,Source category aggregate paid USD divided by treated member months for this cohort or all four cohorts for TIN total. Zero exposure gives unavailable PMPM.,,,,,
2514,2026 MSSP claims - ESRD Physician/carrier paid USD,USD,"Aggregate category paid amount supplied in SAS. Seven categories sum to PAID_TOT. No annualization, trend or model truncation applied. Blank dollars on existing records become zero.",,,,,
2515,2026 MSSP claims - ESRD Physician/carrier paid PMPM,USD/member-month,Source category aggregate paid USD divided by treated member months for this cohort or all four cohorts for TIN total. Zero exposure gives unavailable PMPM.,,,,,
2516,2026 MSSP claims - ESRD Hospice paid USD,USD,"Aggregate category paid amount supplied in SAS. Seven categories sum to PAID_TOT. No annualization, trend or model truncation applied. Blank dollars on existing records become zero.",,,,,
2517,2026 MSSP claims - ESRD Hospice paid PMPM,USD/member-month,Source category aggregate paid USD divided by treated member months for this cohort or all four cohorts for TIN total. Zero exposure gives unavailable PMPM.,,,,,
2518,2026 MSSP claims - ESRD source PAID_TOT USD,USD,Direct supplied aggregate paid amount (or sum of four cohorts). PAID_TOT reconciles to the seven category fields; PAID_RAW is a distinct supplied cost basis. No unsupported adjustment is inferred.,,,,,
2519,2026 MSSP claims - ESRD source PAID_TOT PMPM,USD/member-month,Supplied aggregate paid USD divided by treated cohort or TIN member months. Zero exposure gives unavailable PMPM.,,,,,
2520,2026 MSSP claims - ESRD source PAID_RAW USD,USD,Direct supplied aggregate paid amount (or sum of four cohorts). PAID_TOT reconciles to the seven category fields; PAID_RAW is a distinct supplied cost basis. No unsupported adjustment is inferred.,,,,,
2521,2026 MSSP claims - ESRD source PAID_RAW PMPM,USD/member-month,Supplied aggregate paid USD divided by treated cohort or TIN member months. Zero exposure gives unavailable PMPM.,,,,,
2522,2026 MSSP claims - ESRD categories less PAID_TOT USD,USD,Sum of seven supplied category dollar fields minus supplied PAID_TOT. Small residuals may reflect floating-point arithmetic.,,,,,
2523,2026 MSSP claims - Disabled Inpatient paid USD,USD,"Aggregate category paid amount supplied in SAS. Seven categories sum to PAID_TOT. No annualization, trend or model truncation applied. Blank dollars on existing records become zero.",,,,,
2524,2026 MSSP claims - Disabled Inpatient paid PMPM,USD/member-month,Source category aggregate paid USD divided by treated member months for this cohort or all four cohorts for TIN total. Zero exposure gives unavailable PMPM.,,,,,
2525,2026 MSSP claims - Disabled Hospital outpatient paid USD,USD,"Aggregate category paid amount supplied in SAS. Seven categories sum to PAID_TOT. No annualization, trend or model truncation applied. Blank dollars on existing records become zero.",,,,,
2526,2026 MSSP claims - Disabled Hospital outpatient paid PMPM,USD/member-month,Source category aggregate paid USD divided by treated member months for this cohort or all four cohorts for TIN total. Zero exposure gives unavailable PMPM.,,,,,
2527,2026 MSSP claims - Disabled SNF paid USD,USD,"Aggregate category paid amount supplied in SAS. Seven categories sum to PAID_TOT. No annualization, trend or model truncation applied. Blank dollars on existing records become zero.",,,,,
2528,2026 MSSP claims - Disabled SNF paid PMPM,USD/member-month,Source category aggregate paid USD divided by treated member months for this cohort or all four cohorts for TIN total. Zero exposure gives unavailable PMPM.,,,,,
2529,2026 MSSP claims - Disabled HHA paid USD,USD,"Aggregate category paid amount supplied in SAS. Seven categories sum to PAID_TOT. No annualization, trend or model truncation applied. Blank dollars on existing records become zero.",,,,,
2530,2026 MSSP claims - Disabled HHA paid PMPM,USD/member-month,Source category aggregate paid USD divided by treated member months for this cohort or all four cohorts for TIN total. Zero exposure gives unavailable PMPM.,,,,,
2531,2026 MSSP claims - Disabled DME paid USD,USD,"Aggregate category paid amount supplied in SAS. Seven categories sum to PAID_TOT. No annualization, trend or model truncation applied. Blank dollars on existing records become zero.",,,,,
2532,2026 MSSP claims - Disabled DME paid PMPM,USD/member-month,Source category aggregate paid USD divided by treated member months for this cohort or all four cohorts for TIN total. Zero exposure gives unavailable PMPM.,,,,,
2533,2026 MSSP claims - Disabled Physician/carrier paid USD,USD,"Aggregate category paid amount supplied in SAS. Seven categories sum to PAID_TOT. No annualization, trend or model truncation applied. Blank dollars on existing records become zero.",,,,,
2534,2026 MSSP claims - Disabled Physician/carrier paid PMPM,USD/member-month,Source category aggregate paid USD divided by treated member months for this cohort or all four cohorts for TIN total. Zero exposure gives unavailable PMPM.,,,,,
2535,2026 MSSP claims - Disabled Hospice paid USD,USD,"Aggregate category paid amount supplied in SAS. Seven categories sum to PAID_TOT. No annualization, trend or model truncation applied. Blank dollars on existing records become zero.",,,,,
2536,2026 MSSP claims - Disabled Hospice paid PMPM,USD/member-month,Source category aggregate paid USD divided by treated member months for this cohort or all four cohorts for TIN total. Zero exposure gives unavailable PMPM.,,,,,
2537,2026 MSSP claims - Disabled source PAID_TOT USD,USD,Direct supplied aggregate paid amount (or sum of four cohorts). PAID_TOT reconciles to the seven category fields; PAID_RAW is a distinct supplied cost basis. No unsupported adjustment is inferred.,,,,,
2538,2026 MSSP claims - Disabled source PAID_TOT PMPM,USD/member-month,Supplied aggregate paid USD divided by treated cohort or TIN member months. Zero exposure gives unavailable PMPM.,,,,,
2539,2026 MSSP claims - Disabled source PAID_RAW USD,USD,Direct supplied aggregate paid amount (or sum of four cohorts). PAID_TOT reconciles to the seven category fields; PAID_RAW is a distinct supplied cost basis. No unsupported adjustment is inferred.,,,,,
2540,2026 MSSP claims - Disabled source PAID_RAW PMPM,USD/member-month,Supplied aggregate paid USD divided by treated cohort or TIN member months. Zero exposure gives unavailable PMPM.,,,,,
2541,2026 MSSP claims - Disabled categories less PAID_TOT USD,USD,Sum of seven supplied category dollar fields minus supplied PAID_TOT. Small residuals may reflect floating-point arithmetic.,,,,,
2542,2026 MSSP claims - Aged dual Inpatient paid USD,USD,"Aggregate category paid amount supplied in SAS. Seven categories sum to PAID_TOT. No annualization, trend or model truncation applied. Blank dollars on existing records become zero.",,,,,
2543,2026 MSSP claims - Aged dual Inpatient paid PMPM,USD/member-month,Source category aggregate paid USD divided by treated member months for this cohort or all four cohorts for TIN total. Zero exposure gives unavailable PMPM.,,,,,
2544,2026 MSSP claims - Aged dual Hospital outpatient paid USD,USD,"Aggregate category paid amount supplied in SAS. Seven categories sum to PAID_TOT. No annualization, trend or model truncation applied. Blank dollars on existing records become zero.",,,,,
2545,2026 MSSP claims - Aged dual Hospital outpatient paid PMPM,USD/member-month,Source category aggregate paid USD divided by treated member months for this cohort or all four cohorts for TIN total. Zero exposure gives unavailable PMPM.,,,,,
2546,2026 MSSP claims - Aged dual SNF paid USD,USD,"Aggregate category paid amount supplied in SAS. Seven categories sum to PAID_TOT. No annualization, trend or model truncation applied. Blank dollars on existing records become zero.",,,,,
2547,2026 MSSP claims - Aged dual SNF paid PMPM,USD/member-month,Source category aggregate paid USD divided by treated member months for this cohort or all four cohorts for TIN total. Zero exposure gives unavailable PMPM.,,,,,
2548,2026 MSSP claims - Aged dual HHA paid USD,USD,"Aggregate category paid amount supplied in SAS. Seven categories sum to PAID_TOT. No annualization, trend or model truncation applied. Blank dollars on existing records become zero.",,,,,
2549,2026 MSSP claims - Aged dual HHA paid PMPM,USD/member-month,Source category aggregate paid USD divided by treated member months for this cohort or all four cohorts for TIN total. Zero exposure gives unavailable PMPM.,,,,,
2550,2026 MSSP claims - Aged dual DME paid USD,USD,"Aggregate category paid amount supplied in SAS. Seven categories sum to PAID_TOT. No annualization, trend or model truncation applied. Blank dollars on existing records become zero.",,,,,
2551,2026 MSSP claims - Aged dual DME paid PMPM,USD/member-month,Source category aggregate paid USD divided by treated member months for this cohort or all four cohorts for TIN total. Zero exposure gives unavailable PMPM.,,,,,
2552,2026 MSSP claims - Aged dual Physician/carrier paid USD,USD,"Aggregate category paid amount supplied in SAS. Seven categories sum to PAID_TOT. No annualization, trend or model truncation applied. Blank dollars on existing records become zero.",,,,,
2553,2026 MSSP claims - Aged dual Physician/carrier paid PMPM,USD/member-month,Source category aggregate paid USD divided by treated member months for this cohort or all four cohorts for TIN total. Zero exposure gives unavailable PMPM.,,,,,
2554,2026 MSSP claims - Aged dual Hospice paid USD,USD,"Aggregate category paid amount supplied in SAS. Seven categories sum to PAID_TOT. No annualization, trend or model truncation applied. Blank dollars on existing records become zero.",,,,,
2555,2026 MSSP claims - Aged dual Hospice paid PMPM,USD/member-month,Source category aggregate paid USD divided by treated member months for this cohort or all four cohorts for TIN total. Zero exposure gives unavailable PMPM.,,,,,
2556,2026 MSSP claims - Aged dual source PAID_TOT USD,USD,Direct supplied aggregate paid amount (or sum of four cohorts). PAID_TOT reconciles to the seven category fields; PAID_RAW is a distinct supplied cost basis. No unsupported adjustment is inferred.,,,,,
2557,2026 MSSP claims - Aged dual source PAID_TOT PMPM,USD/member-month,Supplied aggregate paid USD divided by treated cohort or TIN member months. Zero exposure gives unavailable PMPM.,,,,,
2558,2026 MSSP claims - Aged dual source PAID_RAW USD,USD,Direct supplied aggregate paid amount (or sum of four cohorts). PAID_TOT reconciles to the seven category fields; PAID_RAW is a distinct supplied cost basis. No unsupported adjustment is inferred.,,,,,
2559,2026 MSSP claims - Aged dual source PAID_RAW PMPM,USD/member-month,Supplied aggregate paid USD divided by treated cohort or TIN member months. Zero exposure gives unavailable PMPM.,,,,,
2560,2026 MSSP claims - Aged dual categories less PAID_TOT USD,USD,Sum of seven supplied category dollar fields minus supplied PAID_TOT. Small residuals may reflect floating-point arithmetic.,,,,,
2561,2026 MSSP claims - Aged nondual Inpatient paid USD,USD,"Aggregate category paid amount supplied in SAS. Seven categories sum to PAID_TOT. No annualization, trend or model truncation applied. Blank dollars on existing records become zero.",,,,,
2562,2026 MSSP claims - Aged nondual Inpatient paid PMPM,USD/member-month,Source category aggregate paid USD divided by treated member months for this cohort or all four cohorts for TIN total. Zero exposure gives unavailable PMPM.,,,,,
2563,2026 MSSP claims - Aged nondual Hospital outpatient paid USD,USD,"Aggregate category paid amount supplied in SAS. Seven categories sum to PAID_TOT. No annualization, trend or model truncation applied. Blank dollars on existing records become zero.",,,,,
2564,2026 MSSP claims - Aged nondual Hospital outpatient paid PMPM,USD/member-month,Source category aggregate paid USD divided by treated member months for this cohort or all four cohorts for TIN total. Zero exposure gives unavailable PMPM.,,,,,
2565,2026 MSSP claims - Aged nondual SNF paid USD,USD,"Aggregate category paid amount supplied in SAS. Seven categories sum to PAID_TOT. No annualization, trend or model truncation applied. Blank dollars on existing records become zero.",,,,,
2566,2026 MSSP claims - Aged nondual SNF paid PMPM,USD/member-month,Source category aggregate paid USD divided by treated member months for this cohort or all four cohorts for TIN total. Zero exposure gives unavailable PMPM.,,,,,
2567,2026 MSSP claims - Aged nondual HHA paid USD,USD,"Aggregate category paid amount supplied in SAS. Seven categories sum to PAID_TOT. No annualization, trend or model truncation applied. Blank dollars on existing records become zero.",,,,,
2568,2026 MSSP claims - Aged nondual HHA paid PMPM,USD/member-month,Source category aggregate paid USD divided by treated member months for this cohort or all four cohorts for TIN total. Zero exposure gives unavailable PMPM.,,,,,
2569,2026 MSSP claims - Aged nondual DME paid USD,USD,"Aggregate category paid amount supplied in SAS. Seven categories sum to PAID_TOT. No annualization, trend or model truncation applied. Blank dollars on existing records become zero.",,,,,
2570,2026 MSSP claims - Aged nondual DME paid PMPM,USD/member-month,Source category aggregate paid USD divided by treated member months for this cohort or all four cohorts for TIN total. Zero exposure gives unavailable PMPM.,,,,,
2571,2026 MSSP claims - Aged nondual Physician/carrier paid USD,USD,"Aggregate category paid amount supplied in SAS. Seven categories sum to PAID_TOT. No annualization, trend or model truncation applied. Blank dollars on existing records become zero.",,,,,
2572,2026 MSSP claims - Aged nondual Physician/carrier paid PMPM,USD/member-month,Source category aggregate paid USD divided by treated member months for this cohort or all four cohorts for TIN total. Zero exposure gives unavailable PMPM.,,,,,
2573,2026 MSSP claims - Aged nondual Hospice paid USD,USD,"Aggregate category paid amount supplied in SAS. Seven categories sum to PAID_TOT. No annualization, trend or model truncation applied. Blank dollars on existing records become zero.",,,,,
2574,2026 MSSP claims - Aged nondual Hospice paid PMPM,USD/member-month,Source category aggregate paid USD divided by treated member months for this cohort or all four cohorts for TIN total. Zero exposure gives unavailable PMPM.,,,,,
2575,2026 MSSP claims - Aged nondual source PAID_TOT USD,USD,Direct supplied aggregate paid amount (or sum of four cohorts). PAID_TOT reconciles to the seven category fields; PAID_RAW is a distinct supplied cost basis. No unsupported adjustment is inferred.,,,,,
2576,2026 MSSP claims - Aged nondual source PAID_TOT PMPM,USD/member-month,Supplied aggregate paid USD divided by treated cohort or TIN member months. Zero exposure gives unavailable PMPM.,,,,,
2577,2026 MSSP claims - Aged nondual source PAID_RAW USD,USD,Direct supplied aggregate paid amount (or sum of four cohorts). PAID_TOT reconciles to the seven category fields; PAID_RAW is a distinct supplied cost basis. No unsupported adjustment is inferred.,,,,,
2578,2026 MSSP claims - Aged nondual source PAID_RAW PMPM,USD/member-month,Supplied aggregate paid USD divided by treated cohort or TIN member months. Zero exposure gives unavailable PMPM.,,,,,
2579,2026 MSSP claims - Aged nondual categories less PAID_TOT USD,USD,Sum of seven supplied category dollar fields minus supplied PAID_TOT. Small residuals may reflect floating-point arithmetic.,,,,,
2580,2026 MSSP claims - TIN total Inpatient paid USD,USD,"Aggregate category paid amount supplied in SAS. Seven categories sum to PAID_TOT. No annualization, trend or model truncation applied. Blank dollars on existing records become zero.",,,,,
2581,2026 MSSP claims - TIN total Inpatient paid PMPM,USD/member-month,Source category aggregate paid USD divided by treated member months for this cohort or all four cohorts for TIN total. Zero exposure gives unavailable PMPM.,,,,,
2582,2026 MSSP claims - TIN total Hospital outpatient paid USD,USD,"Aggregate category paid amount supplied in SAS. Seven categories sum to PAID_TOT. No annualization, trend or model truncation applied. Blank dollars on existing records become zero.",,,,,
2583,2026 MSSP claims - TIN total Hospital outpatient paid PMPM,USD/member-month,Source category aggregate paid USD divided by treated member months for this cohort or all four cohorts for TIN total. Zero exposure gives unavailable PMPM.,,,,,
2584,2026 MSSP claims - TIN total SNF paid USD,USD,"Aggregate category paid amount supplied in SAS. Seven categories sum to PAID_TOT. No annualization, trend or model truncation applied. Blank dollars on existing records become zero.",,,,,
2585,2026 MSSP claims - TIN total SNF paid PMPM,USD/member-month,Source category aggregate paid USD divided by treated member months for this cohort or all four cohorts for TIN total. Zero exposure gives unavailable PMPM.,,,,,
2586,2026 MSSP claims - TIN total HHA paid USD,USD,"Aggregate category paid amount supplied in SAS. Seven categories sum to PAID_TOT. No annualization, trend or model truncation applied. Blank dollars on existing records become zero.",,,,,
2587,2026 MSSP claims - TIN total HHA paid PMPM,USD/member-month,Source category aggregate paid USD divided by treated member months for this cohort or all four cohorts for TIN total. Zero exposure gives unavailable PMPM.,,,,,
2588,2026 MSSP claims - TIN total DME paid USD,USD,"Aggregate category paid amount supplied in SAS. Seven categories sum to PAID_TOT. No annualization, trend or model truncation applied. Blank dollars on existing records become zero.",,,,,
2589,2026 MSSP claims - TIN total DME paid PMPM,USD/member-month,Source category aggregate paid USD divided by treated member months for this cohort or all four cohorts for TIN total. Zero exposure gives unavailable PMPM.,,,,,
2590,2026 MSSP claims - TIN total Physician/carrier paid USD,USD,"Aggregate category paid amount supplied in SAS. Seven categories sum to PAID_TOT. No annualization, trend or model truncation applied. Blank dollars on existing records become zero.",,,,,
2591,2026 MSSP claims - TIN total Physician/carrier paid PMPM,USD/member-month,Source category aggregate paid USD divided by treated member months for this cohort or all four cohorts for TIN total. Zero exposure gives unavailable PMPM.,,,,,
2592,2026 MSSP claims - TIN total Hospice paid USD,USD,"Aggregate category paid amount supplied in SAS. Seven categories sum to PAID_TOT. No annualization, trend or model truncation applied. Blank dollars on existing records become zero.",,,,,
2593,2026 MSSP claims - TIN total Hospice paid PMPM,USD/member-month,Source category aggregate paid USD divided by treated member months for this cohort or all four cohorts for TIN total. Zero exposure gives unavailable PMPM.,,,,,
2594,2026 MSSP claims - TIN total source PAID_TOT USD,USD,Direct supplied aggregate paid amount (or sum of four cohorts). PAID_TOT reconciles to the seven category fields; PAID_RAW is a distinct supplied cost basis. No unsupported adjustment is inferred.,,,,,
2595,2026 MSSP claims - TIN total source PAID_TOT PMPM,USD/member-month,Supplied aggregate paid USD divided by treated cohort or TIN member months. Zero exposure gives unavailable PMPM.,,,,,
2596,2026 MSSP claims - TIN total source PAID_RAW USD,USD,Direct supplied aggregate paid amount (or sum of four cohorts). PAID_TOT reconciles to the seven category fields; PAID_RAW is a distinct supplied cost basis. No unsupported adjustment is inferred.,,,,,
2597,2026 MSSP claims - TIN total source PAID_RAW PMPM,USD/member-month,Supplied aggregate paid USD divided by treated cohort or TIN member months. Zero exposure gives unavailable PMPM.,,,,,
2598,2026 MSSP claims - TIN total categories less PAID_TOT USD,USD,Sum of seven supplied category dollar fields minus supplied PAID_TOT. Small residuals may reflect floating-point arithmetic.,,,,,
2599,2026 MSSP claims - ESRD source PAID_ANNUALIZED,USD/person-year,Preserved supplied annualized expenditure rate with blank dollars treated as zero. Do not substitute for PAID_TOT or force equality to PAID_RAW / treated exposure; source and suppression differences are preserved.,,,,,
2600,2026 MSSP claims - Disabled source PAID_ANNUALIZED,USD/person-year,Preserved supplied annualized expenditure rate with blank dollars treated as zero. Do not substitute for PAID_TOT or force equality to PAID_RAW / treated exposure; source and suppression differences are preserved.,,,,,
2601,2026 MSSP claims - Aged dual source PAID_ANNUALIZED,USD/person-year,Preserved supplied annualized expenditure rate with blank dollars treated as zero. Do not substitute for PAID_TOT or force equality to PAID_RAW / treated exposure; source and suppression differences are preserved.,,,,,
2602,2026 MSSP claims - Aged nondual source PAID_ANNUALIZED,USD/person-year,Preserved supplied annualized expenditure rate with blank dollars treated as zero. Do not substitute for PAID_TOT or force equality to PAID_RAW / treated exposure; source and suppression differences are preserved.,,,,,
2603,2026 MSSP claims - TIN total model truncated paid numerator USD,USD,"Sum of cohort PAID_TRUNC × treated member months / 12. This is the financial model cost basis, distinct from supplied PAID_TOT and category dollars.",,,,,
2604,2026 MSSP claims - TIN total model truncated expense PMPM,USD/member-month,Model truncated paid numerator divided by total treated member months.,,,,,
2605,2026 MSSP claims category availability,text,Source year availability and category cost basis. A missing source year is not converted to zero.,,,,,
